mc	mn	quarterbeats	quarterbeats_all_endings	duration_qb	mc_onset	mn_onset	event	timesig	staff	voice	duration	nominal_duration	scalar	chord_id	lyrics_1	tempo	qpm	metronome_base	metronome_number	tempo_visible	slur
1	1	0	0	0.0	0	0	Tempo	3/2	1	1	0					ùÖû=108	216.0	ùÖû	108.0	0.0	
1	1	0	0	2.0	0	0	Chord	3/2	2	1	1/2	1/2	1	0	Wohl						
1	1	2	2	2.0	1/2	1/2	Chord	3/2	2	1	1/2	1/2	1	1	dem,						
1	1	4	4	2.0	1	1	Chord	3/2	2	1	1/2	1/2	1	2	wohl						
1	1	0	0	4.0	0	0	Chord	3/2	3	1	1	1	1	3							
1	1	4	4	2.0	1	1	Chord	3/2	3	1	1/2	1/2	1	4	6						
2	2	6	6	2.0	0	0	Chord	3/2	2	1	1/2	1/2	1	5	dem,						
2	2	8	8	2.0	1/2	1/2	Chord	3/2	2	1	1/2	1/2	1	6	der						
2	2	10	10	2.0	1	1	Chord	3/2	2	1	1/2	1/2	1	7	nicht						
2	2	6	6	2.0	0	0	Chord	3/2	3	1	1/2	1/2	1	8							
2	2	8	8	4.0	1/2	1/2	Chord	3/2	3	1	1	1	1	9	5       6						
3	3	12	12	2.0	0	0	Chord	3/2	2	1	1/2	1/2	1	10	wan-						
3	3	14	14	2.0	1/2	1/2	Chord	3/2	2	1	1/2	1/2	1	11	delt						
3	3	16	16	2.0	1	1	Chord	3/2	2	1	1/2	1/2	1	12	im						
3	3	12	12	2.0	0	0	Chord	3/2	3	1	1/2	1/2	1	13							
3	3	14	14	4.0	1/2	1/2	Chord	3/2	3	1	1	1	1	14	5      6						
4	4	18	18	4.0	0	0	Chord	3/2	2	1	1	1	1	15	Rath						
4	4	22	22	2.0	1	1	Chord	3/2	2	1	1/2	1/2	1	16	der						
4	4	18	18	4.0	0	0	Chord	3/2	3	1	1	1	1	17							
4	4	22	22	2.0	1	1	Chord	3/2	3	1	1/2	1/2	1	18							
5	5	24	24	2.0	0	0	Chord	3/2	2	1	1/2	1/2	1	19	Gott-						
5	5	26	26	4.0	1/2	1/2	Chord	3/2	2	1	1	1	1	20	lo-						
5	5	24	24	2.0	0	0	Chord	3/2	3	1	1/2	1/2	1	21	6						
5	5	26	26	4.0	1/2	1/2	Chord	3/2	3	1	1	1	1	22							
6	6	30	30	2.0	0	0	Chord	3/2	1	1	1/2	1/2	1	23	Wohl						
6	6	32	32	2.0	1/2	1/2	Chord	3/2	1	1	1/2	1/2	1	24	dem,						
6	6	34	34	2.0	1	1	Chord	3/2	1	1	1/2	1/2	1	25	wohl						
6	6	30	30	6.0	0	0	Chord	3/2	2	1	3/2	1	3/2	26	sen,						
6	6	30	30	4.0	0	0	Chord	3/2	3	1	1	1	1	27							
6	6	34	34	2.0	1	1	Chord	3/2	3	1	1/2	1/2	1	28	6						
7	7	36	36	2.0	0	0	Chord	3/2	1	1	1/2	1/2	1	29	dem,						
7	7	38	38	2.0	1/2	1/2	Chord	3/2	1	1	1/2	1/2	1	30	der						
7	7	40	40	2.0	1	1	Chord	3/2	1	1	1/2	1/2	1	31	nicht						
7	7	36	36	2.0	0	0	Chord	3/2	3	1	1/2	1/2	1	32							
7	7	38	38	4.0	1/2	1/2	Chord	3/2	3	1	1	1	1	33	5        6						
8	8	42	42	2.0	0	0	Chord	3/2	1	1	1/2	1/2	1	34	wan-						
8	8	44	44	2.0	1/2	1/2	Chord	3/2	1	1	1/2	1/2	1	35	delt						
8	8	46	46	2.0	1	1	Chord	3/2	1	1	1/2	1/2	1	36	im						
8	8	42	42	2.0	0	0	Chord	3/2	3	1	1/2	1/2	1	37							
8	8	44	44	4.0	1/2	1/2	Chord	3/2	3	1	1	1	1	38	5      6						
9	9	48	48	4.0	0	0	Chord	3/2	1	1	1	1	1	39	Rath						
9	9	52	52	2.0	1	1	Chord	3/2	1	1	1/2	1/2	1	40	der						
9	9	48	48	4.0	0	0	Chord	3/2	3	1	1	1	1	41							
9	9	52	52	2.0	1	1	Chord	3/2	3	1	1/2	1/2	1	42							
10	10	54	54	2.0	0	0	Chord	3/2	1	1	1/2	1/2	1	43	Gott-						
10	10	56	56	4.0	1/2	1/2	Chord	3/2	1	1	1	1	1	44	lo-						
10	10	58	58	2.0	1	1	Chord	3/2	2	1	1/2	1/2	1	45	noch						
10	10	54	54	2.0	0	0	Chord	3/2	3	1	1/2	1/2	1	46	6						
10	10	56	56	4.0	1/2	1/2	Chord	3/2	3	1	1	1	1	47							
11	11	60	60	4.0	0	0	Chord	3/2	1	1	1	1	1	48	sen,						
11	11	60	60	2.0	0	0	Chord	3/2	2	1	1/2	1/2	1	49	tritt						
11	11	62	62	2.0	1/2	1/2	Chord	3/2	2	1	1/2	1/2	1	50	auf						
11	11	64	64	2.0	1	1	Chord	3/2	2	1	1/2	1/2	1	51	den						
11	11	60	60	4.0	0	0	Chord	3/2	3	1	1	1	1	52	4						
11	11	64	64	2.0	1	1	Chord	3/2	3	1	1/2	1/2	1	53							
12	12	70	70	2.0	1	1	Chord	3/2	1	1	1/2	1/2	1	54	noch						
12	12	66	66	1.0	0	0	Chord	3/2	2	1	1/4	1/4	1	55	Weg						0
12	12	67	67	1.0	1/4	1/4	Chord	3/2	2	1	1/4	1/4	1	56							0
12	12	68	68	1.0	1/2	1/2	Chord	3/2	2	1	1/4	1/4	1	57							0
12	12	69	69	1.0	3/4	3/4	Chord	3/2	2	1	1/4	1/4	1	58							0
12	12	70	70	2.0	1	1	Chord	3/2	2	1	1/2	1/2	1	59							
12	12	66	66	4.0	0	0	Chord	3/2	3	1	1	1	1	60							
12	12	70	70	2.0	1	1	Chord	3/2	3	1	1/2	1/2	1	61							
13	13	72	72	2.0	0	0	Chord	3/2	1	1	1/2	1/2	1	62	tritt						
13	13	74	74	2.0	1/2	1/2	Chord	3/2	1	1	1/2	1/2	1	63	auf						
13	13	76	76	2.0	1	1	Chord	3/2	1	1	1/2	1/2	1	64	den						
13	13	72	72	2.0	0	0	Chord	3/2	2	1	1/2	1/2	1	65	der						
13	13	74	74	4.0	1/2	1/2	Chord	3/2	2	1	1	1	1	66	S√ºn-						
13	13	72	72	2.0	0	0	Chord	3/2	3	1	1/2	1/2	1	67							
13	13	74	74	4.0	1/2	1/2	Chord	3/2	3	1	1	1	1	68	4						
14	14	78	78	1.0	0	0	Chord	3/2	1	1	1/4	1/4	1	69	Weg						1
14	14	79	79	1.0	1/4	1/4	Chord	3/2	1	1	1/4	1/4	1	70							1
14	14	80	80	1.0	1/2	1/2	Chord	3/2	1	1	1/4	1/4	1	71							1
14	14	81	81	1.0	3/4	3/4	Chord	3/2	1	1	1/4	1/4	1	72							1
14	14	82	82	2.0	1	1	Chord	3/2	1	1	1/2	1/2	1	73							
14	14	78	78	4.0	0	0	Chord	3/2	2	1	1	1	1	74	der,						
14	14	82	82	2.0	1	1	Chord	3/2	2	1	1/2	1/2	1	75	noch						
14	14	78	78	6.0	0	0	Chord	3/2	3	1	3/2	1	3/2	76							
15	15	84	84	2.0	0	0	Chord	3/2	1	1	1/2	1/2	1	77	der						
15	15	86	86	4.0	1/2	1/2	Chord	3/2	1	1	1	1	1	78	S√ºn-						
15	15	84	84	2.0	0	0	Chord	3/2	2	1	1/2	1/2	1	79	tritt						
15	15	86	86	2.0	1/2	1/2	Chord	3/2	2	1	1/2	1/2	1	80	auf						
15	15	88	88	2.0	1	1	Chord	3/2	2	1	1/2	1/2	1	81	den						
15	15	84	84	2.0	0	0	Chord	3/2	3	1	1/2	1/2	1	82							
15	15	86	86	4.0	1/2	1/2	Chord	3/2	3	1	1	1	1	83	4						
16	16	90	90	4.0	0	0	Chord	3/2	1	1	1	1	1	84	der,						
16	16	94	94	2.0	1	1	Chord	3/2	1	1	1/2	1/2	1	85	noch						
16	16	90	90	1.0	0	0	Chord	3/2	2	1	1/4	1/4	1	86	Weg						2
16	16	91	91	1.0	1/4	1/4	Chord	3/2	2	1	1/4	1/4	1	87							2
16	16	92	92	1.0	1/2	1/2	Chord	3/2	2	1	1/4	1/4	1	88							2
16	16	93	93	1.0	3/4	3/4	Chord	3/2	2	1	1/4	1/4	1	89							2
16	16	94	94	2.0	1	1	Chord	3/2	2	1	1/2	1/2	1	90							
16	16	90	90	4.0	0	0	Chord	3/2	3	1	1	1	1	91							
16	16	94	94	2.0	1	1	Chord	3/2	3	1	1/2	1/2	1	92							
17	17	96	96	2.0	0	0	Chord	3/2	1	1	1/2	1/2	1	93	tritt						
17	17	98	98	2.0	1/2	1/2	Chord	3/2	1	1	1/2	1/2	1	94	auf						
17	17	100	100	2.0	1	1	Chord	3/2	1	1	1/2	1/2	1	95	den						
17	17	96	96	2.0	0	0	Chord	3/2	2	1	1/2	1/2	1	96	der						
17	17	98	98	4.0	1/2	1/2	Chord	3/2	2	1	1	1	1	97	S√ºn-						
17	17	96	96	2.0	0	0	Chord	3/2	3	1	1/2	1/2	1	98							
17	17	98	98	4.0	1/2	1/2	Chord	3/2	3	1	1	1	1	99	4						
18	18	102	102	1.0	0	0	Chord	3/2	1	1	1/4	1/4	1	100	Weg						3
18	18	103	103	1.0	1/4	1/4	Chord	3/2	1	1	1/4	1/4	1	101							3
18	18	104	104	1.0	1/2	1/2	Chord	3/2	1	1	1/4	1/4	1	102							3
18	18	105	105	1.0	3/4	3/4	Chord	3/2	1	1	1/4	1/4	1	103							3
18	18	106	106	2.0	1	1	Chord	3/2	1	1	1/2	1/2	1	104							
18	18	102	102	4.0	0	0	Chord	3/2	2	1	1	1	1	105	der,						
18	18	102	102	4.0	0	0	Chord	3/2	3	1	1	1	1	106							
18	18	106	106	2.0	1	1	Chord	3/2	3	1	1/2	1/2	1	107							
19	19	108	108	2.0	0	0	Chord	3/2	1	1	1/2	1/2	1	108	der						
19	19	110	110	4.0	1/2	1/2	Chord	3/2	1	1	1	1	1	109	S√ºn-						
19	19	112	112	2.0	1	1	Chord	3/2	2	1	1/2	1/2	1	110	noch						
19	19	108	108	2.0	0	0	Chord	3/2	3	1	1/2	1/2	1	111							
19	19	110	110	4.0	1/2	1/2	Chord	3/2	3	1	1	1	1	112							
20	20	114	114	4.0	0	0	Chord	3/2	1	1	1	1	1	113	der,						
20	20	114	114	6.0	0	0	Chord	3/2	2	1	3/2	1	3/2	114	si-						
20	20	114	114	6.0	0	0	Chord	3/2	3	1	3/2	1	3/2	115							
21	21	124	124	2.0	1	1	Chord	3/2	1	1	1/2	1/2	1	116	noch						
21	21	120	120	6.0	0	0	Chord	3/2	2	1	3/2	1	3/2	117	tzet						
21	21	120	120	4.0	0	0	Chord	3/2	3	1	1	1	1	118							
21	21	124	124	2.0	1	1	Chord	3/2	3	1	1/2	1/2	1	119							
22	22	126	126	6.0	0	0	Chord	3/2	1	1	3/2	1	3/2	120	si-						
22	22	126	126	6.0	0	0	Chord	3/2	3	1	3/2	1	3/2	121							
23	23	132	132	4.0	0	0	Chord	3/2	1	1	1	1	1	122	tzet						
23	23	134	134	2.0	1/2	1/2	Chord	3/2	2	1	1/2	1/2	1	123	da						
23	23	136	136	2.0	1	1	Chord	3/2	2	1	1/2	1/2	1	124	die						
23	23	132	132	6.0	0	0	Chord	3/2	3	1	3/2	1	3/2	125							
24	24	140	140	2.0	1/2	1/2	Chord	3/2	1	1	1/2	1/2	1	126	da						
24	24	142	142	2.0	1	1	Chord	3/2	1	1	1/2	1/2	1	127	die						
24	24	138	138	1.0	0	0	Chord	3/2	2	1	1/4	1/4	1	128	Sp√∂t-						4
24	24	139	139	1.0	1/4	1/4	Chord	3/2	2	1	1/4	1/4	1	129							4
24	24	140	140	1.0	1/2	1/2	Chord	3/2	2	1	1/4	1/4	1	130							4
24	24	141	141	1.0	3/4	3/4	Chord	3/2	2	1	1/4	1/4	1	131							4
24	24	142	142	1.0	1	1	Chord	3/2	2	1	1/4	1/4	1	132							4
24	24	143	143	1.0	5/4	5/4	Chord	3/2	2	1	1/4	1/4	1	133							4
24	24	138	138	2.0	0	0	Chord	3/2	3	1	1/2	1/2	1	134							
24	24	140	140	3.0	1/2	1/2	Chord	3/2	3	1	3/4	1/2	3/2	135							
24	24	143	143	0.5	5/4	5/4	Chord	3/2	3	1	1/8	1/8	1	136							
24	24	287/2	287/2	0.5	11/8	11/8	Chord	3/2	3	1	1/8	1/8	1	137							
25	25	144	144	1.0	0	0	Chord	3/2	1	1	1/4	1/4	1	138	Sp√∂t-						5
25	25	145	145	1.0	1/4	1/4	Chord	3/2	1	1	1/4	1/4	1	139							5
25	25	146	146	1.0	1/2	1/2	Chord	3/2	1	1	1/4	1/4	1	140							5
25	25	147	147	1.0	3/4	3/4	Chord	3/2	1	1	1/4	1/4	1	141							5
25	25	148	148	1.0	1	1	Chord	3/2	1	1	1/4	1/4	1	142							5
25	25	149	149	1.0	5/4	5/4	Chord	3/2	1	1	1/4	1/4	1	143							5
25	25	144	144	1.0	0	0	Chord	3/2	2	1	1/4	1/4	1	144							4
25	25	145	145	1.0	1/4	1/4	Chord	3/2	2	1	1/4	1/4	1	145							4
25	25	146	146	1.0	1/2	1/2	Chord	3/2	2	1	1/4	1/4	1	146							4
25	25	147	147	1.0	3/4	3/4	Chord	3/2	2	1	1/4	1/4	1	147							4
25	25	148	148	1.0	1	1	Chord	3/2	2	1	1/4	1/4	1	148							4
25	25	149	149	1.0	5/4	5/4	Chord	3/2	2	1	1/4	1/4	1	149							4
25	25	144	144	6.0	0	0	Chord	3/2	3	1	3/2	1	3/2	150							
26	26	150	150	1.0	0	0	Chord	3/2	1	1	1/4	1/4	1	151							5
26	26	151	151	1.0	1/4	1/4	Chord	3/2	1	1	1/4	1/4	1	152							5
26	26	152	152	1.0	1/2	1/2	Chord	3/2	1	1	1/4	1/4	1	153							5
26	26	153	153	1.0	3/4	3/4	Chord	3/2	1	1	1/4	1/4	1	154							5
26	26	154	154	1.0	1	1	Chord	3/2	1	1	1/4	1/4	1	155							5
26	26	155	155	1.0	5/4	5/4	Chord	3/2	1	1	1/4	1/4	1	156							5
26	26	150	150	1.0	0	0	Chord	3/2	2	1	1/4	1/4	1	157							4
26	26	151	151	1.0	1/4	1/4	Chord	3/2	2	1	1/4	1/4	1	158							4
26	26	152	152	1.0	1/2	1/2	Chord	3/2	2	1	1/4	1/4	1	159							4
26	26	153	153	1.0	3/4	3/4	Chord	3/2	2	1	1/4	1/4	1	160							4
26	26	154	154	1.0	1	1	Chord	3/2	2	1	1/4	1/4	1	161							4
26	26	155	155	1.0	5/4	5/4	Chord	3/2	2	1	1/4	1/4	1	162							4
26	26	150	150	2.0	0	0	Chord	3/2	3	1	1/2	1/2	1	163							
26	26	152	152	3.0	1/2	1/2	Chord	3/2	3	1	3/4	1/2	3/2	164							
26	26	155	155	0.5	5/4	5/4	Chord	3/2	3	1	1/8	1/8	1	165							
26	26	311/2	311/2	0.5	11/8	11/8	Chord	3/2	3	1	1/8	1/8	1	166							
27	27	156	156	3.0	0	0	Chord	3/2	1	1	3/4	1/2	3/2	167							5
27	27	159	159	0.5	3/4	3/4	Chord	3/2	1	1	1/8	1/8	1	168							5
27	27	319/2	319/2	0.5	7/8	7/8	Chord	3/2	1	1	1/8	1/8	1	169							5
27	27	160	160	2.0	1	1	Chord	3/2	1	1	1/2	1/2	1	170							
27	27	156	156	3.0	0	0	Chord	3/2	2	1	3/4	1/2	3/2	171							4
27	27	159	159	0.5	3/4	3/4	Chord	3/2	2	1	1/8	1/8	1	172							4
27	27	319/2	319/2	0.5	7/8	7/8	Chord	3/2	2	1	1/8	1/8	1	173							4
27	27	160	160	2.0	1	1	Chord	3/2	2	1	1/2	1/2	1	174	`						
27	27	156	156	3.0	0	0	Chord	3/2	3	1	3/4	1/2	3/2	175							
27	27	159	159	1.0	3/4	3/4	Chord	3/2	3	1	1/4	1/4	1	176							
27	27	160	160	2.0	1	1	Chord	3/2	3	1	1/2	1/2	1	177							
28	28	162	162	2.0	0	0	Chord	3/2	1	1	1/2	1/2	1	178	ter						
28	28	164	164	4.0	1/2	1/2	Chord	3/2	1	1	1	1	1	179	si-						
28	28	162	162	2.0	0	0	Chord	3/2	2	1	1/2	1/2	1	180	ter						
28	28	164	164	4.0	1/2	1/2	Chord	3/2	2	1	1	1	1	181	si-						
28	28	162	162	2.0	0	0	Chord	3/2	3	1	1/2	1/2	1	182							
28	28	164	164	4.0	1/2	1/2	Chord	3/2	3	1	1	1	1	183							
29	29	168	168	4.0	0	0	Chord	3/2	1	1	1	1	1	184	tzen,						
29	29	168	168	4.0	0	0	Chord	3/2	2	1	1	1	1	185	tzen,						
29	29	168	168	4.0	0	0	Chord	3/2	3	1	1	1	1	186							
30	30	174	174	2.0	0	0	Chord	3/2	1	1	1/2	1/2	1	187	son-						
30	30	176	176	2.0	1/2	1/2	Chord	3/2	1	1	1/2	1/2	1	188	dern						
30	30	178	178	2.0	1	1	Chord	3/2	1	1	1/2	1/2	1	189	hat						
30	30	174	174	6.0	0	0	Chord	3/2	3	1	3/2	1	3/2	190							
31	31	180	180	2.0	0	0	Chord	3/2	1	1	1/2	1/2	1	191	Lust						
31	31	182	182	2.0	1/2	1/2	Chord	3/2	1	1	1/2	1/2	1	192	zum						
31	31	184	184	2.0	1	1	Chord	3/2	1	1	1/2	1/2	1	193	Ge-						
31	31	180	180	6.0	0	0	Chord	3/2	3	1	3/2	1	3/2	194							
32	32	186	186	2.0	0	0	Chord	3/2	1	1	1/2	1/2	1	195	se-						
32	32	188	188	2.0	1/2	1/2	Chord	3/2	1	1	1/2	1/2	1	196	tze						
32	32	190	190	2.0	1	1	Chord	3/2	1	1	1/2	1/2	1	197	des						
32	32	186	186	6.0	0	0	Chord	3/2	3	1	3/2	1	3/2	198							
33	33	192	192	6.0	0	0	Chord	3/2	1	1	3/2	1	3/2	199	Herrn,						
33	33	192	192	6.0	0	0	Chord	3/2	3	1	3/2	1	3/2	200							
34	34	198	198	2.0	0	0	Chord	3/2	2	1	1/2	1/2	1	201	son-						
34	34	200	200	2.0	1/2	1/2	Chord	3/2	2	1	1/2	1/2	1	202	dern						
34	34	202	202	2.0	1	1	Chord	3/2	2	1	1/2	1/2	1	203	hat						
34	34	198	198	6.0	0	0	Chord	3/2	3	1	3/2	1	3/2	204							
35	35	204	204	2.0	0	0	Chord	3/2	2	1	1/2	1/2	1	205	Lust						
35	35	206	206	2.0	1/2	1/2	Chord	3/2	2	1	1/2	1/2	1	206	zum						
35	35	208	208	2.0	1	1	Chord	3/2	2	1	1/2	1/2	1	207	Ge-						
35	35	204	204	6.0	0	0	Chord	3/2	3	1	3/2	1	3/2	208							
36	36	210	210	2.0	0	0	Chord	3/2	2	1	1/2	1/2	1	209	se-						
36	36	212	212	2.0	1/2	1/2	Chord	3/2	2	1	1/2	1/2	1	210	tze						
36	36	214	214	2.0	1	1	Chord	3/2	2	1	1/2	1/2	1	211	des						
36	36	210	210	6.0	0	0	Chord	3/2	3	1	3/2	1	3/2	212							
37	37	216	216	4.0	0	0	Chord	3/2	2	1	1	1	1	213	Herrn,						
37	37	220	220	2.0	1	1	Chord	3/2	2	1	1/2	1/2	1	214	und						
37	37	216	216	4.0	0	0	Chord	3/2	3	1	1	1	1	215							
37	37	220	220	2.0	1	1	Chord	3/2	3	1	1/2	1/2	1	216							
38	38	222	222	2.0	0	0	Chord	3/2	1	1	1/2	1/2	1	217	son-						
38	38	224	224	2.0	1/2	1/2	Chord	3/2	1	1	1/2	1/2	1	218	dern						
38	38	226	226	2.0	1	1	Chord	3/2	1	1	1/2	1/2	1	219	hat						
38	38	222	222	2.0	0	0	Chord	3/2	2	1	1/2	1/2	1	220	re-						
38	38	224	224	2.0	1/2	1/2	Chord	3/2	2	1	1/2	1/2	1	221	det						
38	38	226	226	2.0	1	1	Chord	3/2	2	1	1/2	1/2	1	222	von						
38	38	222	222	6.0	0	0	Chord	3/2	3	1	3/2	1	3/2	223							
39	39	228	228	2.0	0	0	Chord	3/2	1	1	1/2	1/2	1	224	Lust						
39	39	230	230	2.0	1/2	1/2	Chord	3/2	1	1	1/2	1/2	1	225	zum						
39	39	232	232	2.0	1	1	Chord	3/2	1	1	1/2	1/2	1	226	Ge-						
39	39	228	228	2.0	0	0	Chord	3/2	2	1	1/2	1/2	1	227	sei-						
39	39	230	230	2.0	1/2	1/2	Chord	3/2	2	1	1/2	1/2	1	228	nem						
39	39	232	232	2.0	1	1	Chord	3/2	2	1	1/2	1/2	1	229	Ge-						
39	39	228	228	6.0	0	0	Chord	3/2	3	1	3/2	1	3/2	230							
40	40	234	234	2.0	0	0	Chord	3/2	1	1	1/2	1/2	1	231	se-						
40	40	236	236	2.0	1/2	1/2	Chord	3/2	1	1	1/2	1/2	1	232	tze						
40	40	238	238	2.0	1	1	Chord	3/2	1	1	1/2	1/2	1	233	des						
40	40	234	234	4.0	0	0	Chord	3/2	2	1	1	1	1	234	se-						
40	40	238	238	2.0	1	1	Chord	3/2	2	1	1/2	1/2	1	235	tze						
40	40	234	234	4.0	0	0	Chord	3/2	3	1	1	1	1	236	6						
40	40	238	238	2.0	1	1	Chord	3/2	3	1	1/2	1/2	1	237							
41	41	240	240	4.0	0	0	Chord	3/2	1	1	1	1	1	238	Herrn,						
41	41	244	244	2.0	1	1	Chord	3/2	1	1	1/2	1/2	1	239	und						
41	41	240	240	2.0	0	0	Chord	3/2	2	1	1/2	1/2	1	240	Tag						
41	41	242	242	4.0	1/2	1/2	Chord	3/2	2	1	1	1	1	241	und						
41	41	240	240	2.0	0	0	Chord	3/2	3	1	1/2	1/2	1	242							
41	41	242	242	4.0	1/2	1/2	Chord	3/2	3	1	1	1	1	243							
42	42	246	246	2.0	0	0	Chord	3/2	1	1	1/2	1/2	1	244	re-						
42	42	248	248	2.0	1/2	1/2	Chord	3/2	1	1	1/2	1/2	1	245	det						
42	42	250	250	2.0	1	1	Chord	3/2	1	1	1/2	1/2	1	246	von						
42	42	246	246	6.0	0	0	Chord	3/2	2	1	3/2	1	3/2	247	Nacht,						
42	42	246	246	6.0	0	0	Chord	3/2	3	1	3/2	1	3/2	248							
43	43	252	252	2.0	0	0	Chord	3/2	1	1	1/2	1/2	1	249	sei-						
43	43	254	254	2.0	1/2	1/2	Chord	3/2	1	1	1/2	1/2	1	250	nem						
43	43	256	256	2.0	1	1	Chord	3/2	1	1	1/2	1/2	1	251	Ge-						
43	43	252	252	6.0	0	0	Chord	3/2	3	1	3/2	1	3/2	252							
44	44	258	258	4.0	0	0	Chord	3/2	1	1	1	1	1	253	se-						
44	44	262	262	2.0	1	1	Chord	3/2	1	1	1/2	1/2	1	254	tze						
44	44	258	258	4.0	0	0	Chord	3/2	3	1	1	1	1	255							
44	44	262	262	2.0	1	1	Chord	3/2	3	1	1/2	1/2	1	256							
45	45	264	264	2.0	0	0	Chord	3/2	1	1	1/2	1/2	1	257	Tag						
45	45	266	266	4.0	1/2	1/2	Chord	3/2	1	1	1	1	1	258	und						
45	45	268	268	2.0	1	1	Chord	3/2	2	1	1/2	1/2	1	259	und						
45	45	264	264	2.0	0	0	Chord	3/2	3	1	1/2	1/2	1	260							
45	45	266	266	4.0	1/2	1/2	Chord	3/2	3	1	1	1	1	261							
46	46	270	270	4.0	0	0	Chord	3/2	1	1	1	1	1	262	Nacht,						
46	46	270	270	2.0	0	0	Chord	3/2	2	1	1/2	1/2	1	263	re-						
46	46	272	272	2.0	1/2	1/2	Chord	3/2	2	1	1/2	1/2	1	264	det						
46	46	274	274	2.0	1	1	Chord	3/2	2	1	1/2	1/2	1	265	von						
46	46	270	270	6.0	0	0	Chord	3/2	3	1	3/2	1	3/2	266							
47	47	280	280	2.0	1	1	Chord	3/2	1	1	1/2	1/2	1	267	und						
47	47	276	276	2.0	0	0	Chord	3/2	2	1	1/2	1/2	1	268	sei-						
47	47	278	278	2.0	1/2	1/2	Chord	3/2	2	1	1/2	1/2	1	269	nem						
47	47	280	280	2.0	1	1	Chord	3/2	2	1	1/2	1/2	1	270	Ge-						
47	47	276	276	6.0	0	0	Chord	3/2	3	1	3/2	1	3/2	271							
48	48	282	282	2.0	0	0	Chord	3/2	1	1	1/2	1/2	1	272	re-						
48	48	284	284	2.0	1/2	1/2	Chord	3/2	1	1	1/2	1/2	1	273	det						
48	48	286	286	2.0	1	1	Chord	3/2	1	1	1/2	1/2	1	274	von						
48	48	282	282	4.0	0	0	Chord	3/2	2	1	1	1	1	275	setz,						
48	48	282	282	6.0	0	0	Chord	3/2	3	1	3/2	1	3/2	276							
49	49	288	288	2.0	0	0	Chord	3/2	1	1	1/2	1/2	1	277	sei-						
49	49	290	290	2.0	1/2	1/2	Chord	3/2	1	1	1/2	1/2	1	278	nem						
49	49	292	292	2.0	1	1	Chord	3/2	1	1	1/2	1/2	1	279	Ge-						
49	49	292	292	2.0	1	1	Chord	3/2	2	1	1/2	1/2	1	280	und						
49	49	288	288	6.0	0	0	Chord	3/2	3	1	3/2	1	3/2	281							
50	50	294	294	4.0	0	0	Chord	3/2	1	1	1	1	1	282	setz,						
50	50	294	294	2.0	0	0	Chord	3/2	2	1	1/2	1/2	1	283	re-						
50	50	296	296	2.0	1/2	1/2	Chord	3/2	2	1	1/2	1/2	1	284	det						
50	50	298	298	2.0	1	1	Chord	3/2	2	1	1/2	1/2	1	285	von						
50	50	294	294	6.0	0	0	Chord	3/2	3	1	3/2	1	3/2	286							
51	51	304	304	2.0	1	1	Chord	3/2	1	1	1/2	1/2	1	287	und						
51	51	300	300	2.0	0	0	Chord	3/2	2	1	1/2	1/2	1	288	sei-						
51	51	302	302	2.0	1/2	1/2	Chord	3/2	2	1	1/2	1/2	1	289	nem						
51	51	304	304	2.0	1	1	Chord	3/2	2	1	1/2	1/2	1	290	Ge-						
51	51	300	300	6.0	0	0	Chord	3/2	3	1	3/2	1	3/2	291							
52	52	306	306	2.0	0	0	Chord	3/2	1	1	1/2	1/2	1	292	re-						
52	52	308	308	2.0	1/2	1/2	Chord	3/2	1	1	1/2	1/2	1	293	det						
52	52	310	310	2.0	1	1	Chord	3/2	1	1	1/2	1/2	1	294	von						
52	52	306	306	4.0	0	0	Chord	3/2	2	1	1	1	1	295	setz,						
52	52	310	310	2.0	1	1	Chord	3/2	2	1	1/2	1/2	1	296	von						
52	52	306	306	6.0	0	0	Chord	3/2	3	1	3/2	1	3/2	297							
53	53	312	312	2.0	0	0	Chord	3/2	1	1	1/2	1/2	1	298	sei-						
53	53	314	314	2.0	1/2	1/2	Chord	3/2	1	1	1/2	1/2	1	299	nem						
53	53	316	316	2.0	1	1	Chord	3/2	1	1	1/2	1/2	1	300	Ge-						
53	53	312	312	2.0	0	0	Chord	3/2	2	1	1/2	1/2	1	301	sei-						
53	53	314	314	2.0	1/2	1/2	Chord	3/2	2	1	1/2	1/2	1	302	nem						
53	53	316	316	2.0	1	1	Chord	3/2	2	1	1/2	1/2	1	303	Ge-						
53	53	312	312	6.0	0	0	Chord	3/2	3	1	3/2	1	3/2	304							
54	54	318	318	4.0	0	0	Chord	3/2	1	1	1	1	1	305	se-						
54	54	322	322	2.0	1	1	Chord	3/2	1	1	1/2	1/2	1	306	tze						
54	54	318	318	4.0	0	0	Chord	3/2	2	1	1	1	1	307	se-						
54	54	322	322	2.0	1	1	Chord	3/2	2	1	1/2	1/2	1	308	tze						
54	54	318	318	4.0	0	0	Chord	3/2	3	1	1	1	1	309							
54	54	322	322	2.0	1	1	Chord	3/2	3	1	1/2	1/2	1	310							
55	55	324	324	2.0	0	0	Chord	3/2	1	1	1/2	1/2	1	311	Tag						
55	55	326	326	4.0	1/2	1/2	Chord	3/2	1	1	1	1	1	312	und						
55	55	324	324	2.0	0	0	Chord	3/2	2	1	1/2	1/2	1	313	Tag						
55	55	326	326	4.0	1/2	1/2	Chord	3/2	2	1	1	1	1	314	und						
55	55	324	324	2.0	0	0	Chord	3/2	3	1	1/2	1/2	1	315							
55	55	326	326	4.0	1/2	1/2	Chord	3/2	3	1	1	1	1	316							
56	56	330	330	6.0	0	0	Chord	3/2	1	1	3/2	1	3/2	317	Nacht.						
56	56	330	330	6.0	0	0	Chord	3/2	2	1	3/2	1	3/2	318	Nacht.						
56	56	330	330	6.0	0	0	Chord	3/2	3	1	3/2	1	3/2	319							
57	57	338	338	2.0	1/2	1/2	Chord	2/2	1	1	1/2	1/2	1	320	Der						
57	57	338	338	2.0	1/2	1/2	Chord	2/2	2	1	1/2	1/2	1	321	Der						
57	57	338	338	2.0	1/2	1/2	Chord	2/2	3	1	1/2	1/2	1	322							
58	58	340	340	4.0	0	0	Chord	2/2	1	1	1	1	1	323	ist						
58	58	340	340	4.0	0	0	Chord	2/2	2	1	1	1	1	324	ist						
58	58	340	340	4.0	0	0	Chord	2/2	3	1	1	1	1	325							
59	59	345	345	2.0	1/4	1/4	Chord	2/2	1	1	1/2	1/2	1	326	wie						
59	59	347	347	1.0	3/4	3/4	Chord	2/2	1	1	1/4	1/4	1	327	ein						
59	59	345	345	2.0	1/4	1/4	Chord	2/2	2	1	1/2	1/2	1	328	wie						
59	59	347	347	1.0	3/4	3/4	Chord	2/2	2	1	1/4	1/4	1	329	ein						
59	59	345	345	2.0	1/4	1/4	Chord	2/2	3	1	1/2	1/2	1	330							
59	59	347	347	1.0	3/4	3/4	Chord	2/2	3	1	1/4	1/4	1	331							
60	60	348	348	0.5	0	0	Chord	2/2	1	1	1/8	1/8	1	332	Baum						6
60	60	697/2	697/2	0.5	1/8	1/8	Chord	2/2	1	1	1/8	1/8	1	333							6
60	60	349	349	0.5	1/4	1/4	Chord	2/2	1	1	1/8	1/8	1	334							6
60	60	699/2	699/2	0.5	3/8	3/8	Chord	2/2	1	1	1/8	1/8	1	335							6
60	60	350	350	0.5	1/2	1/2	Chord	2/2	1	1	1/8	1/8	1	336							6
60	60	701/2	701/2	0.5	5/8	5/8	Chord	2/2	1	1	1/8	1/8	1	337							6
60	60	351	351	0.5	3/4	3/4	Chord	2/2	1	1	1/8	1/8	1	338							6
60	60	703/2	703/2	0.5	7/8	7/8	Chord	2/2	1	1	1/8	1/8	1	339							6
60	60	348	348	0.5	0	0	Chord	2/2	2	1	1/8	1/8	1	340	Baum						7
60	60	697/2	697/2	0.5	1/8	1/8	Chord	2/2	2	1	1/8	1/8	1	341							7
60	60	349	349	0.5	1/4	1/4	Chord	2/2	2	1	1/8	1/8	1	342							7
60	60	699/2	699/2	0.5	3/8	3/8	Chord	2/2	2	1	1/8	1/8	1	343							7
60	60	350	350	0.5	1/2	1/2	Chord	2/2	2	1	1/8	1/8	1	344							7
60	60	701/2	701/2	0.5	5/8	5/8	Chord	2/2	2	1	1/8	1/8	1	345							7
60	60	351	351	0.5	3/4	3/4	Chord	2/2	2	1	1/8	1/8	1	346							7
60	60	703/2	703/2	0.25	7/8	7/8	Chord	2/2	2	1	1/16	1/16	1	347							7
60	60	1407/4	1407/4	0.25	15/16	15/16	Chord	2/2	2	1	1/16	1/16	1	348							7
60	60	348	348	2.0	0	0	Chord	2/2	3	1	1/2	1/2	1	349							
60	60	350	350	1.0	1/2	1/2	Chord	2/2	3	1	1/4	1/4	1	350	6						
60	60	351	351	1.0	3/4	3/4	Chord	2/2	3	1	1/4	1/4	1	351							
61	61	352	352	1.0	0	0	Chord	2/2	1	1	1/4	1/4	1	352							
61	61	353	353	1.0	1/4	1/4	Chord	2/2	1	1	1/4	1/4	1	353	ge-						
61	61	354	354	2.0	1/2	1/2	Chord	2/2	1	1	1/2	1/2	1	354	pflan-						
61	61	352	352	1.0	0	0	Chord	2/2	2	1	1/4	1/4	1	355							
61	61	353	353	1.0	1/4	1/4	Chord	2/2	2	1	1/4	1/4	1	356	ge-						
61	61	354	354	2.0	1/2	1/2	Chord	2/2	2	1	1/2	1/2	1	357	pflan-						
61	61	352	352	1.0	0	0	Chord	2/2	3	1	1/4	1/4	1	358							
61	61	353	353	1.0	1/4	1/4	Chord	2/2	3	1	1/4	1/4	1	359							
61	61	354	354	2.0	1/2	1/2	Chord	2/2	3	1	1/2	1/2	1	360							
62	62	356	356	2.0	0	0	Chord	2/2	1	1	1/2	1/2	1	361	zet						
62	62	358	358	1.0	1/2	1/2	Chord	2/2	1	1	1/4	1/4	1	362	an						
62	62	359	359	1.0	3/4	3/4	Chord	2/2	1	1	1/4	1/4	1	363	den						
62	62	356	356	2.0	0	0	Chord	2/2	2	1	1/2	1/2	1	364	zet						
62	62	358	358	1.0	1/2	1/2	Chord	2/2	2	1	1/4	1/4	1	365	an						
62	62	359	359	1.0	3/4	3/4	Chord	2/2	2	1	1/4	1/4	1	366	den						
62	62	356	356	2.0	0	0	Chord	2/2	3	1	1/2	1/2	1	367							
62	62	358	358	1.0	1/2	1/2	Chord	2/2	3	1	1/4	1/4	1	368							
62	62	359	359	1.0	3/4	3/4	Chord	2/2	3	1	1/4	1/4	1	369							
63	63	360	360	0.5	0	0	Chord	2/2	1	1	1/8	1/8	1	370	Was-						8
63	63	721/2	721/2	0.5	1/8	1/8	Chord	2/2	1	1	1/8	1/8	1	371							8
63	63	361	361	0.5	1/4	1/4	Chord	2/2	1	1	1/8	1/8	1	372							8
63	63	723/2	723/2	0.5	3/8	3/8	Chord	2/2	1	1	1/8	1/8	1	373							8
63	63	362	362	0.5	1/2	1/2	Chord	2/2	1	1	1/8	1/8	1	374							8
63	63	725/2	725/2	0.5	5/8	5/8	Chord	2/2	1	1	1/8	1/8	1	375							8
63	63	363	363	0.5	3/4	3/4	Chord	2/2	1	1	1/8	1/8	1	376							8
63	63	727/2	727/2	0.5	7/8	7/8	Chord	2/2	1	1	1/8	1/8	1	377							8
63	63	360	360	0.5	0	0	Chord	2/2	2	1	1/8	1/8	1	378	Was-						9
63	63	721/2	721/2	0.5	1/8	1/8	Chord	2/2	2	1	1/8	1/8	1	379							9
63	63	361	361	0.5	1/4	1/4	Chord	2/2	2	1	1/8	1/8	1	380							9
63	63	723/2	723/2	0.5	3/8	3/8	Chord	2/2	2	1	1/8	1/8	1	381							9
63	63	362	362	0.5	1/2	1/2	Chord	2/2	2	1	1/8	1/8	1	382							9
63	63	725/2	725/2	0.5	5/8	5/8	Chord	2/2	2	1	1/8	1/8	1	383							9
63	63	363	363	0.5	3/4	3/4	Chord	2/2	2	1	1/8	1/8	1	384							9
63	63	727/2	727/2	0.5	7/8	7/8	Chord	2/2	2	1	1/8	1/8	1	385							9
63	63	360	360	2.0	0	0	Chord	2/2	3	1	1/2	1/2	1	386							
63	63	362	362	2.0	1/2	1/2	Chord	2/2	3	1	1/2	1/2	1	387							
64	64	364	364	0.5	0	0	Chord	2/2	1	1	1/8	1/8	1	388							8
64	64	729/2	729/2	0.5	1/8	1/8	Chord	2/2	1	1	1/8	1/8	1	389							
64	64	365	365	0.5	1/4	1/4	Chord	2/2	1	1	1/8	1/8	1	390	ser-						10
64	64	731/2	731/2	0.5	3/8	3/8	Chord	2/2	1	1	1/8	1/8	1	391							
64	64	366	366	2.0	1/2	1/2	Chord	2/2	1	1	1/2	1/2	1	392	b√§-						
64	64	364	364	1.0	0	0	Chord	2/2	2	1	1/4	1/4	1	393							
64	64	365	365	2.0	1/4	1/4	Chord	2/2	2	1	1/2	1/2	1	394	ser-						
64	64	367	367	1.0	3/4	3/4	Chord	2/2	2	1	1/4	1/4	1	395	b√§-						
64	64	364	364	1.0	0	0	Chord	2/2	3	1	1/4	1/4	1	396							
64	64	365	365	1.0	1/4	1/4	Chord	2/2	3	1	1/4	1/4	1	397							
64	64	366	366	2.0	1/2	1/2	Chord	2/2	3	1	1/2	1/2	1	398	4						
65	65	368	368	2.0	0	0	Chord	2/2	1	1	1/2	1/2	1	399	chen,						
65	65	371	371	1.0	3/4	3/4	Chord	2/2	1	1	1/4	1/4	1	400	der						
65	65	368	368	4.0	0	0	Chord	2/2	2	1	1	1	1	401	chen,						
65	65	368	368	4.0	0	0	Chord	2/2	3	1	1	1	1	402							
66	66	372	372	1.0	0	0	Chord	2/2	1	1	1/4	1/4	1	403	sei-						
66	66	373	373	0.5	1/4	1/4	Chord	2/2	1	1	1/8	1/8	1	404	ne						
66	66	747/2	747/2	0.5	3/8	3/8	Chord	2/2	1	1	1/8	1/8	1	405	Frucht						
66	66	374	374	1.0	1/2	1/2	Chord	2/2	1	1	1/4	1/4	1	406	brin-						
66	66	375	375	0.5	3/4	3/4	Chord	2/2	1	1	1/8	1/8	1	407	get						
66	66	751/2	751/2	0.5	7/8	7/8	Chord	2/2	1	1	1/8	1/8	1	408	zu						
66	66	372	372	2.0	0	0	Chord	2/2	3	1	1/2	1/2	1	409							
66	66	374	374	2.0	1/2	1/2	Chord	2/2	3	1	1/2	1/2	1	410							
67	67	376	376	1.5	0	0	Chord	2/2	1	1	3/8	1/4	3/2	411	sei-						
67	67	755/2	755/2	0.5	3/8	3/8	Chord	2/2	1	1	1/8	1/8	1	412	ner						
67	67	378	378	2.0	1/2	1/2	Chord	2/2	1	1	1/2	1/2	1	413	Zeit,						
67	67	379	379	1.0	3/4	3/4	Chord	2/2	2	1	1/4	1/4	1	414	der						
67	67	376	376	2.0	0	0	Chord	2/2	3	1	1/2	1/2	1	415							
67	67	378	378	2.0	1/2	1/2	Chord	2/2	3	1	1/2	1/2	1	416							
68	68	383	383	1.0	3/4	3/4	Chord	2/2	1	1	1/4	1/4	1	417	der						
68	68	380	380	1.0	0	0	Chord	2/2	2	1	1/4	1/4	1	418	sei-						
68	68	381	381	0.5	1/4	1/4	Chord	2/2	2	1	1/8	1/8	1	419	ne						
68	68	763/2	763/2	0.5	3/8	3/8	Chord	2/2	2	1	1/8	1/8	1	420	Frucht						
68	68	382	382	1.0	1/2	1/2	Chord	2/2	2	1	1/4	1/4	1	421	brin-						
68	68	383	383	0.5	3/4	3/4	Chord	2/2	2	1	1/8	1/8	1	422	get						
68	68	767/2	767/2	0.5	7/8	7/8	Chord	2/2	2	1	1/8	1/8	1	423	zu						
68	68	380	380	2.0	0	0	Chord	2/2	3	1	1/2	1/2	1	424							
68	68	382	382	2.0	1/2	1/2	Chord	2/2	3	1	1/2	1/2	1	425							
69	69	384	384	1.0	0	0	Chord	2/2	1	1	1/4	1/4	1	426	sei-						
69	69	385	385	0.5	1/4	1/4	Chord	2/2	1	1	1/8	1/8	1	427	ne						
69	69	771/2	771/2	0.5	3/8	3/8	Chord	2/2	1	1	1/8	1/8	1	428	Frucht						
69	69	386	386	2.0	1/2	1/2	Chord	2/2	1	1	1/2	1/2	1	429	brin-						
69	69	384	384	1.5	0	0	Chord	2/2	2	1	3/8	1/4	3/2	430	sei-						
69	69	771/2	771/2	0.5	3/8	3/8	Chord	2/2	2	1	1/8	1/8	1	431	ner						
69	69	386	386	0.5	1/2	1/2	Chord	2/2	2	1	1/8	1/8	1	432	Zeit,						
69	69	773/2	773/2	0.5	5/8	5/8	Chord	2/2	2	1	1/8	1/8	1	433	zu						
69	69	387	387	0.5	3/4	3/4	Chord	2/2	2	1	1/8	1/8	1	434	sei-						11
69	69	775/2	775/2	0.5	7/8	7/8	Chord	2/2	2	1	1/8	1/8	1	435							11
69	69	384	384	1.0	0	0	Chord	2/2	3	1	1/4	1/4	1	436							
69	69	385	385	1.0	1/4	1/4	Chord	2/2	3	1	1/4	1/4	1	437							
69	69	386	386	2.0	1/2	1/2	Chord	2/2	3	1	1/2	1/2	1	438							
70	70	388	388	1.0	0	0	Chord	2/2	1	1	1/4	1/4	1	439							
70	70	389	389	0.5	1/4	1/4	Chord	2/2	1	1	1/8	1/8	1	440	get						
70	70	779/2	779/2	0.5	3/8	3/8	Chord	2/2	1	1	1/8	1/8	1	441	zu						
70	70	390	390	1.5	1/2	1/2	Chord	2/2	1	1	3/8	1/4	3/2	442	sei-						
70	70	783/2	783/2	0.5	7/8	7/8	Chord	2/2	1	1	1/8	1/8	1	443	ner						
70	70	388	388	1.0	0	0	Chord	2/2	2	1	1/4	1/4	1	444							11
70	70	389	389	2.0	1/4	1/4	Chord	2/2	2	1	1/2	1/2	1	445							
70	70	391	391	1.0	3/4	3/4	Chord	2/2	2	1	1/4	1/4	1	446	ner						
70	70	388	388	4.0	0	0	Chord	2/2	3	1	1	1	1	447	3      4              3						
71	71	392	392	4.0	0	0	Chord	2/2	1	1	1	1	1	448	Zeit,						
71	71	392	392	2.0	0	0	Chord	2/2	2	1	1/2	1/2	1	449	Zeit,						
71	71	789/2	789/2	0.5	5/8	5/8	Chord	2/2	2	1	1/8	1/8	1	450	und						
71	71	395	395	0.5	3/4	3/4	Chord	2/2	2	1	1/8	1/8	1	451	sei-						
71	71	791/2	791/2	0.5	7/8	7/8	Chord	2/2	2	1	1/8	1/8	1	452	ne						
71	71	392	392	2.0	0	0	Chord	2/2	3	1	1/2	1/2	1	453							
71	71	394	394	2.0	1/2	1/2	Chord	2/2	3	1	1/2	1/2	1	454							
72	72	396	396	0.5	0	0	Chord	2/2	2	1	1/8	1/8	1	455	Bl√§t-						12
72	72	793/2	793/2	0.5	1/8	1/8	Chord	2/2	2	1	1/8	1/8	1	456							12
72	72	397	397	0.5	1/4	1/4	Chord	2/2	2	1	1/8	1/8	1	457							12
72	72	795/2	795/2	0.5	3/8	3/8	Chord	2/2	2	1	1/8	1/8	1	458							
72	72	398	398	1.0	1/2	1/2	Chord	2/2	2	1	1/4	1/4	1	459	ter						
72	72	799/2	799/2	0.5	7/8	7/8	Chord	2/2	2	1	1/8	1/8	1	460	ver-						
72	72	396	396	2.0	0	0	Chord	2/2	3	1	1/2	1/2	1	461							
72	72	398	398	2.0	1/2	1/2	Chord	2/2	3	1	1/2	1/2	1	462							
73	73	801/2	801/2	0.5	1/8	1/8	Chord	2/2	1	1	1/8	1/8	1	463	und						
73	73	401	401	0.5	1/4	1/4	Chord	2/2	1	1	1/8	1/8	1	464	sei-						
73	73	803/2	803/2	0.5	3/8	3/8	Chord	2/2	1	1	1/8	1/8	1	465	ne						
73	73	402	402	0.5	1/2	1/2	Chord	2/2	1	1	1/8	1/8	1	466	Bl√§t-						13
73	73	805/2	805/2	0.5	5/8	5/8	Chord	2/2	1	1	1/8	1/8	1	467							13
73	73	403	403	0.5	3/4	3/4	Chord	2/2	1	1	1/8	1/8	1	468							13
73	73	807/2	807/2	0.5	7/8	7/8	Chord	2/2	1	1	1/8	1/8	1	469							
73	73	400	400	0.5	0	0	Chord	2/2	2	1	1/8	1/8	1	470	wel-						14
73	73	801/2	801/2	0.5	1/8	1/8	Chord	2/2	2	1	1/8	1/8	1	471							
73	73	401	401	0.5	1/4	1/4	Chord	2/2	2	1	1/8	1/8	1	472	ken						15
73	73	803/2	803/2	0.5	3/8	3/8	Chord	2/2	2	1	1/8	1/8	1	473							
73	73	402	402	2.0	1/2	1/2	Chord	2/2	2	1	1/2	1/2	1	474	nicht,						
73	73	400	400	2.0	0	0	Chord	2/2	3	1	1/2	1/2	1	475	6          5						
73	73	402	402	2.0	1/2	1/2	Chord	2/2	3	1	1/2	1/2	1	476							
74	74	404	404	1.0	0	0	Chord	2/2	1	1	1/4	1/4	1	477	ter						
74	74	811/2	811/2	0.5	3/8	3/8	Chord	2/2	1	1	1/8	1/8	1	478	ver-						
74	74	406	406	0.5	1/2	1/2	Chord	2/2	1	1	1/8	1/8	1	479	wel-						16
74	74	813/2	813/2	0.5	5/8	5/8	Chord	2/2	1	1	1/8	1/8	1	480							
74	74	407	407	0.5	3/4	3/4	Chord	2/2	1	1	1/8	1/8	1	481	ken						17
74	74	815/2	815/2	0.5	7/8	7/8	Chord	2/2	1	1	1/8	1/8	1	482							
74	74	404	404	2.0	0	0	Chord	2/2	3	1	1/2	1/2	1	483							
74	74	406	406	2.0	1/2	1/2	Chord	2/2	3	1	1/2	1/2	1	484	6						
75	75	408	408	2.0	0	0	Chord	2/2	1	1	1/2	1/2	1	485	nicht,						
75	75	821/2	821/2	0.5	5/8	5/8	Chord	2/2	1	1	1/8	1/8	1	486	und						
75	75	411	411	0.5	3/4	3/4	Chord	2/2	1	1	1/8	1/8	1	487	sei-						
75	75	823/2	823/2	0.5	7/8	7/8	Chord	2/2	1	1	1/8	1/8	1	488	ne						
75	75	817/2	817/2	0.5	1/8	1/8	Chord	2/2	2	1	1/8	1/8	1	489	und						
75	75	409	409	0.5	1/4	1/4	Chord	2/2	2	1	1/8	1/8	1	490	sei-						
75	75	819/2	819/2	0.5	3/8	3/8	Chord	2/2	2	1	1/8	1/8	1	491	ne						
75	75	410	410	0.5	1/2	1/2	Chord	2/2	2	1	1/8	1/8	1	492	Bl√§t-						18
75	75	821/2	821/2	0.5	5/8	5/8	Chord	2/2	2	1	1/8	1/8	1	493							18
75	75	411	411	0.5	3/4	3/4	Chord	2/2	2	1	1/8	1/8	1	494							18
75	75	823/2	823/2	0.5	7/8	7/8	Chord	2/2	2	1	1/8	1/8	1	495							
75	75	408	408	2.0	0	0	Chord	2/2	3	1	1/2	1/2	1	496							
75	75	410	410	2.0	1/2	1/2	Chord	2/2	3	1	1/2	1/2	1	497							
76	76	412	412	0.5	0	0	Chord	2/2	1	1	1/8	1/8	1	498	Bl√§t-						19
76	76	825/2	825/2	0.5	1/8	1/8	Chord	2/2	1	1	1/8	1/8	1	499							19
76	76	413	413	0.5	1/4	1/4	Chord	2/2	1	1	1/8	1/8	1	500							19
76	76	827/2	827/2	0.5	3/8	3/8	Chord	2/2	1	1	1/8	1/8	1	501							
76	76	414	414	1.0	1/2	1/2	Chord	2/2	1	1	1/4	1/4	1	502	ter						
76	76	831/2	831/2	0.5	7/8	7/8	Chord	2/2	1	1	1/8	1/8	1	503	ver-						
76	76	412	412	1.0	0	0	Chord	2/2	2	1	1/4	1/4	1	504	ter						
76	76	827/2	827/2	0.5	3/8	3/8	Chord	2/2	2	1	1/8	1/8	1	505	ver-						
76	76	414	414	0.5	1/2	1/2	Chord	2/2	2	1	1/8	1/8	1	506	wel-						20
76	76	829/2	829/2	0.5	5/8	5/8	Chord	2/2	2	1	1/8	1/8	1	507							
76	76	415	415	0.5	3/4	3/4	Chord	2/2	2	1	1/8	1/8	1	508	ken						21
76	76	831/2	831/2	0.5	7/8	7/8	Chord	2/2	2	1	1/8	1/8	1	509							
76	76	412	412	2.0	0	0	Chord	2/2	3	1	1/2	1/2	1	510							
76	76	414	414	2.0	1/2	1/2	Chord	2/2	3	1	1/2	1/2	1	511							
77	77	416	416	0.5	0	0	Chord	2/2	1	1	1/8	1/8	1	512	wel-						22
77	77	833/2	833/2	0.5	1/8	1/8	Chord	2/2	1	1	1/8	1/8	1	513							
77	77	417	417	0.5	1/4	1/4	Chord	2/2	1	1	1/8	1/8	1	514	ken						23
77	77	835/2	835/2	0.5	3/8	3/8	Chord	2/2	1	1	1/8	1/8	1	515							
77	77	418	418	1.0	1/2	1/2	Chord	2/2	1	1	1/4	1/4	1	516	nicht,						
77	77	419	419	0.5	3/4	3/4	Chord	2/2	1	1	1/8	1/8	1	517	sei-						
77	77	839/2	839/2	0.5	7/8	7/8	Chord	2/2	1	1	1/8	1/8	1	518	ne						
77	77	416	416	1.0	0	0	Chord	2/2	2	1	1/4	1/4	1	519	nicht,						
77	77	417	417	0.5	1/4	1/4	Chord	2/2	2	1	1/8	1/8	1	520	sei-						
77	77	835/2	835/2	0.5	3/8	3/8	Chord	2/2	2	1	1/8	1/8	1	521	ne						
77	77	418	418	0.5	1/2	1/2	Chord	2/2	2	1	1/8	1/8	1	522	Bl√§t-						24
77	77	837/2	837/2	0.5	5/8	5/8	Chord	2/2	2	1	1/8	1/8	1	523							24
77	77	419	419	0.5	3/4	3/4	Chord	2/2	2	1	1/8	1/8	1	524							24
77	77	839/2	839/2	0.5	7/8	7/8	Chord	2/2	2	1	1/8	1/8	1	525							
77	77	416	416	2.0	0	0	Chord	2/2	3	1	1/2	1/2	1	526							
77	77	418	418	2.0	1/2	1/2	Chord	2/2	3	1	1/2	1/2	1	527							
78	78	420	420	0.5	0	0	Chord	2/2	1	1	1/8	1/8	1	528	Bl√§t-						25
78	78	841/2	841/2	0.5	1/8	1/8	Chord	2/2	1	1	1/8	1/8	1	529							25
78	78	421	421	0.5	1/4	1/4	Chord	2/2	1	1	1/8	1/8	1	530							25
78	78	843/2	843/2	0.5	3/8	3/8	Chord	2/2	1	1	1/8	1/8	1	531							
78	78	422	422	1.0	1/2	1/2	Chord	2/2	1	1	1/4	1/4	1	532	ter						
78	78	847/2	847/2	0.5	7/8	7/8	Chord	2/2	1	1	1/8	1/8	1	533	ver-						
78	78	420	420	1.0	0	0	Chord	2/2	2	1	1/4	1/4	1	534	ter						
78	78	843/2	843/2	0.5	3/8	3/8	Chord	2/2	2	1	1/8	1/8	1	535	ver						
78	78	422	422	0.5	1/2	1/2	Chord	2/2	2	1	1/8	1/8	1	536	wel-						26
78	78	845/2	845/2	0.5	5/8	5/8	Chord	2/2	2	1	1/8	1/8	1	537							26
78	78	423	423	0.5	3/4	3/4	Chord	2/2	2	1	1/8	1/8	1	538							26
78	78	847/2	847/2	0.5	7/8	7/8	Chord	2/2	2	1	1/8	1/8	1	539							26
78	78	420	420	2.0	0	0	Chord	2/2	3	1	1/2	1/2	1	540	5        6						
78	78	422	422	2.0	1/2	1/2	Chord	2/2	3	1	1/2	1/2	1	541							
79	79	424	424	0.5	0	0	Chord	2/2	1	1	1/8	1/8	1	542	wel-						27
79	79	849/2	849/2	0.5	1/8	1/8	Chord	2/2	1	1	1/8	1/8	1	543							27
79	79	425	425	0.5	1/4	1/4	Chord	2/2	1	1	1/8	1/8	1	544							27
79	79	851/2	851/2	0.5	3/8	3/8	Chord	2/2	1	1	1/8	1/8	1	545							27
79	79	426	426	0.5	1/2	1/2	Chord	2/2	1	1	1/8	1/8	1	546							27
79	79	853/2	853/2	0.5	5/8	5/8	Chord	2/2	1	1	1/8	1/8	1	547							27
79	79	427	427	0.5	3/4	3/4	Chord	2/2	1	1	1/8	1/8	1	548							27
79	79	855/2	855/2	0.5	7/8	7/8	Chord	2/2	1	1	1/8	1/8	1	549							27
79	79	424	424	0.5	0	0	Chord	2/2	2	1	1/8	1/8	1	550							26
79	79	849/2	849/2	0.5	1/8	1/8	Chord	2/2	2	1	1/8	1/8	1	551							26
79	79	425	425	0.5	1/4	1/4	Chord	2/2	2	1	1/8	1/8	1	552							26
79	79	851/2	851/2	0.5	3/8	3/8	Chord	2/2	2	1	1/8	1/8	1	553							26
79	79	426	426	0.5	1/2	1/2	Chord	2/2	2	1	1/8	1/8	1	554							26
79	79	853/2	853/2	0.5	5/8	5/8	Chord	2/2	2	1	1/8	1/8	1	555							26
79	79	427	427	0.5	3/4	3/4	Chord	2/2	2	1	1/8	1/8	1	556							26
79	79	855/2	855/2	0.5	7/8	7/8	Chord	2/2	2	1	1/8	1/8	1	557							26
79	79	424	424	2.0	0	0	Chord	2/2	3	1	1/2	1/2	1	558							
79	79	426	426	2.0	1/2	1/2	Chord	2/2	3	1	1/2	1/2	1	559							
80	80	428	428	0.5	0	0	Chord	2/2	1	1	1/8	1/8	1	560							27
80	80	857/2	857/2	0.5	1/8	1/8	Chord	2/2	1	1	1/8	1/8	1	561							27
80	80	429	429	0.5	1/4	1/4	Chord	2/2	1	1	1/8	1/8	1	562							27
80	80	859/2	859/2	0.5	3/8	3/8	Chord	2/2	1	1	1/8	1/8	1	563							27
80	80	430	430	1.5	1/2	1/2	Chord	2/2	1	1	3/8	1/4	3/2	564							
80	80	863/2	863/2	0.5	7/8	7/8	Chord	2/2	1	1	1/8	1/8	1	565	ken						
80	80	428	428	3.0	0	0	Chord	2/2	2	1	3/4	1/2	3/2	566							
80	80	431	431	1.0	3/4	3/4	Chord	2/2	2	1	1/4	1/4	1	567	ken						
80	80	428	428	1.0	0	0	Chord	2/2	3	1	1/4	1/4	1	568							
80	80	429	429	1.0	1/4	1/4	Chord	2/2	3	1	1/4	1/4	1	569							
80	80	430	430	1.0	1/2	1/2	Chord	2/2	3	1	1/4	1/4	1	570							
80	80	431	431	1.0	3/4	3/4	Chord	2/2	3	1	1/4	1/4	1	571							
81	81	432	432	2.0	0	0	Chord	2/2	1	1	1/2	1/2	1	572	nicht,						
81	81	432	432	2.0	0	0	Chord	2/2	2	1	1/2	1/2	1	573	nicht,						
81	81	432	432	4.0	0	0	Chord	2/2	3	1	1	1	1	574							
82	82	436	436	2.0	0	0	Chord	3/2	2	1	1/2	1/2	1	575	und						
82	82	438	438	2.0	1/2	1/2	Chord	3/2	2	1	1/2	1/2	1	576	was						
82	82	440	440	2.0	1	1	Chord	3/2	2	1	1/2	1/2	1	577	er						
82	82	436	436	2.0	0	0	Chord	3/2	3	1	1/2	1/2	1	578							
82	82	438	438	2.0	1/2	1/2	Chord	3/2	3	1	1/2	1/2	1	579							
82	82	440	440	2.0	1	1	Chord	3/2	3	1	1/2	1/2	1	580							
83	83	442	442	2.0	0	0	Chord	3/2	2	1	1/2	1/2	1	581	ma-						
83	83	444	444	2.0	1/2	1/2	Chord	3/2	2	1	1/2	1/2	1	582	chet,						
83	83	446	446	1.0	1	1	Chord	3/2	2	1	1/4	1/4	1	583	das						
83	83	447	447	1.0	5/4	5/4	Chord	3/2	2	1	1/4	1/4	1	584	ge-						
83	83	442	442	4.0	0	0	Chord	3/2	3	1	1	1	1	585							
83	83	446	446	2.0	1	1	Chord	3/2	3	1	1/2	1/2	1	586							
84	84	448	448	6.0	0	0	Chord	3/2	2	1	3/2	1	3/2	587	r√§th						
84	84	448	448	4.0	0	0	Chord	3/2	3	1	1	1	1	588	4						
84	84	452	452	2.0	1	1	Chord	3/2	3	1	1/2	1/2	1	589	3						
85	85	454	454	6.0	0	0	Chord	3/2	2	1	3/2	1	3/2	590	wohl,						
85	85	454	454	6.0	0	0	Chord	3/2	3	1	3/2	1	3/2	591							
86	86	460	460	2.0	0	0	Chord	3/2	1	1	1/2	1/2	1	592	und						
86	86	462	462	2.0	1/2	1/2	Chord	3/2	1	1	1/2	1/2	1	593	was						
86	86	464	464	2.0	1	1	Chord	3/2	1	1	1/2	1/2	1	594	er						
86	86	460	460	2.0	0	0	Chord	3/2	3	1	1/2	1/2	1	595							
86	86	462	462	2.0	1/2	1/2	Chord	3/2	3	1	1/2	1/2	1	596							
86	86	464	464	2.0	1	1	Chord	3/2	3	1	1/2	1/2	1	597							
87	87	466	466	2.0	0	0	Chord	3/2	1	1	1/2	1/2	1	598	ma-						
87	87	468	468	2.0	1/2	1/2	Chord	3/2	1	1	1/2	1/2	1	599	chet,						
87	87	470	470	1.0	1	1	Chord	3/2	1	1	1/4	1/4	1	600	das						
87	87	471	471	1.0	5/4	5/4	Chord	3/2	1	1	1/4	1/4	1	601	ge-						
87	87	470	470	1.0	1	1	Chord	3/2	2	1	1/4	1/4	1	602	das						
87	87	471	471	1.0	5/4	5/4	Chord	3/2	2	1	1/4	1/4	1	603	ge-						
87	87	466	466	4.0	0	0	Chord	3/2	3	1	1	1	1	604							
87	87	470	470	2.0	1	1	Chord	3/2	3	1	1/2	1/2	1	605							
88	88	472	472	6.0	0	0	Chord	3/2	1	1	3/2	1	3/2	606	r√§th						
88	88	472	472	2.0	0	0	Chord	3/2	2	1	1/2	1/2	1	607	r√§th						28
88	88	474	474	1.0	1/2	1/2	Chord	3/2	2	1	1/4	1/4	1	608							28
88	88	475	475	1.0	3/4	3/4	Chord	3/2	2	1	1/4	1/4	1	609							28
88	88	476	476	2.0	1	1	Chord	3/2	2	1	1/2	1/2	1	610							
88	88	472	472	4.0	0	0	Chord	3/2	3	1	1	1	1	611	4						
88	88	476	476	2.0	1	1	Chord	3/2	3	1	1/2	1/2	1	612	3						
89	89	478	478	4.0	0	0	Chord	3/2	1	1	1	1	1	613	wohl,						
89	89	478	478	1.0	0	0	Chord	3/2	2	1	1/4	1/4	1	614	wohl,						
89	89	479	479	1.0	1/4	1/4	Chord	3/2	2	1	1/4	1/4	1	615	und						
89	89	480	480	2.0	1/2	1/2	Chord	3/2	2	1	1/2	1/2	1	616	was						
89	89	482	482	2.0	1	1	Chord	3/2	2	1	1/2	1/2	1	617	er						
89	89	478	478	2.0	0	0	Chord	3/2	3	1	1/2	1/2	1	618							
89	89	480	480	2.0	1/2	1/2	Chord	3/2	3	1	1/2	1/2	1	619							
89	89	482	482	2.0	1	1	Chord	3/2	3	1	1/2	1/2	1	620							
90	90	488	488	1.0	1	1	Chord	3/2	1	1	1/4	1/4	1	621	das						
90	90	489	489	1.0	5/4	5/4	Chord	3/2	1	1	1/4	1/4	1	622	ge-						
90	90	484	484	2.0	0	0	Chord	3/2	2	1	1/2	1/2	1	623	ma-						
90	90	486	486	2.0	1/2	1/2	Chord	3/2	2	1	1/2	1/2	1	624	chet,						
90	90	488	488	1.0	1	1	Chord	3/2	2	1	1/4	1/4	1	625	das						
90	90	489	489	1.0	5/4	5/4	Chord	3/2	2	1	1/4	1/4	1	626	ge-						
90	90	484	484	4.0	0	0	Chord	3/2	3	1	1	1	1	627							
90	90	488	488	2.0	1	1	Chord	3/2	3	1	1/2	1/2	1	628							
91	91	490	490	2.0	0	0	Chord	3/2	1	1	1/2	1/2	1	629	r√§th						29
91	91	492	492	1.0	1/2	1/2	Chord	3/2	1	1	1/4	1/4	1	630							29
91	91	493	493	1.0	3/4	3/4	Chord	3/2	1	1	1/4	1/4	1	631							29
91	91	494	494	2.0	1	1	Chord	3/2	1	1	1/2	1/2	1	632							
91	91	490	490	6.0	0	0	Chord	3/2	2	1	3/2	1	3/2	633	r√§th						
91	91	490	490	6.0	0	0	Chord	3/2	3	1	3/2	1	3/2	634	4						
92	92	496	496	1.0	0	0	Chord	3/2	1	1	1/4	1/4	1	635	wohl,						
92	92	497	497	1.0	1/4	1/4	Chord	3/2	1	1	1/4	1/4	1	636	und						
92	92	498	498	2.0	1/2	1/2	Chord	3/2	1	1	1/2	1/2	1	637	was						
92	92	500	500	2.0	1	1	Chord	3/2	1	1	1/2	1/2	1	638	er						
92	92	496	496	1.0	0	0	Chord	3/2	2	1	1/4	1/4	1	639	wohl,						
92	92	497	497	1.0	1/4	1/4	Chord	3/2	2	1	1/4	1/4	1	640	und						
92	92	498	498	2.0	1/2	1/2	Chord	3/2	2	1	1/2	1/2	1	641	was						
92	92	500	500	2.0	1	1	Chord	3/2	2	1	1/2	1/2	1	642	er						
92	92	496	496	2.0	0	0	Chord	3/2	3	1	1/2	1/2	1	643							
92	92	498	498	2.0	1/2	1/2	Chord	3/2	3	1	1/2	1/2	1	644	6						
92	92	500	500	2.0	1	1	Chord	3/2	3	1	1/2	1/2	1	645							
93	93	502	502	2.0	0	0	Chord	3/2	1	1	1/2	1/2	1	646	ma-						
93	93	504	504	2.0	1/2	1/2	Chord	3/2	1	1	1/2	1/2	1	647	chet,						
93	93	502	502	2.0	0	0	Chord	3/2	2	1	1/2	1/2	1	648	ma-						
93	93	504	504	2.0	1/2	1/2	Chord	3/2	2	1	1/2	1/2	1	649	chet,						
93	93	502	502	4.0	0	0	Chord	3/2	3	1	1	1	1	650							
94	94	512	512	1.0	1	1	Chord	3/2	1	1	1/4	1/4	1	651	das						
94	94	513	513	1.0	5/4	5/4	Chord	3/2	1	1	1/4	1/4	1	652	ge-						
94	94	512	512	1.0	1	1	Chord	3/2	2	1	1/4	1/4	1	653	das						
94	94	513	513	1.0	5/4	5/4	Chord	3/2	2	1	1/4	1/4	1	654	ge-						
94	94	512	512	2.0	1	1	Chord	3/2	3	1	1/2	1/2	1	655							
95	95	514	514	6.0	0	0	Chord	3/2	1	1	3/2	1	3/2	656	r√§th						
95	95	514	514	2.0	0	0	Chord	3/2	2	1	1/2	1/2	1	657	r√§th						30
95	95	516	516	1.0	1/2	1/2	Chord	3/2	2	1	1/4	1/4	1	658							30
95	95	517	517	1.0	3/4	3/4	Chord	3/2	2	1	1/4	1/4	1	659							30
95	95	518	518	2.0	1	1	Chord	3/2	2	1	1/2	1/2	1	660							
95	95	514	514	6.0	0	0	Chord	3/2	3	1	3/2	1	3/2	661	4						
96	96	520	520	4.0	0	0	Chord	3/2	1	1	1	1	1	662	wohl,						
96	96	524	524	1.0	1	1	Chord	3/2	1	1	1/4	1/4	1	663	das						
96	96	525	525	1.0	5/4	5/4	Chord	3/2	1	1	1/4	1/4	1	664	ge-						
96	96	520	520	2.0	0	0	Chord	3/2	2	1	1/2	1/2	1	665	wohl,						
96	96	522	522	2.0	1/2	1/2	Chord	3/2	2	1	1/2	1/2	1	666	das						
96	96	524	524	2.0	1	1	Chord	3/2	2	1	1/2	1/2	1	667	ge-						
96	96	520	520	4.0	0	0	Chord	3/2	3	1	1	1	1	668							
96	96	524	524	2.0	1	1	Chord	3/2	3	1	1/2	1/2	1	669							
97	97	526	526	6.0	0	0	Chord	3/2	1	1	3/2	1	3/2	670	r√§th						
97	97	526	526	2.0	0	0	Chord	3/2	2	1	1/2	1/2	1	671	r√§th						31
97	97	528	528	1.0	1/2	1/2	Chord	3/2	2	1	1/4	1/4	1	672							31
97	97	529	529	1.0	3/4	3/4	Chord	3/2	2	1	1/4	1/4	1	673							31
97	97	530	530	2.0	1	1	Chord	3/2	2	1	1/2	1/2	1	674							
97	97	526	526	4.0	0	0	Chord	3/2	3	1	1	1	1	675	4						
97	97	530	530	2.0	1	1	Chord	3/2	3	1	1/2	1/2	1	676	3						
98	98	532	532	4.0	0	0	Chord	3/2	1	1	1	1	1	677	wohl,						
98	98	536	536	1.0	1	1	Chord	3/2	1	1	1/4	1/4	1	678	das						
98	98	537	537	1.0	5/4	5/4	Chord	3/2	1	1	1/4	1/4	1	679	ge-						
98	98	532	532	2.0	0	0	Chord	3/2	2	1	1/2	1/2	1	680	wohl,						
98	98	534	534	2.0	1/2	1/2	Chord	3/2	2	1	1/2	1/2	1	681	das						
98	98	536	536	2.0	1	1	Chord	3/2	2	1	1/2	1/2	1	682	ge-						
98	98	532	532	4.0	0	0	Chord	3/2	3	1	1	1	1	683							
98	98	536	536	2.0	1	1	Chord	3/2	3	1	1/2	1/2	1	684							
99	99	538	538	6.0	0	0	Chord	3/2	1	1	3/2	1	3/2	685	r√§th						
99	99	538	538	2.0	0	0	Chord	3/2	2	1	1/2	1/2	1	686	r√§th						32
99	99	540	540	1.0	1/2	1/2	Chord	3/2	2	1	1/4	1/4	1	687							32
99	99	541	541	1.0	3/4	3/4	Chord	3/2	2	1	1/4	1/4	1	688							32
99	99	542	542	2.0	1	1	Chord	3/2	2	1	1/2	1/2	1	689							
99	99	538	538	4.0	0	0	Chord	3/2	3	1	1	1	1	690	4						
99	99	542	542	2.0	1	1	Chord	3/2	3	1	1/2	1/2	1	691							
100	100	544	544	1.0	0	0	Chord	3/2	1	1	1/4	1/4	1	692	wohl,						
100	100	545	545	1.0	1/4	1/4	Chord	3/2	1	1	1/4	1/4	1	693	und						
100	100	546	546	2.0	1/2	1/2	Chord	3/2	1	1	1/2	1/2	1	694	was						
100	100	548	548	2.0	1	1	Chord	3/2	1	1	1/2	1/2	1	695	er						
100	100	544	544	1.0	0	0	Chord	3/2	2	1	1/4	1/4	1	696	wohl,						
100	100	545	545	1.0	1/4	1/4	Chord	3/2	2	1	1/4	1/4	1	697	und						
100	100	546	546	2.0	1/2	1/2	Chord	3/2	2	1	1/2	1/2	1	698	was						
100	100	548	548	2.0	1	1	Chord	3/2	2	1	1/2	1/2	1	699	er						
100	100	544	544	2.0	0	0	Chord	3/2	3	1	1/2	1/2	1	700							
100	100	546	546	2.0	1/2	1/2	Chord	3/2	3	1	1/2	1/2	1	701	6						
100	100	548	548	2.0	1	1	Chord	3/2	3	1	1/2	1/2	1	702							
101	101	550	550	2.0	0	0	Chord	3/2	1	1	1/2	1/2	1	703	ma-						
101	101	552	552	2.0	1/2	1/2	Chord	3/2	1	1	1/2	1/2	1	704	chet,						
101	101	550	550	2.0	0	0	Chord	3/2	2	1	1/2	1/2	1	705	ma-						
101	101	552	552	2.0	1/2	1/2	Chord	3/2	2	1	1/2	1/2	1	706	chet,						
101	101	550	550	2.0	0	0	Chord	3/2	3	1	1/2	1/2	1	707							
101	101	552	552	2.0	1/2	1/2	Chord	3/2	3	1	1/2	1/2	1	708							
102	102	560	560	1.0	1	1	Chord	3/2	1	1	1/4	1/4	1	709	das						
102	102	561	561	1.0	5/4	5/4	Chord	3/2	1	1	1/4	1/4	1	710	ge-						
102	102	560	560	1.0	1	1	Chord	3/2	2	1	1/4	1/4	1	711	das						
102	102	561	561	1.0	5/4	5/4	Chord	3/2	2	1	1/4	1/4	1	712	ge-						
102	102	560	560	2.0	1	1	Chord	3/2	3	1	1/2	1/2	1	713							
103	103	562	562	2.0	0	0	Chord	3/2	1	1	1/2	1/2	1	714	r√§th						33
103	103	564	564	1.0	1/2	1/2	Chord	3/2	1	1	1/4	1/4	1	715							33
103	103	565	565	1.0	3/4	3/4	Chord	3/2	1	1	1/4	1/4	1	716							33
103	103	566	566	2.0	1	1	Chord	3/2	1	1	1/2	1/2	1	717							
103	103	562	562	6.0	0	0	Chord	3/2	2	1	3/2	1	3/2	718	r√§th						
103	103	562	562	4.0	0	0	Chord	3/2	3	1	1	1	1	719	4						
103	103	566	566	2.0	1	1	Chord	3/2	3	1	1/2	1/2	1	720							
104	104	568	568	2.0	0	0	Chord	3/2	1	1	1/2	1/2	1	721	wohl,						
104	104	570	570	1.0	1/2	1/2	Chord	3/2	1	1	1/4	1/4	1	722	das						
104	104	571	571	1.0	3/4	3/4	Chord	3/2	1	1	1/4	1/4	1	723	re-						
104	104	572	572	2.0	1	1	Chord	3/2	1	1	1/2	1/2	1	724	r√§th						
104	104	568	568	2.0	0	0	Chord	3/2	2	1	1/2	1/2	1	725	wohl,						
104	104	570	570	1.0	1/2	1/2	Chord	3/2	2	1	1/4	1/4	1	726	das						
104	104	571	571	1.0	3/4	3/4	Chord	3/2	2	1	1/4	1/4	1	727	re-						
104	104	572	572	2.0	1	1	Chord	3/2	2	1	1/2	1/2	1	728	r√§th						
104	104	568	568	2.0	0	0	Chord	3/2	3	1	1/2	1/2	1	729							
104	104	570	570	1.0	1/2	1/2	Chord	3/2	3	1	1/4	1/4	1	730							
104	104	571	571	1.0	3/4	3/4	Chord	3/2	3	1	1/4	1/4	1	731							
104	104	572	572	2.0	1	1	Chord	3/2	3	1	1/2	1/2	1	732							
105	105	574	574	2.0	0	0	Chord	3/2	1	1	1/2	1/2	1	733	wohl,						
105	105	576	576	1.0	1/2	1/2	Chord	3/2	1	1	1/4	1/4	1	734	das						
105	105	577	577	1.0	3/4	3/4	Chord	3/2	1	1	1/4	1/4	1	735	ge-						
105	105	578	578	2.0	1	1	Chord	3/2	1	1	1/2	1/2	1	736	r√§th						
105	105	574	574	2.0	0	0	Chord	3/2	2	1	1/2	1/2	1	737	wohl,						
105	105	576	576	1.0	1/2	1/2	Chord	3/2	2	1	1/4	1/4	1	738	das						
105	105	577	577	1.0	3/4	3/4	Chord	3/2	2	1	1/4	1/4	1	739	ge-						
105	105	578	578	2.0	1	1	Chord	3/2	2	1	1/2	1/2	1	740	r√§th						
105	105	574	574	2.0	0	0	Chord	3/2	3	1	1/2	1/2	1	741							
105	105	576	576	1.0	1/2	1/2	Chord	3/2	3	1	1/4	1/4	1	742							
105	105	577	577	1.0	3/4	3/4	Chord	3/2	3	1	1/4	1/4	1	743							
105	105	578	578	2.0	1	1	Chord	3/2	3	1	1/2	1/2	1	744							
106	106	580	580	2.0	0	0	Chord	3/2	1	1	1/2	1/2	1	745	wohl,						
106	106	582	582	1.0	1/2	1/2	Chord	3/2	1	1	1/4	1/4	1	746	das						
106	106	583	583	1.0	3/4	3/4	Chord	3/2	1	1	1/4	1/4	1	747	ge-						
106	106	584	584	2.0	1	1	Chord	3/2	1	1	1/2	1/2	1	748	r√§th						
106	106	580	580	2.0	0	0	Chord	3/2	2	1	1/2	1/2	1	749	wohl,						
106	106	582	582	1.0	1/2	1/2	Chord	3/2	2	1	1/4	1/4	1	750	das						
106	106	583	583	1.0	3/4	3/4	Chord	3/2	2	1	1/4	1/4	1	751	ge-						
106	106	584	584	1.0	1	1	Chord	3/2	2	1	1/4	1/4	1	752	r√§th						34
106	106	585	585	0.5	5/4	5/4	Chord	3/2	2	1	1/8	1/8	1	753							34
106	106	1171/2	1171/2	0.5	11/8	11/8	Chord	3/2	2	1	1/8	1/8	1	754							34
106	106	580	580	2.0	0	0	Chord	3/2	3	1	1/2	1/2	1	755							
106	106	582	582	2.0	1/2	1/2	Chord	3/2	3	1	1/2	1/2	1	756							
106	106	584	584	2.0	1	1	Chord	3/2	3	1	1/2	1/2	1	757	4						
107	107	586	586	2.0	0	0	Chord	3/2	1	1	1/2	1/2	1	758							
107	107	588	588	4.0	1/2	1/2	Chord	3/2	1	1	1	1	1	759	wohl.						
107	107	586	586	2.0	0	0	Chord	3/2	2	1	1/2	1/2	1	760							
107	107	588	588	4.0	1/2	1/2	Chord	3/2	2	1	1	1	1	761	wohl.						
107	107	586	586	2.0	0	0	Chord	3/2	3	1	1/2	1/2	1	762							
107	107	588	588	4.0	1/2	1/2	Chord	3/2	3	1	1	1	1	763							
108	108	592	592	2.0	0	0	Chord	3/2	2	1	1/2	1/2	1	764	Al-						
108	108	594	594	2.0	1/2	1/2	Chord	3/2	2	1	1/2	1/2	1	765	le-						
108	108	596	596	2.0	1	1	Chord	3/2	2	1	1/2	1/2	1	766	lu-						
108	108	592	592	2.0	0	0	Chord	3/2	3	1	1/2	1/2	1	767							
108	108	594	594	2.0	1/2	1/2	Chord	3/2	3	1	1/2	1/2	1	768							
108	108	596	596	2.0	1	1	Chord	3/2	3	1	1/2	1/2	1	769							
109	109	598	598	4.0	0	0	Chord	3/2	2	1	1	1	1	770	ja,						
109	109	602	602	1.0	1	1	Chord	3/2	2	1	1/4	1/4	1	771	Al-						
109	109	603	603	1.0	5/4	5/4	Chord	3/2	2	1	1/4	1/4	1	772	le-						
109	109	598	598	4.0	0	0	Chord	3/2	3	1	1	1	1	773							
109	109	602	602	2.0	1	1	Chord	3/2	3	1	1/2	1/2	1	774							
110	110	604	604	6.0	0	0	Chord	3/2	2	1	3/2	1	3/2	775	lu-						
110	110	604	604	4.0	0	0	Chord	3/2	3	1	1	1	1	776	4						
110	110	608	608	2.0	1	1	Chord	3/2	3	1	1/2	1/2	1	777	3						
111	111	610	610	6.0	0	0	Chord	3/2	2	1	3/2	1	3/2	778	ja.						
111	111	610	610	6.0	0	0	Chord	3/2	3	1	3/2	1	3/2	779							
112	112	616	616	2.0	0	0	Chord	3/2	1	1	1/2	1/2	1	780	Al-						
112	112	618	618	2.0	1/2	1/2	Chord	3/2	1	1	1/2	1/2	1	781	le-						
112	112	620	620	2.0	1	1	Chord	3/2	1	1	1/2	1/2	1	782	lu-						
112	112	616	616	2.0	0	0	Chord	3/2	3	1	1/2	1/2	1	783							
112	112	618	618	2.0	1/2	1/2	Chord	3/2	3	1	1/2	1/2	1	784							
112	112	620	620	2.0	1	1	Chord	3/2	3	1	1/2	1/2	1	785							
113	113	622	622	4.0	0	0	Chord	3/2	1	1	1	1	1	786	ja,						
113	113	626	626	1.0	1	1	Chord	3/2	1	1	1/4	1/4	1	787	Al-						
113	113	627	627	1.0	5/4	5/4	Chord	3/2	1	1	1/4	1/4	1	788	le-						
113	113	626	626	1.0	1	1	Chord	3/2	2	1	1/4	1/4	1	789	Al-						
113	113	627	627	1.0	5/4	5/4	Chord	3/2	2	1	1/4	1/4	1	790	le-						
113	113	622	622	4.0	0	0	Chord	3/2	3	1	1	1	1	791							
113	113	626	626	2.0	1	1	Chord	3/2	3	1	1/2	1/2	1	792							
114	114	628	628	6.0	0	0	Chord	3/2	1	1	3/2	1	3/2	793	lu-						
114	114	628	628	2.0	0	0	Chord	3/2	2	1	1/2	1/2	1	794	lu-						35
114	114	630	630	1.0	1/2	1/2	Chord	3/2	2	1	1/4	1/4	1	795							35
114	114	631	631	1.0	3/4	3/4	Chord	3/2	2	1	1/4	1/4	1	796							35
114	114	632	632	2.0	1	1	Chord	3/2	2	1	1/2	1/2	1	797							
114	114	628	628	4.0	0	0	Chord	3/2	3	1	1	1	1	798	4						
114	114	632	632	2.0	1	1	Chord	3/2	3	1	1/2	1/2	1	799	3						
115	115	634	634	4.0	0	0	Chord	3/2	1	1	1	1	1	800	ja,						
115	115	634	634	1.0	0	0	Chord	3/2	2	1	1/4	1/4	1	801	ja,						
115	115	635	635	1.0	1/4	1/4	Chord	3/2	2	1	1/4	1/4	1	802	Al-						
115	115	636	636	2.0	1/2	1/2	Chord	3/2	2	1	1/2	1/2	1	803	le-						
115	115	638	638	2.0	1	1	Chord	3/2	2	1	1/2	1/2	1	804	lu-						
115	115	634	634	2.0	0	0	Chord	3/2	3	1	1/2	1/2	1	805							
115	115	636	636	2.0	1/2	1/2	Chord	3/2	3	1	1/2	1/2	1	806							
115	115	638	638	2.0	1	1	Chord	3/2	3	1	1/2	1/2	1	807							
116	116	644	644	1.0	1	1	Chord	3/2	1	1	1/4	1/4	1	808	Al-						
116	116	645	645	1.0	5/4	5/4	Chord	3/2	1	1	1/4	1/4	1	809	le-						
116	116	640	640	4.0	0	0	Chord	3/2	2	1	1	1	1	810	ja,						
116	116	644	644	1.0	1	1	Chord	3/2	2	1	1/4	1/4	1	811	Al-						
116	116	645	645	1.0	5/4	5/4	Chord	3/2	2	1	1/4	1/4	1	812	le-						
116	116	640	640	4.0	0	0	Chord	3/2	3	1	1	1	1	813							
116	116	644	644	2.0	1	1	Chord	3/2	3	1	1/2	1/2	1	814							
117	117	646	646	2.0	0	0	Chord	3/2	1	1	1/2	1/2	1	815	lu-						36
117	117	648	648	1.0	1/2	1/2	Chord	3/2	1	1	1/4	1/4	1	816							36
117	117	649	649	1.0	3/4	3/4	Chord	3/2	1	1	1/4	1/4	1	817							36
117	117	650	650	2.0	1	1	Chord	3/2	1	1	1/2	1/2	1	818							
117	117	646	646	6.0	0	0	Chord	3/2	2	1	3/2	1	3/2	819	lu-						
117	117	646	646	4.0	0	0	Chord	3/2	3	1	1	1	1	820	4						
117	117	650	650	2.0	1	1	Chord	3/2	3	1	1/2	1/2	1	821							
118	118	652	652	1.0	0	0	Chord	3/2	1	1	1/4	1/4	1	822	ja,						
118	118	653	653	1.0	1/4	1/4	Chord	3/2	1	1	1/4	1/4	1	823	Al-						
118	118	654	654	2.0	1/2	1/2	Chord	3/2	1	1	1/2	1/2	1	824	le-						
118	118	656	656	2.0	1	1	Chord	3/2	1	1	1/2	1/2	1	825	lu-						
118	118	652	652	1.0	0	0	Chord	3/2	2	1	1/4	1/4	1	826	ja,						
118	118	653	653	1.0	1/4	1/4	Chord	3/2	2	1	1/4	1/4	1	827	Al-						
118	118	654	654	2.0	1/2	1/2	Chord	3/2	2	1	1/2	1/2	1	828	le-						
118	118	656	656	2.0	1	1	Chord	3/2	2	1	1/2	1/2	1	829	lu-						
118	118	652	652	2.0	0	0	Chord	3/2	3	1	1/2	1/2	1	830							
118	118	654	654	2.0	1/2	1/2	Chord	3/2	3	1	1/2	1/2	1	831	6						
118	118	656	656	2.0	1	1	Chord	3/2	3	1	1/2	1/2	1	832							
119	119	658	658	4.0	0	0	Chord	3/2	1	1	1	1	1	833	ja,						
119	119	658	658	4.0	0	0	Chord	3/2	2	1	1	1	1	834	ja,						
119	119	658	658	4.0	0	0	Chord	3/2	3	1	1	1	1	835							
120	120	668	668	1.0	1	1	Chord	3/2	1	1	1/4	1/4	1	836	Al-						
120	120	669	669	1.0	5/4	5/4	Chord	3/2	1	1	1/4	1/4	1	837	le-						
120	120	668	668	1.0	1	1	Chord	3/2	2	1	1/4	1/4	1	838	Al-						
120	120	669	669	1.0	5/4	5/4	Chord	3/2	2	1	1/4	1/4	1	839	le-						
120	120	668	668	2.0	1	1	Chord	3/2	3	1	1/2	1/2	1	840							
121	121	670	670	6.0	0	0	Chord	3/2	1	1	3/2	1	3/2	841	lu-						
121	121	670	670	2.0	0	0	Chord	3/2	2	1	1/2	1/2	1	842	lu-						37
121	121	672	672	1.0	1/2	1/2	Chord	3/2	2	1	1/4	1/4	1	843							37
121	121	673	673	1.0	3/4	3/4	Chord	3/2	2	1	1/4	1/4	1	844							37
121	121	674	674	2.0	1	1	Chord	3/2	2	1	1/2	1/2	1	845							
121	121	670	670	4.0	0	0	Chord	3/2	3	1	1	1	1	846	4						
121	121	674	674	2.0	1	1	Chord	3/2	3	1	1/2	1/2	1	847	3						
122	122	676	676	4.0	0	0	Chord	3/2	1	1	1	1	1	848	ja,						
122	122	680	680	1.0	1	1	Chord	3/2	1	1	1/4	1/4	1	849	Al-						
122	122	681	681	1.0	5/4	5/4	Chord	3/2	1	1	1/4	1/4	1	850	le-						
122	122	676	676	2.0	0	0	Chord	3/2	2	1	1/2	1/2	1	851	ja,						
122	122	678	678	2.0	1/2	1/2	Chord	3/2	2	1	1/2	1/2	1	852	Al-						
122	122	680	680	2.0	1	1	Chord	3/2	2	1	1/2	1/2	1	853	le-						
122	122	676	676	4.0	0	0	Chord	3/2	3	1	1	1	1	854							
122	122	680	680	2.0	1	1	Chord	3/2	3	1	1/2	1/2	1	855							
123	123	682	682	6.0	0	0	Chord	3/2	1	1	3/2	1	3/2	856	lu-						
123	123	682	682	2.0	0	0	Chord	3/2	2	1	1/2	1/2	1	857	lu-						38
123	123	684	684	1.0	1/2	1/2	Chord	3/2	2	1	1/4	1/4	1	858							38
123	123	685	685	1.0	3/4	3/4	Chord	3/2	2	1	1/4	1/4	1	859							38
123	123	686	686	2.0	1	1	Chord	3/2	2	1	1/2	1/2	1	860							
123	123	682	682	4.0	0	0	Chord	3/2	3	1	1	1	1	861	4						
123	123	686	686	2.0	1	1	Chord	3/2	3	1	1/2	1/2	1	862	3						
124	124	688	688	4.0	0	0	Chord	3/2	1	1	1	1	1	863	ja,						
124	124	692	692	1.0	1	1	Chord	3/2	1	1	1/4	1/4	1	864	Al-						
124	124	693	693	1.0	5/4	5/4	Chord	3/2	1	1	1/4	1/4	1	865	le-						
124	124	688	688	2.0	0	0	Chord	3/2	2	1	1/2	1/2	1	866	ja,						
124	124	690	690	2.0	1/2	1/2	Chord	3/2	2	1	1/2	1/2	1	867	Al-						
124	124	692	692	2.0	1	1	Chord	3/2	2	1	1/2	1/2	1	868	le-						
124	124	688	688	4.0	0	0	Chord	3/2	3	1	1	1	1	869							
124	124	692	692	2.0	1	1	Chord	3/2	3	1	1/2	1/2	1	870							
125	125	694	694	6.0	0	0	Chord	3/2	1	1	3/2	1	3/2	871	lu-						
125	125	694	694	2.0	0	0	Chord	3/2	2	1	1/2	1/2	1	872	lu-						39
125	125	696	696	1.0	1/2	1/2	Chord	3/2	2	1	1/4	1/4	1	873							39
125	125	697	697	1.0	3/4	3/4	Chord	3/2	2	1	1/4	1/4	1	874							39
125	125	698	698	2.0	1	1	Chord	3/2	2	1	1/2	1/2	1	875							
125	125	694	694	4.0	0	0	Chord	3/2	3	1	1	1	1	876	4						
125	125	698	698	2.0	1	1	Chord	3/2	3	1	1/2	1/2	1	877							
126	126	700	700	1.0	0	0	Chord	3/2	1	1	1/4	1/4	1	878	ja,						
126	126	701	701	1.0	1/4	1/4	Chord	3/2	1	1	1/4	1/4	1	879	Al-						
126	126	702	702	2.0	1/2	1/2	Chord	3/2	1	1	1/2	1/2	1	880	le-						
126	126	704	704	2.0	1	1	Chord	3/2	1	1	1/2	1/2	1	881	lu-						
126	126	700	700	1.0	0	0	Chord	3/2	2	1	1/4	1/4	1	882	ja,						
126	126	701	701	1.0	1/4	1/4	Chord	3/2	2	1	1/4	1/4	1	883	Al-						
126	126	702	702	2.0	1/2	1/2	Chord	3/2	2	1	1/2	1/2	1	884	le-						
126	126	704	704	2.0	1	1	Chord	3/2	2	1	1/2	1/2	1	885	lu-						
126	126	700	700	2.0	0	0	Chord	3/2	3	1	1/2	1/2	1	886							
126	126	702	702	2.0	1/2	1/2	Chord	3/2	3	1	1/2	1/2	1	887	6						
126	126	704	704	2.0	1	1	Chord	3/2	3	1	1/2	1/2	1	888							
127	127	706	706	4.0	0	0	Chord	3/2	1	1	1	1	1	889	ja,						
127	127	706	706	4.0	0	0	Chord	3/2	2	1	1	1	1	890	ja,						
127	127	706	706	4.0	0	0	Chord	3/2	3	1	1	1	1	891							
128	128	716	716	1.0	1	1	Chord	3/2	1	1	1/4	1/4	1	892	Al-						
128	128	717	717	1.0	5/4	5/4	Chord	3/2	1	1	1/4	1/4	1	893	le-						
128	128	716	716	1.0	1	1	Chord	3/2	2	1	1/4	1/4	1	894	Al-						
128	128	717	717	1.0	5/4	5/4	Chord	3/2	2	1	1/4	1/4	1	895	le-						
128	128	716	716	2.0	1	1	Chord	3/2	3	1	1/2	1/2	1	896							
129	129	718	718	2.0	0	0	Chord	3/2	1	1	1/2	1/2	1	897	lu-						40
129	129	720	720	1.0	1/2	1/2	Chord	3/2	1	1	1/4	1/4	1	898							40
129	129	721	721	1.0	3/4	3/4	Chord	3/2	1	1	1/4	1/4	1	899							40
129	129	722	722	2.0	1	1	Chord	3/2	1	1	1/2	1/2	1	900							
129	129	718	718	6.0	0	0	Chord	3/2	2	1	3/2	1	3/2	901	lu-						
129	129	718	718	4.0	0	0	Chord	3/2	3	1	1	1	1	902	4						
129	129	722	722	2.0	1	1	Chord	3/2	3	1	1/2	1/2	1	903							
130	130	724	724	2.0	0	0	Chord	3/2	1	1	1/2	1/2	1	904	ja,						
130	130	726	726	1.0	1/2	1/2	Chord	3/2	1	1	1/4	1/4	1	905	Al-						
130	130	727	727	1.0	3/4	3/4	Chord	3/2	1	1	1/4	1/4	1	906	le-						
130	130	728	728	2.0	1	1	Chord	3/2	1	1	1/2	1/2	1	907	lu-						
130	130	724	724	2.0	0	0	Chord	3/2	2	1	1/2	1/2	1	908	ja,						
130	130	726	726	1.0	1/2	1/2	Chord	3/2	2	1	1/4	1/4	1	909	Al-						
130	130	727	727	1.0	3/4	3/4	Chord	3/2	2	1	1/4	1/4	1	910	le-						
130	130	728	728	2.0	1	1	Chord	3/2	2	1	1/2	1/2	1	911	lu-						
130	130	724	724	2.0	0	0	Chord	3/2	3	1	1/2	1/2	1	912							
130	130	726	726	1.0	1/2	1/2	Chord	3/2	3	1	1/4	1/4	1	913							
130	130	727	727	1.0	3/4	3/4	Chord	3/2	3	1	1/4	1/4	1	914							
130	130	728	728	2.0	1	1	Chord	3/2	3	1	1/2	1/2	1	915							
131	131	730	730	2.0	0	0	Chord	3/2	1	1	1/2	1/2	1	916	ja,						
131	131	732	732	1.0	1/2	1/2	Chord	3/2	1	1	1/4	1/4	1	917	Al-						
131	131	733	733	1.0	3/4	3/4	Chord	3/2	1	1	1/4	1/4	1	918	le-						
131	131	734	734	2.0	1	1	Chord	3/2	1	1	1/2	1/2	1	919	lu-						
131	131	730	730	2.0	0	0	Chord	3/2	2	1	1/2	1/2	1	920	ja,						
131	131	732	732	1.0	1/2	1/2	Chord	3/2	2	1	1/4	1/4	1	921	Al-						
131	131	733	733	1.0	3/4	3/4	Chord	3/2	2	1	1/4	1/4	1	922	le-						
131	131	734	734	2.0	1	1	Chord	3/2	2	1	1/2	1/2	1	923	lu-						
131	131	730	730	2.0	0	0	Chord	3/2	3	1	1/2	1/2	1	924							
131	131	732	732	1.0	1/2	1/2	Chord	3/2	3	1	1/4	1/4	1	925							
131	131	733	733	1.0	3/4	3/4	Chord	3/2	3	1	1/4	1/4	1	926							
131	131	734	734	2.0	1	1	Chord	3/2	3	1	1/2	1/2	1	927							
132	132	736	736	2.0	0	0	Chord	2/2	1	1	1/2	1/2	1	928	ja,						
132	132	738	738	1.0	1/2	1/2	Chord	2/2	1	1	1/4	1/4	1	929	Al-						
132	132	739	739	1.0	3/4	3/4	Chord	2/2	1	1	1/4	1/4	1	930	le-						
132	132	736	736	2.0	0	0	Chord	2/2	2	1	1/2	1/2	1	931	ja,						
132	132	738	738	1.0	1/2	1/2	Chord	2/2	2	1	1/4	1/4	1	932	Al-						
132	132	739	739	1.0	3/4	3/4	Chord	2/2	2	1	1/4	1/4	1	933	le-						
132	132	736	736	2.0	0	0	Chord	2/2	3	1	1/2	1/2	1	934							
132	132	738	738	2.0	1/2	1/2	Chord	2/2	3	1	1/2	1/2	1	935							
133	133	740	740	4.0	0	0	Chord	2/2	1	1	1	1	1	936	lu-						
133	133	740	740	1.0	0	0	Chord	2/2	2	1	1/4	1/4	1	937	lu-						41
133	133	741	741	0.5	1/4	1/4	Chord	2/2	2	1	1/8	1/8	1	938							41
133	133	1483/2	1483/2	0.5	3/8	3/8	Chord	2/2	2	1	1/8	1/8	1	939							41
133	133	742	742	2.0	1/2	1/2	Chord	2/2	2	1	1/2	1/2	1	940							
133	133	740	740	2.0	0	0	Chord	2/2	3	1	1/2	1/2	1	941	4						
133	133	742	742	2.0	1/2	1/2	Chord	2/2	3	1	1/2	1/2	1	942							
134	134	744	744	4.0	0	0	Chord	2/2	1	1	1	1	1	943	ja.						
134	134	744	744	4.0	0	0	Chord	2/2	2	1	1	1	1	944	ja.						
134	134	744	744	4.0	0	0	Chord	2/2	3	1	1	1	1	945							
