mc	mn	quarterbeats	quarterbeats_all_endings	duration_qb	mc_onset	mn_onset	event	timesig	staff	voice	duration	nominal_duration	scalar	chord_id	lyrics_1	staff_text	tempo	qpm	metronome_base	metronome_number	tempo_visible
1	1	0	0	0.0	0	0	StaffText	4/4	1	1	0					In Stylo Oratorio					
1	1	0	0	0.0	0	0	Tempo	4/4	1	1	0						ùÖü=120	120.0	ùÖü	120.0	0.0
1	1	0	0	0.75	0	0	Chord	4/4	1	1	3/16	1/8	3/2	0	Ei-						
1	1	3/4	3/4	0.25	3/16	3/16	Chord	4/4	1	1	1/16	1/16	1	1	le						
1	1	1	1	1.0	1/4	1/4	Chord	4/4	1	1	1/4	1/4	1	2	mich,						
1	1	2	2	1.0	1/2	1/2	Chord	4/4	1	1	1/4	1/4	1	3	Gott,						
1	1	3	3	0.5	3/4	3/4	Chord	4/4	1	1	1/8	1/8	1	4	zu						
1	1	7/2	7/2	0.5	7/8	7/8	Chord	4/4	1	1	1/8	1/8	1	5	er-						
1	1	0	0	4.0	0	0	Chord	4/4	2	1	1	1	1	6							
2	2	4	4	1.0	0	0	Chord	4/4	1	1	1/4	1/4	1	7	ret-						
2	2	5	5	1.0	1/4	1/4	Chord	4/4	1	1	1/4	1/4	1	8	ten,						
2	2	7	7	1.0	3/4	3/4	Chord	4/4	1	1	1/4	1/4	1	9	Herr						
2	2	4	4	4.0	0	0	Chord	4/4	2	1	1	1	1	10							
3	3	8	8	1.0	0	0	Chord	4/4	1	1	1/4	1/4	1	11							
3	3	9	9	0.5	1/4	1/4	Chord	4/4	1	1	1/8	1/8	1	12	mir						
3	3	19/2	19/2	0.5	3/8	3/8	Chord	4/4	1	1	1/8	1/8	1	13	zu						
3	3	10	10	1.0	1/2	1/2	Chord	4/4	1	1	1/4	1/4	1	14	hel-						
3	3	11	11	1.0	3/4	3/4	Chord	4/4	1	1	1/4	1/4	1	15	fen.						
3	3	8	8	4.0	0	0	Chord	4/4	2	1	1	1	1	16							
4	4	13	13	1.0	1/4	1/4	Chord	4/4	1	1	1/4	1/4	1	17	Es						
4	4	14	14	1.0	1/2	1/2	Chord	4/4	1	1	1/4	1/4	1	18	m√ºs-						
4	4	15	15	0.5	3/4	3/4	Chord	4/4	1	1	1/8	1/8	1	19	sen						
4	4	31/2	31/2	0.5	7/8	7/8	Chord	4/4	1	1	1/8	1/8	1	20	sich						
4	4	12	12	4.0	0	0	Chord	4/4	2	1	1	1	1	21							
5	5	16	16	0.75	0	0	Chord	4/4	1	1	3/16	1/8	3/2	22	sch√§-						
5	5	67/4	67/4	0.25	3/16	3/16	Chord	4/4	1	1	1/16	1/16	1	23	men						
5	5	17	17	0.75	1/4	1/4	Chord	4/4	1	1	3/16	1/8	3/2	24	und						
5	5	71/4	71/4	0.25	7/16	7/16	Chord	4/4	1	1	1/16	1/16	1	25	zu						
5	5	18	18	1.5	1/2	1/2	Chord	4/4	1	1	3/8	1/4	3/2	26	Schan-						
5	5	39/2	39/2	0.5	7/8	7/8	Chord	4/4	1	1	1/8	1/8	1	27	den						
5	5	16	16	2.0	0	0	Chord	4/4	2	1	1/2	1/2	1	28							
5	5	18	18	2.0	1/2	1/2	Chord	4/4	2	1	1/2	1/2	1	29							
6	6	20	20	2.0	0	0	Chord	4/4	1	1	1/2	1/2	1	30	wer-						
6	6	22	22	2.0	1/2	1/2	Chord	4/4	1	1	1/2	1/2	1	31	den,						
6	6	20	20	4.0	0	0	Chord	4/4	2	1	1	1	1	32							
7	7	25	25	0.5	1/4	1/4	Chord	4/4	1	1	1/8	1/8	1	33	die						
7	7	51/2	51/2	0.5	3/8	3/8	Chord	4/4	1	1	1/8	1/8	1	34	nach						
7	7	26	26	1.5	1/2	1/2	Chord	4/4	1	1	3/8	1/4	3/2	35	mei-						
7	7	55/2	55/2	0.5	7/8	7/8	Chord	4/4	1	1	1/8	1/8	1	36	ner						
7	7	24	24	4.0	0	0	Chord	4/4	2	1	1	1	1	37							
8	8	28	28	2.0	0	0	Chord	4/4	1	1	1/2	1/2	1	38	See-						
8	8	30	30	2.0	1/2	1/2	Chord	4/4	1	1	1/2	1/2	1	39	len						
8	8	28	28	4.0	0	0	Chord	4/4	2	1	1	1	1	40	6    5						
9	9	32	32	4.0	0	0	Chord	4/4	1	1	1	1	1	41	ste-						
9	9	32	32	4.0	0	0	Chord	4/4	2	1	1	1	1	42	4						
10	10	36	36	4.0	0	0	Chord	4/4	1	1	1	1	1	43	hen,						
10	10	36	36	4.0	0	0	Chord	4/4	2	1	1	1	1	44							
11	11	41	41	1.0	1/4	1/4	Chord	4/4	1	1	1/4	1/4	1	45	sie						
11	11	42	42	1.0	1/2	1/2	Chord	4/4	1	1	1/4	1/4	1	46	m√ºs-						
11	11	43	43	0.5	3/4	3/4	Chord	4/4	1	1	1/8	1/8	1	47	sen						
11	11	87/2	87/2	0.5	7/8	7/8	Chord	4/4	1	1	1/8	1/8	1	48	zu-						
11	11	40	40	4.0	0	0	Chord	4/4	2	1	1	1	1	49							
12	12	44	44	1.5	0	0	Chord	4/4	1	1	3/8	1/4	3/2	50	r√º-						
12	12	91/2	91/2	0.5	3/8	3/8	Chord	4/4	1	1	1/8	1/8	1	51	cke-						
12	12	46	46	1.0	1/2	1/2	Chord	4/4	1	1	1/4	1/4	1	52	keh-						
12	12	47	47	1.0	3/4	3/4	Chord	4/4	1	1	1/4	1/4	1	53	ren						
12	12	44	44	4.0	0	0	Chord	4/4	2	1	1	1	1	54							
13	13	49	49	0.5	1/4	1/4	Chord	4/4	1	1	1/8	1/8	1	55	und						
13	13	99/2	99/2	0.5	3/8	3/8	Chord	4/4	1	1	1/8	1/8	1	56	ge-						
13	13	50	50	1.5	1/2	1/2	Chord	4/4	1	1	3/8	1/4	3/2	57	h√∂h-						
13	13	103/2	103/2	0.5	7/8	7/8	Chord	4/4	1	1	1/8	1/8	1	58	net						
13	13	48	48	4.0	0	0	Chord	4/4	2	1	1	1	1	59							
14	14	52	52	1.0	0	0	Chord	4/4	1	1	1/4	1/4	1	60	wer-						
14	14	53	53	1.0	1/4	1/4	Chord	4/4	1	1	1/4	1/4	1	61	den,						
14	14	55	55	0.5	3/4	3/4	Chord	4/4	1	1	1/8	1/8	1	62	die						
14	14	111/2	111/2	0.5	7/8	7/8	Chord	4/4	1	1	1/8	1/8	1	63	mir						
14	14	52	52	2.0	0	0	Chord	4/4	2	1	1/2	1/2	1	64							
14	14	54	54	2.0	1/2	1/2	Chord	4/4	2	1	1/2	1/2	1	65							
15	15	56	56	1.5	0	0	Chord	4/4	1	1	3/8	1/4	3/2	66	√º-						
15	15	115/2	115/2	0.5	3/8	3/8	Chord	4/4	1	1	1/8	1/8	1	67	bels						
15	15	58	58	2.0	1/2	1/2	Chord	4/4	1	1	1/2	1/2	1	68	w√ºn-						
15	15	56	56	4.0	0	0	Chord	4/4	2	1	1	1	1	69							
16	16	60	60	4.0	0	0	Chord	4/4	1	1	1	1	1	70	sehen,						
16	16	60	60	4.0	0	0	Chord	4/4	2	1	1	1	1	71							
17	17	65	65	0.75	1/4	1/4	Chord	4/4	1	1	3/16	1/8	3/2	72	dass						
17	17	263/4	263/4	0.25	7/16	7/16	Chord	4/4	1	1	1/16	1/16	1	73	sie						
17	17	66	66	1.0	1/2	1/2	Chord	4/4	1	1	1/4	1/4	1	74	m√ºs-						
17	17	67	67	1.0	3/4	3/4	Chord	4/4	1	1	1/4	1/4	1	75	sen						
17	17	64	64	4.0	0	0	Chord	4/4	2	1	1	1	1	76							
18	18	68	68	0.75	0	0	Chord	4/4	1	1	3/16	1/8	3/2	77	wie-						
18	18	275/4	275/4	0.25	3/16	3/16	Chord	4/4	1	1	1/16	1/16	1	78	de-						
18	18	69	69	0.75	1/4	1/4	Chord	4/4	1	1	3/16	1/8	3/2	79	rum						
18	18	279/4	279/4	0.25	7/16	7/16	Chord	4/4	1	1	1/16	1/16	1	80	zu						
18	18	70	70	1.5	1/2	1/2	Chord	4/4	1	1	3/8	1/4	3/2	81	Schan-						
18	18	143/2	143/2	0.5	7/8	7/8	Chord	4/4	1	1	1/8	1/8	1	82	den						
18	18	68	68	2.0	0	0	Chord	4/4	2	1	1/2	1/2	1	83							
18	18	70	70	2.0	1/2	1/2	Chord	4/4	2	1	1/2	1/2	1	84	6						
19	19	72	72	2.0	0	0	Chord	4/4	1	1	1/2	1/2	1	85	wer-						
19	19	74	74	2.0	1/2	1/2	Chord	4/4	1	1	1/2	1/2	1	86	den,						
19	19	72	72	4.0	0	0	Chord	4/4	2	1	1	1	1	87							
20	20	76	76	0.5	0	0	Chord	4/4	1	1	1/8	1/8	1	88	die						
20	20	153/2	153/2	0.5	1/8	1/8	Chord	4/4	1	1	1/8	1/8	1	89	da						
20	20	77	77	0.5	1/4	1/4	Chord	4/4	1	1	1/8	1/8	1	90	√º-						
20	20	155/2	155/2	0.25	3/8	3/8	Chord	4/4	1	1	1/16	1/16	1	91	ber						
20	20	311/4	311/4	0.25	7/16	7/16	Chord	4/4	1	1	1/16	1/16	1	92	mich						
20	20	78	78	1.0	1/2	1/2	Chord	4/4	1	1	1/4	1/4	1	93	schre-						
20	20	79	79	0.75	3/4	3/4	Chord	4/4	1	1	3/16	1/8	3/2	94	ien:						
20	20	319/4	319/4	0.25	15/16	15/16	Chord	4/4	1	1	1/16	1/16	1	95	Da,						
20	20	76	76	4.0	0	0	Chord	4/4	2	1	1	1	1	96							
21	21	80	80	1.5	0	0	Chord	4/4	1	1	3/8	1/4	3/2	97	da,						
21	21	163/2	163/2	0.5	3/8	3/8	Chord	4/4	1	1	1/8	1/8	1	98	da,						
21	21	82	82	1.5	1/2	1/2	Chord	4/4	1	1	3/8	1/4	3/2	99	da,						
21	21	167/2	167/2	0.5	7/8	7/8	Chord	4/4	1	1	1/8	1/8	1	100	da,						
21	21	80	80	2.0	0	0	Chord	4/4	2	1	1/2	1/2	1	101							
21	21	82	82	1.0	1/2	1/2	Chord	4/4	2	1	1/4	1/4	1	102							
21	21	83	83	1.0	3/4	3/4	Chord	4/4	2	1	1/4	1/4	1	103							
22	22	84	84	4.0	0	0	Chord	4/4	1	1	1	1	1	104	da;						
22	22	84	84	4.0	0	0	Chord	4/4	2	1	1	1	1	105							
23	23	89	89	2.0	1/4	1/4	Chord	4/4	1	1	1/2	1/2	1	106	freu-						
23	23	91	91	0.5	3/4	3/4	Chord	4/4	1	1	1/8	1/8	1	107	en						
23	23	183/2	183/2	0.5	7/8	7/8	Chord	4/4	1	1	1/8	1/8	1	108	und						
23	23	88	88	4.0	0	0	Chord	4/4	2	1	1	1	1	109							
24	24	92	92	0.5	0	0	Chord	4/4	1	1	1/8	1/8	1	110	fr√∂h-						
24	24	185/2	185/2	0.5	1/8	1/8	Chord	4/4	1	1	1/8	1/8	1	111	lich						
24	24	93	93	1.5	1/4	1/4	Chord	4/4	1	1	3/8	1/4	3/2	112	m√ºs-						
24	24	189/2	189/2	0.5	5/8	5/8	Chord	4/4	1	1	1/8	1/8	1	113	sen						
24	24	95	95	0.5	3/4	3/4	Chord	4/4	1	1	1/8	1/8	1	114	sein						
24	24	191/2	191/2	0.5	7/8	7/8	Chord	4/4	1	1	1/8	1/8	1	115	in						
24	24	92	92	4.0	0	0	Chord	4/4	2	1	1	1	1	116							
25	25	96	96	2.0	0	0	Chord	4/4	1	1	1/2	1/2	1	117	dir,						
25	25	197/2	197/2	0.5	5/8	5/8	Chord	4/4	1	1	1/8	1/8	1	118	die						
25	25	99	99	0.5	3/4	3/4	Chord	4/4	1	1	1/8	1/8	1	119	nach						
25	25	199/2	199/2	0.5	7/8	7/8	Chord	4/4	1	1	1/8	1/8	1	120	dir						
25	25	96	96	4.0	0	0	Chord	4/4	2	1	1	1	1	121							
26	26	100	100	1.0	0	0	Chord	4/4	1	1	1/4	1/4	1	122	fra-						
26	26	101	101	1.0	1/4	1/4	Chord	4/4	1	1	1/4	1/4	1	123	gen						
26	26	103	103	1.0	3/4	3/4	Chord	4/4	1	1	1/4	1/4	1	124	und						
26	26	100	100	2.0	0	0	Chord	4/4	2	1	1/2	1/2	1	125							
26	26	102	102	2.0	1/2	1/2	Chord	4/4	2	1	1/2	1/2	1	126							
27	27	104	104	1.0	0	0	Chord	4/4	1	1	1/4	1/4	1	127							
27	27	105	105	0.5	1/4	1/4	Chord	4/4	1	1	1/8	1/8	1	128	dein						
27	27	211/2	211/2	0.5	3/8	3/8	Chord	4/4	1	1	1/8	1/8	1	129	Heil						
27	27	106	106	2.0	1/2	1/2	Chord	4/4	1	1	1/2	1/2	1	130	he-						
27	27	104	104	2.0	0	0	Chord	4/4	2	1	1/2	1/2	1	131							
27	27	106	106	2.0	1/2	1/2	Chord	4/4	2	1	1/2	1/2	1	132							
28	28	108	108	4.0	0	0	Chord	4/4	1	1	1	1	1	133	ben,						
28	28	108	108	4.0	0	0	Chord	4/4	2	1	1	1	1	134							
29	29	113	113	0.5	1/4	1/4	Chord	4/4	1	1	1/8	1/8	1	135	im-						
29	29	227/2	227/2	0.5	3/8	3/8	Chord	4/4	1	1	1/8	1/8	1	136	mer						
29	29	114	114	2.0	1/2	1/2	Chord	4/4	1	1	1/2	1/2	1	137	sa-						
29	29	112	112	2.0	0	0	Chord	4/4	2	1	1/2	1/2	1	138							
29	29	114	114	2.0	1/2	1/2	Chord	4/4	2	1	1/2	1/2	1	139							
30	30	116	116	2.0	0	0	Chord	4/4	1	1	1/2	1/2	1	140	gen:						
30	30	119	119	0.5	3/4	3/4	Chord	4/4	1	1	1/8	1/8	1	141	Hoch						
30	30	239/2	239/2	0.5	7/8	7/8	Chord	4/4	1	1	1/8	1/8	1	142	ge-						
30	30	116	116	4.0	0	0	Chord	4/4	2	1	1	1	1	143							
31	31	120	120	1.0	0	0	Chord	4/4	1	1	1/4	1/4	1	144	lobt,						
31	31	243/2	243/2	0.5	3/8	3/8	Chord	4/4	1	1	1/8	1/8	1	145	ge-						
31	31	122	122	1.0	1/2	1/2	Chord	4/4	1	1	1/4	1/4	1	146	lobt,						
31	31	123	123	0.5	3/4	3/4	Chord	4/4	1	1	1/8	1/8	1	147	hoch						
31	31	247/2	247/2	0.5	7/8	7/8	Chord	4/4	1	1	1/8	1/8	1	148	ge-						
31	31	120	120	4.0	0	0	Chord	4/4	2	1	1	1	1	149							
32	32	124	124	1.0	0	0	Chord	4/4	1	1	1/4	1/4	1	150	lobt,						
32	32	251/2	251/2	0.5	3/8	3/8	Chord	4/4	1	1	1/8	1/8	1	151	ge-						
32	32	126	126	2.0	1/2	1/2	Chord	4/4	1	1	1/2	1/2	1	152	lobt						
32	32	124	124	2.0	0	0	Chord	4/4	2	1	1/2	1/2	1	153							
32	32	126	126	2.0	1/2	1/2	Chord	4/4	2	1	1/2	1/2	1	154							
33	33	128	128	4.0	0	0	Chord	4/4	1	1	1	1	1	155	sei						
33	33	128	128	4.0	0	0	Chord	4/4	2	1	1	1	1	156							
34	34	132	132	4.0	0	0	Chord	4/4	1	1	1	1	1	157	Gott.						
34	34	132	132	4.0	0	0	Chord	4/4	2	1	1	1	1	158							
35	35	136	136	0.0	0	0	StaffText	4/4	2	1	0					Symphonia					
35	35	136	136	1.0	0	0	Chord	4/4	2	1	1/4	1/4	1	159							
35	35	137	137	1.0	1/4	1/4	Chord	4/4	2	1	1/4	1/4	1	160							
35	35	138	138	1.0	1/2	1/2	Chord	4/4	2	1	1/4	1/4	1	161							
35	35	139	139	1.0	3/4	3/4	Chord	4/4	2	1	1/4	1/4	1	162							
36	36	140	140	2.0	0	0	Chord	4/4	2	1	1/2	1/2	1	163							
36	36	142	142	1.0	1/2	1/2	Chord	4/4	2	1	1/4	1/4	1	164							
36	36	143	143	1.0	3/4	3/4	Chord	4/4	2	1	1/4	1/4	1	165							
37	37	144	144	1.0	0	0	Chord	4/4	2	1	1/4	1/4	1	166							
37	37	145	145	1.0	1/4	1/4	Chord	4/4	2	1	1/4	1/4	1	167							
37	37	146	146	2.0	1/2	1/2	Chord	4/4	2	1	1/2	1/2	1	168							
38	38	148	148	4.0	0	0	Chord	4/4	2	1	1	1	1	169							
39	39	155	155	1.0	3/4	3/4	Chord	4/4	1	1	1/4	1/4	1	170	Ich						
39	39	152	152	4.0	0	0	Chord	4/4	2	1	1	1	1	171							
40	40	156	156	2.0	0	0	Chord	4/4	1	1	1/2	1/2	1	172	a-						
40	40	158	158	1.0	1/2	1/2	Chord	4/4	1	1	1/4	1/4	1	173	ber						
40	40	319/2	319/2	0.5	7/8	7/8	Chord	4/4	1	1	1/8	1/8	1	174	bin						
40	40	156	156	4.0	0	0	Chord	4/4	2	1	1	1	1	175							
41	41	160	160	1.0	0	0	Chord	4/4	1	1	1/4	1/4	1	176	e-						
41	41	161	161	0.5	1/4	1/4	Chord	4/4	1	1	1/8	1/8	1	177	lend						
41	41	323/2	323/2	0.5	3/8	3/8	Chord	4/4	1	1	1/8	1/8	1	178	und						
41	41	162	162	2.0	1/2	1/2	Chord	4/4	1	1	1/2	1/2	1	179	arm;						
41	41	160	160	2.0	0	0	Chord	4/4	2	1	1/2	1/2	1	180							
41	41	162	162	2.0	1/2	1/2	Chord	4/4	2	1	1/2	1/2	1	181	6						
42	42	329/2	329/2	0.5	1/8	1/8	Chord	4/4	1	1	1/8	1/8	1	182	Gott,						
42	42	165	165	1.0	1/4	1/4	Chord	4/4	1	1	1/4	1/4	1	183	ei-						
42	42	166	166	0.5	1/2	1/2	Chord	4/4	1	1	1/8	1/8	1	184	le,						
42	42	333/2	333/2	1.0	5/8	5/8	Chord	4/4	1	1	1/4	1/4	1	185	ei-						
42	42	335/2	335/2	0.25	7/8	7/8	Chord	4/4	1	1	1/16	1/16	1	186	le						
42	42	671/4	671/4	0.25	15/16	15/16	Chord	4/4	1	1	1/16	1/16	1	187	zu						
42	42	164	164	2.0	0	0	Chord	4/4	2	1	1/2	1/2	1	188							
42	42	166	166	2.0	1/2	1/2	Chord	4/4	2	1	1/2	1/2	1	189							
43	43	168	168	0.5	0	0	Chord	4/4	1	1	1/8	1/8	1	190	mir,						
43	43	337/2	337/2	0.5	1/8	1/8	Chord	4/4	1	1	1/8	1/8	1	191	Gott,						
43	43	169	169	1.0	1/4	1/4	Chord	4/4	1	1	1/4	1/4	1	192	ei-						
43	43	170	170	0.5	1/2	1/2	Chord	4/4	1	1	1/8	1/8	1	193	le,						
43	43	341/2	341/2	1.0	5/8	5/8	Chord	4/4	1	1	1/4	1/4	1	194	ei-						
43	43	343/2	343/2	0.25	7/8	7/8	Chord	4/4	1	1	1/16	1/16	1	195	le						
43	43	687/4	687/4	0.25	15/16	15/16	Chord	4/4	1	1	1/16	1/16	1	196	zu						
43	43	168	168	4.0	0	0	Chord	4/4	2	1	1	1	1	197							
44	44	172	172	2.0	0	0	Chord	4/4	1	1	1/2	1/2	1	198	mir,						
44	44	175	175	0.5	3/4	3/4	Chord	4/4	1	1	1/8	1/8	1	199	denn						
44	44	351/2	351/2	0.5	7/8	7/8	Chord	4/4	1	1	1/8	1/8	1	200	du						
44	44	172	172	2.0	0	0	Chord	4/4	2	1	1/2	1/2	1	201							
44	44	174	174	2.0	1/2	1/2	Chord	4/4	2	1	1/2	1/2	1	202							
45	45	176	176	1.5	0	0	Chord	4/4	1	1	3/8	1/4	3/2	203	bist						
45	45	355/2	355/2	0.5	3/8	3/8	Chord	4/4	1	1	1/8	1/8	1	204	mein						
45	45	178	178	2.0	1/2	1/2	Chord	4/4	1	1	1/2	1/2	1	205	Hel-						
45	45	176	176	2.0	0	0	Chord	4/4	2	1	1/2	1/2	1	206							
45	45	178	178	2.0	1/2	1/2	Chord	4/4	2	1	1/2	1/2	1	207							
46	46	180	180	1.0	0	0	Chord	4/4	1	1	1/4	1/4	1	208	fer,						
46	46	363/2	363/2	0.5	3/8	3/8	Chord	4/4	1	1	1/8	1/8	1	209	mein						
46	46	182	182	1.5	1/2	1/2	Chord	4/4	1	1	3/8	1/4	3/2	210	Hel-						
46	46	367/2	367/2	0.5	7/8	7/8	Chord	4/4	1	1	1/8	1/8	1	211	fer						
46	46	180	180	4.0	0	0	Chord	4/4	2	1	1	1	1	212							
47	47	184	184	1.5	0	0	Chord	4/4	1	1	3/8	1/4	3/2	213	und						
47	47	371/2	371/2	0.5	3/8	3/8	Chord	4/4	1	1	1/8	1/8	1	214	Er-						
47	47	186	186	1.0	1/2	1/2	Chord	4/4	1	1	1/4	1/4	1	215	ret-						
47	47	187	187	1.0	3/4	3/4	Chord	4/4	1	1	1/4	1/4	1	216	ter,						
47	47	184	184	2.0	0	0	Chord	4/4	2	1	1/2	1/2	1	217							
47	47	186	186	2.0	1/2	1/2	Chord	4/4	2	1	1/2	1/2	1	218							
48	48	377/2	377/2	0.5	1/8	1/8	Chord	4/4	1	1	1/8	1/8	1	219	Gott,						
48	48	189	189	1.0	1/4	1/4	Chord	4/4	1	1	1/4	1/4	1	220	ei-						
48	48	190	190	0.5	1/2	1/2	Chord	4/4	1	1	1/8	1/8	1	221	le,						
48	48	381/2	381/2	1.0	5/8	5/8	Chord	4/4	1	1	1/4	1/4	1	222	ei-						
48	48	383/2	383/2	0.25	7/8	7/8	Chord	4/4	1	1	1/16	1/16	1	223	le						
48	48	767/4	767/4	0.25	15/16	15/16	Chord	4/4	1	1	1/16	1/16	1	224	zu						
48	48	188	188	4.0	0	0	Chord	4/4	2	1	1	1	1	225							
49	49	192	192	0.5	0	0	Chord	4/4	1	1	1/8	1/8	1	226	mir,						
49	49	385/2	385/2	0.5	1/8	1/8	Chord	4/4	1	1	1/8	1/8	1	227	Gott,						
49	49	193	193	1.0	1/4	1/4	Chord	4/4	1	1	1/4	1/4	1	228	ei-						
49	49	194	194	0.5	1/2	1/2	Chord	4/4	1	1	1/8	1/8	1	229	le,						
49	49	389/2	389/2	1.0	5/8	5/8	Chord	4/4	1	1	1/4	1/4	1	230	ei-						
49	49	391/2	391/2	0.25	7/8	7/8	Chord	4/4	1	1	1/16	1/16	1	231	le						
49	49	783/4	783/4	0.25	15/16	15/16	Chord	4/4	1	1	1/16	1/16	1	232	zu						
49	49	192	192	4.0	0	0	Chord	4/4	2	1	1	1	1	233							
50	50	196	196	2.0	0	0	Chord	4/4	1	1	1/2	1/2	1	234	mir,						
50	50	199	199	0.5	3/4	3/4	Chord	4/4	1	1	1/8	1/8	1	235	denn						
50	50	399/2	399/2	0.5	7/8	7/8	Chord	4/4	1	1	1/8	1/8	1	236	du						
50	50	196	196	2.0	0	0	Chord	4/4	2	1	1/2	1/2	1	237							
50	50	198	198	2.0	1/2	1/2	Chord	4/4	2	1	1/2	1/2	1	238							
51	51	200	200	1.5	0	0	Chord	4/4	1	1	3/8	1/4	3/2	239	bist						
51	51	403/2	403/2	0.5	3/8	3/8	Chord	4/4	1	1	1/8	1/8	1	240	mien						
51	51	202	202	2.0	1/2	1/2	Chord	4/4	1	1	1/2	1/2	1	241	Hel-						
51	51	200	200	4.0	0	0	Chord	4/4	2	1	1	1	1	242							
52	52	204	204	1.0	0	0	Chord	4/4	1	1	1/4	1/4	1	243	fer,						
52	52	411/2	411/2	0.5	3/8	3/8	Chord	4/4	1	1	1/8	1/8	1	244	mein						
52	52	206	206	1.5	1/2	1/2	Chord	4/4	1	1	3/8	1/4	3/2	245	Hel-						
52	52	415/2	415/2	0.5	7/8	7/8	Chord	4/4	1	1	1/8	1/8	1	246	fer						
52	52	204	204	4.0	0	0	Chord	4/4	2	1	1	1	1	247							
53	53	208	208	1.5	0	0	Chord	4/4	1	1	3/8	1/4	3/2	248	und						
53	53	419/2	419/2	0.5	3/8	3/8	Chord	4/4	1	1	1/8	1/8	1	249	Er-						
53	53	210	210	1.0	1/2	1/2	Chord	4/4	1	1	1/4	1/4	1	250	ret-						
53	53	211	211	0.5	3/4	3/4	Chord	4/4	1	1	1/8	1/8	1	251	ter,						
53	53	423/2	423/2	0.5	7/8	7/8	Chord	4/4	1	1	1/8	1/8	1	252	memGott,						
53	53	208	208	2.0	0	0	Chord	4/4	2	1	1/2	1/2	1	253							
53	53	210	210	2.0	1/2	1/2	Chord	4/4	2	1	1/2	1/2	1	254							
54	54	212	212	1.0	0	0	Chord	4/4	1	1	1/4	1/4	1	255							
54	54	427/2	427/2	0.5	3/8	3/8	Chord	4/4	1	1	1/8	1/8	1	256	mein						
54	54	214	214	1.0	1/2	1/2	Chord	4/4	1	1	1/4	1/4	1	257	Gott,						
54	54	431/2	431/2	0.5	7/8	7/8	Chord	4/4	1	1	1/8	1/8	1	258	mein						
54	54	212	212	2.0	0	0	Chord	4/4	2	1	1/2	1/2	1	259							
54	54	214	214	2.0	1/2	1/2	Chord	4/4	2	1	1/2	1/2	1	260							
55	55	216	216	1.0	0	0	Chord	4/4	1	1	1/4	1/4	1	261	Gott,						
55	55	217	217	1.0	1/4	1/4	Chord	4/4	1	1	1/4	1/4	1	262	ver-						
55	55	218	218	2.0	1/2	1/2	Chord	4/4	1	1	1/2	1/2	1	263	zeuch						
55	55	216	216	2.0	0	0	Chord	4/4	2	1	1/2	1/2	1	264							
55	55	218	218	2.0	1/2	1/2	Chord	4/4	2	1	1/2	1/2	1	265							
56	56	220	220	2.0	0	0	Chord	4/4	1	1	1/2	1/2	1	266	nicht,						
56	56	447/2	447/2	0.5	7/8	7/8	Chord	4/4	1	1	1/8	1/8	1	267	mein						
56	56	220	220	2.0	0	0	Chord	4/4	2	1	1/2	1/2	1	268							
56	56	222	222	2.0	1/2	1/2	Chord	4/4	2	1	1/2	1/2	1	269							
57	57	224	224	1.0	0	0	Chord	4/4	1	1	1/4	1/4	1	270	Gott,						
57	57	451/2	451/2	0.5	3/8	3/8	Chord	4/4	1	1	1/8	1/8	1	271	mein						
57	57	226	226	1.0	1/2	1/2	Chord	4/4	1	1	1/4	1/4	1	272	Gott,						
57	57	455/2	455/2	0.5	7/8	7/8	Chord	4/4	1	1	1/8	1/8	1	273	mein						
57	57	224	224	2.0	0	0	Chord	4/4	2	1	1/2	1/2	1	274							
57	57	226	226	2.0	1/2	1/2	Chord	4/4	2	1	1/2	1/2	1	275	6						
58	58	228	228	1.5	0	0	Chord	4/4	1	1	3/8	1/4	3/2	276	Gott,						
58	58	459/2	459/2	0.5	3/8	3/8	Chord	4/4	1	1	1/8	1/8	1	277	ver-						
58	58	230	230	2.0	1/2	1/2	Chord	4/4	1	1	1/2	1/2	1	278	zeuch						
58	58	228	228	1.0	0	0	Chord	4/4	2	1	1/4	1/4	1	279							
58	58	229	229	1.0	1/4	1/4	Chord	4/4	2	1	1/4	1/4	1	280							
58	58	230	230	2.0	1/2	1/2	Chord	4/4	2	1	1/2	1/2	1	281							
59	59	232	232	4.0	0	0	Chord	4/4	1	1	1	1	1	282	nicht,						
59	59	232	232	4.0	0	0	Chord	4/4	2	1	1	1	1	283							
60	60	237	237	0.5	1/4	1/4	Chord	4/4	1	1	1/8	1/8	1	284	denn						
60	60	475/2	475/2	0.5	3/8	3/8	Chord	4/4	1	1	1/8	1/8	1	285	du						
60	60	238	238	1.5	1/2	1/2	Chord	4/4	1	1	3/8	1/4	3/2	286	bist						
60	60	479/2	479/2	0.5	7/8	7/8	Chord	4/4	1	1	1/8	1/8	1	287	mein						
60	60	236	236	4.0	0	0	Chord	4/4	2	1	1	1	1	288							
61	61	240	240	1.0	0	0	Chord	4/4	1	1	1/4	1/4	1	289	Hel-						
61	61	241	241	1.0	1/4	1/4	Chord	4/4	1	1	1/4	1/4	1	290	fer,						
61	61	243	243	1.0	3/4	3/4	Chord	4/4	1	1	1/4	1/4	1	291	mein						
61	61	240	240	2.0	0	0	Chord	4/4	2	1	1/2	1/2	1	292							
61	61	242	242	2.0	1/2	1/2	Chord	4/4	2	1	1/2	1/2	1	293							
62	62	244	244	1.5	0	0	Chord	4/4	1	1	3/8	1/4	3/2	294	Hel-						
62	62	491/2	491/2	0.5	3/8	3/8	Chord	4/4	1	1	1/8	1/8	1	295	fer						
62	62	246	246	1.5	1/2	1/2	Chord	4/4	1	1	3/8	1/4	3/2	296	und						
62	62	495/2	495/2	0.5	7/8	7/8	Chord	4/4	1	1	1/8	1/8	1	297	Er-						
62	62	244	244	2.0	0	0	Chord	4/4	2	1	1/2	1/2	1	298							
62	62	246	246	2.0	1/2	1/2	Chord	4/4	2	1	1/2	1/2	1	299	6						
63	63	248	248	1.0	0	0	Chord	4/4	1	1	1/4	1/4	1	300	ret-						
63	63	249	249	1.0	1/4	1/4	Chord	4/4	1	1	1/4	1/4	1	301	ter,						
63	63	251	251	1.0	3/4	3/4	Chord	4/4	1	1	1/4	1/4	1	302	mein						
63	63	248	248	4.0	0	0	Chord	4/4	2	1	1	1	1	303							
64	64	252	252	2.0	0	0	Chord	4/4	1	1	1/2	1/2	1	304	Gott,						
64	64	255	255	1.0	3/4	3/4	Chord	4/4	1	1	1/4	1/4	1	305	mein						
64	64	252	252	2.0	0	0	Chord	4/4	2	1	1/2	1/2	1	306							
64	64	254	254	2.0	1/2	1/2	Chord	4/4	2	1	1/2	1/2	1	307							
65	65	256	256	2.0	0	0	Chord	4/4	1	1	1/2	1/2	1	308	Gott,						
65	65	259	259	1.0	3/4	3/4	Chord	4/4	1	1	1/4	1/4	1	309	mein						
65	65	256	256	2.0	0	0	Chord	4/4	2	1	1/2	1/2	1	310							
65	65	258	258	2.0	1/2	1/2	Chord	4/4	2	1	1/2	1/2	1	311							
66	66	260	260	3.0	0	0	Chord	4/4	1	1	3/4	1/2	3/2	312	Gott,						
66	66	263	263	1.0	3/4	3/4	Chord	4/4	1	1	1/4	1/4	1	313	ver-						
66	66	260	260	1.0	0	0	Chord	4/4	2	1	1/4	1/4	1	314							
66	66	261	261	1.0	1/4	1/4	Chord	4/4	2	1	1/4	1/4	1	315							
66	66	262	262	1.0	1/2	1/2	Chord	4/4	2	1	1/4	1/4	1	316							
66	66	263	263	1.0	3/4	3/4	Chord	4/4	2	1	1/4	1/4	1	317							
67	67	264	264	4.0	0	0	Chord	4/4	1	1	1	1	1	318	zeuch						
67	67	264	264	4.0	0	0	Chord	4/4	2	1	1	1	1	319							
68	68	268	268	4.0	0	0	Chord	4/4	1	1	1	1	1	320	nicht.						
68	68	268	268	4.0	0	0	Chord	4/4	2	1	1	1	1	321							
