mc	mn	quarterbeats	quarterbeats_all_endings	duration_qb	mc_onset	mn_onset	event	timesig	staff	voice	duration	nominal_duration	scalar	chord_id	lyrics_1	lyrics_2	staff_text	tempo	qpm	metronome_base	metronome_number	tempo_visible	slur
1	1	0	0	0.0	0	0	Tempo	4/4	1	1	0							ùÖü=100	100.0	ùÖü	100.0	0.0	
1	1	0	0	2.0	0	0	Chord	4/4	1	1	1/2	1/2	1	0	Wer								
1	1	2	2	1.0	1/2	1/2	Chord	4/4	1	1	1/4	1/4	1	1	will								
1	1	3	3	1.0	3/4	3/4	Chord	4/4	1	1	1/4	1/4	1	2	uns								
1	1	0	0	2.0	0	0	Chord	4/4	5	1	1/2	1/2	1	3									
1	1	2	2	1.0	1/2	1/2	Chord	4/4	5	1	1/4	1/4	1	4									
1	1	3	3	1.0	3/4	3/4	Chord	4/4	5	1	1/4	1/4	1	5									
2	2	4	4	1.5	0	0	Chord	4/4	1	1	3/8	1/4	3/2	6	schei-								0
2	2	11/2	11/2	0.5	3/8	3/8	Chord	4/4	1	1	1/8	1/8	1	7									0
2	2	6	6	2.0	1/2	1/2	Chord	4/4	1	1	1/2	1/2	1	8									
2	2	4	4	1.5	0	0	Chord	4/4	5	1	3/8	1/4	3/2	9									
2	2	11/2	11/2	0.5	3/8	3/8	Chord	4/4	5	1	1/8	1/8	1	10									
2	2	6	6	2.0	1/2	1/2	Chord	4/4	5	1	1/2	1/2	1	11									
3	3	8	8	2.0	0	0	Chord	4/4	1	1	1/2	1/2	1	12	den								
3	3	10	10	1.0	1/2	1/2	Chord	4/4	1	1	1/4	1/4	1	13	von								
3	3	11	11	1.0	3/4	3/4	Chord	4/4	1	1	1/4	1/4	1	14	der								
3	3	8	8	2.0	0	0	Chord	4/4	5	1	1/2	1/2	1	15									
3	3	10	10	1.0	1/2	1/2	Chord	4/4	5	1	1/4	1/4	1	16									
3	3	11	11	1.0	3/4	3/4	Chord	4/4	5	1	1/4	1/4	1	17									
4	4	12	12	1.0	0	0	Chord	4/4	1	1	1/4	1/4	1	18	Lie-								
4	4	13	13	1.0	1/4	1/4	Chord	4/4	1	1	1/4	1/4	1	19	be								
4	4	14	14	2.0	1/2	1/2	Chord	4/4	1	1	1/2	1/2	1	20	Got-								
4	4	14	14	2.0	1/2	1/2	Chord	4/4	2	1	1/2	1/2	1	21	Tr√ºb-								
4	4	14	14	2.0	1/2	1/2	Chord	4/4	3	1	1/2	1/2	1	22	Tr√ºb-								
4	4	12	12	1.0	0	0	Chord	4/4	5	1	1/4	1/4	1	23									
4	4	13	13	1.0	1/4	1/4	Chord	4/4	5	1	1/4	1/4	1	24									
4	4	14	14	2.0	1/2	1/2	Chord	4/4	5	1	1/2	1/2	1	25									
5	5	16	16	4.0	0	0	Chord	4/4	1	1	1	1	1	26	tes?								
5	5	16	16	1.0	0	0	Chord	4/4	2	1	1/4	1/4	1	27									
5	5	17	17	1.0	1/4	1/4	Chord	4/4	2	1	1/4	1/4	1	28	sal								
5	5	18	18	1.0	1/2	1/2	Chord	4/4	2	1	1/4	1/4	1	29	o-								
5	5	19	19	1.0	3/4	3/4	Chord	4/4	2	1	1/4	1/4	1	30	der								
5	5	16	16	1.0	0	0	Chord	4/4	3	1	1/4	1/4	1	31									
5	5	17	17	1.0	1/4	1/4	Chord	4/4	3	1	1/4	1/4	1	32	sal								
5	5	18	18	1.0	1/2	1/2	Chord	4/4	3	1	1/4	1/4	1	33	o-								
5	5	19	19	1.0	3/4	3/4	Chord	4/4	3	1	1/4	1/4	1	34	der								
5	5	18	18	2.0	1/2	1/2	Chord	4/4	4	1	1/2	1/2	1	35	Tr√ºb-								
5	5	16	16	1.0	0	0	Chord	4/4	5	1	1/4	1/4	1	36	6	4							
5	5	17	17	1.0	1/4	1/4	Chord	4/4	5	1	1/4	1/4	1	37	5								
5	5	18	18	2.0	1/2	1/2	Chord	4/4	5	1	1/2	1/2	1	38									
6	6	22	22	2.0	1/2	1/2	Chord	4/4	1	1	1/2	1/2	1	39	Tr√ºb-								
6	6	20	20	2.0	0	0	Chord	4/4	2	1	1/2	1/2	1	40	Angst,								
6	6	20	20	2.0	0	0	Chord	4/4	3	1	1/2	1/2	1	41	Angst,								
6	6	45/2	45/2	0.5	5/8	5/8	Chord	4/4	3	1	1/8	1/8	1	42	o-								
6	6	23	23	0.5	3/4	3/4	Chord	4/4	3	1	1/8	1/8	1	43	der								
6	6	47/2	47/2	0.5	7/8	7/8	Chord	4/4	3	1	1/8	1/8	1	44	Ver-								
6	6	20	20	1.0	0	0	Chord	4/4	4	1	1/4	1/4	1	45									
6	6	21	21	1.0	1/4	1/4	Chord	4/4	4	1	1/4	1/4	1	46	sal								
6	6	22	22	1.0	1/2	1/2	Chord	4/4	4	1	1/4	1/4	1	47	o-								
6	6	23	23	1.0	3/4	3/4	Chord	4/4	4	1	1/4	1/4	1	48	der								
6	6	20	20	1.0	0	0	Chord	4/4	5	1	1/4	1/4	1	49									
6	6	21	21	1.0	1/4	1/4	Chord	4/4	5	1	1/4	1/4	1	50									
6	6	22	22	1.0	1/2	1/2	Chord	4/4	5	1	1/4	1/4	1	51									
6	6	23	23	1.0	3/4	3/4	Chord	4/4	5	1	1/4	1/4	1	52									
7	7	24	24	1.0	0	0	Chord	4/4	1	1	1/4	1/4	1	53									
7	7	25	25	1.0	1/4	1/4	Chord	4/4	1	1	1/4	1/4	1	54	sal								
7	7	26	26	1.0	1/2	1/2	Chord	4/4	1	1	1/4	1/4	1	55	o-								
7	7	27	27	1.0	3/4	3/4	Chord	4/4	1	1	1/4	1/4	1	56	der								
7	7	53/2	53/2	0.5	5/8	5/8	Chord	4/4	2	1	1/8	1/8	1	57	o-								
7	7	27	27	0.5	3/4	3/4	Chord	4/4	2	1	1/8	1/8	1	58	der								
7	7	55/2	55/2	0.5	7/8	7/8	Chord	4/4	2	1	1/8	1/8	1	59	Ver-								
7	7	24	24	1.0	0	0	Chord	4/4	3	1	1/4	1/4	1	60	fol-								
7	7	25	25	1.0	1/4	1/4	Chord	4/4	3	1	1/4	1/4	1	61	gung?								
7	7	24	24	2.0	0	0	Chord	4/4	4	1	1/2	1/2	1	62	Angst,								
7	7	24	24	3.0	0	0	Chord	4/4	5	1	3/4	1/2	3/2	63									
7	7	27	27	1.0	3/4	3/4	Chord	4/4	5	1	1/4	1/4	1	64									
8	8	28	28	2.0	0	0	Chord	4/4	1	1	1/2	1/2	1	65	Angst,								
8	8	61/2	61/2	0.5	5/8	5/8	Chord	4/4	1	1	1/8	1/8	1	66	o-								
8	8	31	31	0.5	3/4	3/4	Chord	4/4	1	1	1/8	1/8	1	67	der								
8	8	63/2	63/2	0.5	7/8	7/8	Chord	4/4	1	1	1/8	1/8	1	68	Ver-								
8	8	28	28	1.0	0	0	Chord	4/4	2	1	1/4	1/4	1	69	fol-								
8	8	29	29	1.0	1/4	1/4	Chord	4/4	2	1	1/4	1/4	1	70	gung?								
8	8	57/2	57/2	0.5	1/8	1/8	Chord	4/4	4	1	1/8	1/8	1	71	o-								
8	8	29	29	0.5	1/4	1/4	Chord	4/4	4	1	1/8	1/8	1	72	der								
8	8	59/2	59/2	0.5	3/8	3/8	Chord	4/4	4	1	1/8	1/8	1	73	Ver-								
8	8	30	30	0.5	1/2	1/2	Chord	4/4	4	1	1/8	1/8	1	74	fol-								
8	8	61/2	61/2	0.5	5/8	5/8	Chord	4/4	4	1	1/8	1/8	1	75									
8	8	31	31	0.5	3/4	3/4	Chord	4/4	4	1	1/8	1/8	1	76									
8	8	63/2	63/2	0.25	7/8	7/8	Chord	4/4	4	1	1/16	1/16	1	77									
8	8	127/4	127/4	0.25	15/16	15/16	Chord	4/4	4	1	1/16	1/16	1	78									
8	8	28	28	4.0	0	0	Chord	4/4	5	1	1	1	1	79									
9	9	32	32	0.5	0	0	Chord	4/4	1	1	1/8	1/8	1	80	fol-								
9	9	65/2	65/2	0.5	1/8	1/8	Chord	4/4	1	1	1/8	1/8	1	81									
9	9	33	33	0.5	1/4	1/4	Chord	4/4	1	1	1/8	1/8	1	82									
9	9	67/2	67/2	0.25	3/8	3/8	Chord	4/4	1	1	1/16	1/16	1	83									
9	9	135/4	135/4	0.25	7/16	7/16	Chord	4/4	1	1	1/16	1/16	1	84									
9	9	34	34	0.75	1/2	1/2	Chord	4/4	1	1	3/16	1/8	3/2	85									
9	9	139/4	139/4	0.25	11/16	11/16	Chord	4/4	1	1	1/16	1/16	1	86									
9	9	35	35	0.75	3/4	3/4	Chord	4/4	1	1	3/16	1/8	3/2	87									
9	9	143/4	143/4	0.25	15/16	15/16	Chord	4/4	1	1	1/16	1/16	1	88									
9	9	32	32	0.75	0	0	Chord	4/4	4	1	3/16	1/8	3/2	89									
9	9	131/4	131/4	0.25	3/16	3/16	Chord	4/4	4	1	1/16	1/16	1	90									
9	9	33	33	0.75	1/4	1/4	Chord	4/4	4	1	3/16	1/8	3/2	91									
9	9	135/4	135/4	0.25	7/16	7/16	Chord	4/4	4	1	1/16	1/16	1	92									
9	9	34	34	0.5	1/2	1/2	Chord	4/4	4	1	1/8	1/8	1	93									
9	9	69/2	69/2	0.5	5/8	5/8	Chord	4/4	4	1	1/8	1/8	1	94									
9	9	35	35	0.5	3/4	3/4	Chord	4/4	4	1	1/8	1/8	1	95									
9	9	71/2	71/2	0.5	7/8	7/8	Chord	4/4	4	1	1/8	1/8	1	96									
9	9	32	32	2.0	0	0	Chord	4/4	5	1	1/2	1/2	1	97									
9	9	34	34	2.0	1/2	1/2	Chord	4/4	5	1	1/2	1/2	1	98	6								
10	10	36	36	0.5	0	0	Chord	4/4	1	1	1/8	1/8	1	99									
10	10	73/2	73/2	0.5	1/8	1/8	Chord	4/4	1	1	1/8	1/8	1	100									
10	10	37	37	0.5	1/4	1/4	Chord	4/4	1	1	1/8	1/8	1	101									
10	10	75/2	75/2	0.5	3/8	3/8	Chord	4/4	1	1	1/8	1/8	1	102									
10	10	38	38	0.5	1/2	1/2	Chord	4/4	1	1	1/8	1/8	1	103									
10	10	77/2	77/2	0.5	5/8	5/8	Chord	4/4	1	1	1/8	1/8	1	104									
10	10	39	39	0.25	3/4	3/4	Chord	4/4	1	1	1/16	1/16	1	105									
10	10	157/4	157/4	0.25	13/16	13/16	Chord	4/4	1	1	1/16	1/16	1	106									
10	10	79/2	79/2	0.25	7/8	7/8	Chord	4/4	1	1	1/16	1/16	1	107									
10	10	159/4	159/4	0.25	15/16	15/16	Chord	4/4	1	1	1/16	1/16	1	108									
10	10	36	36	0.5	0	0	Chord	4/4	4	1	1/8	1/8	1	109									
10	10	73/2	73/2	0.5	1/8	1/8	Chord	4/4	4	1	1/8	1/8	1	110									
10	10	37	37	0.25	1/4	1/4	Chord	4/4	4	1	1/16	1/16	1	111									
10	10	149/4	149/4	0.25	5/16	5/16	Chord	4/4	4	1	1/16	1/16	1	112									
10	10	75/2	75/2	0.25	3/8	3/8	Chord	4/4	4	1	1/16	1/16	1	113									
10	10	151/4	151/4	0.25	7/16	7/16	Chord	4/4	4	1	1/16	1/16	1	114									
10	10	38	38	0.5	1/2	1/2	Chord	4/4	4	1	1/8	1/8	1	115									
10	10	77/2	77/2	0.5	5/8	5/8	Chord	4/4	4	1	1/8	1/8	1	116									
10	10	39	39	0.5	3/4	3/4	Chord	4/4	4	1	1/8	1/8	1	117									
10	10	79/2	79/2	0.5	7/8	7/8	Chord	4/4	4	1	1/8	1/8	1	118									
10	10	36	36	2.0	0	0	Chord	4/4	5	1	1/2	1/2	1	119	5								
10	10	38	38	2.0	1/2	1/2	Chord	4/4	5	1	1/2	1/2	1	120									
11	11	40	40	0.5	0	0	Chord	4/4	1	1	1/8	1/8	1	121									1
11	11	81/2	81/2	0.5	1/8	1/8	Chord	4/4	1	1	1/8	1/8	1	122									1
11	11	41	41	0.5	1/4	1/4	Chord	4/4	1	1	1/8	1/8	1	123									1
11	11	83/2	83/2	0.5	3/8	3/8	Chord	4/4	1	1	1/8	1/8	1	124									1
11	11	42	42	0.5	1/2	1/2	Chord	4/4	1	1	1/8	1/8	1	125									1
11	11	85/2	85/2	0.25	5/8	5/8	Chord	4/4	1	1	1/16	1/16	1	126									1
11	11	171/4	171/4	0.25	11/16	11/16	Chord	4/4	1	1	1/16	1/16	1	127									1
11	11	43	43	1.0	3/4	3/4	Chord	4/4	1	1	1/4	1/4	1	128									1
11	11	40	40	0.5	0	0	Chord	4/4	4	1	1/8	1/8	1	129									2
11	11	81/2	81/2	0.5	1/8	1/8	Chord	4/4	4	1	1/8	1/8	1	130									2
11	11	41	41	0.5	1/4	1/4	Chord	4/4	4	1	1/8	1/8	1	131									2
11	11	83/2	83/2	0.5	3/8	3/8	Chord	4/4	4	1	1/8	1/8	1	132									2
11	11	42	42	0.5	1/2	1/2	Chord	4/4	4	1	1/8	1/8	1	133									2
11	11	85/2	85/2	0.5	5/8	5/8	Chord	4/4	4	1	1/8	1/8	1	134									2
11	11	43	43	0.5	3/4	3/4	Chord	4/4	4	1	1/8	1/8	1	135									2
11	11	87/2	87/2	0.5	7/8	7/8	Chord	4/4	4	1	1/8	1/8	1	136									2
11	11	40	40	3.0	0	0	Chord	4/4	5	1	3/4	1/2	3/2	137									
11	11	43	43	1.0	3/4	3/4	Chord	4/4	5	1	1/4	1/4	1	138									
12	12	44	44	1.0	0	0	Chord	4/4	1	1	1/4	1/4	1	139									1
12	12	45	45	1.0	1/4	1/4	Chord	4/4	1	1	1/4	1/4	1	140									
12	12	46	46	2.0	1/2	1/2	Chord	4/4	1	1	1/2	1/2	1	141	gung?								
12	12	44	44	2.0	0	0	Chord	4/4	4	1	1/2	1/2	1	142									
12	12	46	46	2.0	1/2	1/2	Chord	4/4	4	1	1/2	1/2	1	143	gung?								
12	12	44	44	1.0	0	0	Chord	4/4	5	1	1/4	1/4	1	144	4								
12	12	45	45	1.0	1/4	1/4	Chord	4/4	5	1	1/4	1/4	1	145	3								
12	12	46	46	2.0	1/2	1/2	Chord	4/4	5	1	1/2	1/2	1	146									
13	13	48	48	2.0	0	0	Chord	4/4	2	1	1/2	1/2	1	147	Wer								
13	13	50	50	1.0	1/2	1/2	Chord	4/4	2	1	1/4	1/4	1	148	will								
13	13	51	51	1.0	3/4	3/4	Chord	4/4	2	1	1/4	1/4	1	149	uns								
13	13	48	48	2.0	0	0	Chord	4/4	5	1	1/2	1/2	1	150									
13	13	50	50	1.0	1/2	1/2	Chord	4/4	5	1	1/4	1/4	1	151									
13	13	51	51	1.0	3/4	3/4	Chord	4/4	5	1	1/4	1/4	1	152									
14	14	52	52	1.5	0	0	Chord	4/4	2	1	3/8	1/4	3/2	153	schei-								3
14	14	107/2	107/2	0.5	3/8	3/8	Chord	4/4	2	1	1/8	1/8	1	154									3
14	14	54	54	2.0	1/2	1/2	Chord	4/4	2	1	1/2	1/2	1	155									
14	14	53	53	1.0	1/4	1/4	Chord	4/4	3	1	1/4	1/4	1	156	Wer								
14	14	54	54	1.0	1/2	1/2	Chord	4/4	3	1	1/4	1/4	1	157	will								
14	14	55	55	1.0	3/4	3/4	Chord	4/4	3	1	1/4	1/4	1	158	uns								
14	14	52	52	2.0	0	0	Chord	4/4	5	1	1/2	1/2	1	159									
14	14	54	54	1.0	1/2	1/2	Chord	4/4	5	1	1/4	1/4	1	160	5								
14	14	55	55	1.0	3/4	3/4	Chord	4/4	5	1	1/4	1/4	1	161	6								
15	15	56	56	1.0	0	0	Chord	4/4	2	1	1/4	1/4	1	162	den,								
15	15	57	57	1.0	1/4	1/4	Chord	4/4	2	1	1/4	1/4	1	163	wer								
15	15	58	58	1.0	1/2	1/2	Chord	4/4	2	1	1/4	1/4	1	164	will								
15	15	59	59	1.0	3/4	3/4	Chord	4/4	2	1	1/4	1/4	1	165	uns								
15	15	56	56	1.5	0	0	Chord	4/4	3	1	3/8	1/4	3/2	166	schei-								4
15	15	115/2	115/2	0.5	3/8	3/8	Chord	4/4	3	1	1/8	1/8	1	167									4
15	15	58	58	2.0	1/2	1/2	Chord	4/4	3	1	1/2	1/2	1	168									
15	15	57	57	1.0	1/4	1/4	Chord	4/4	4	1	1/4	1/4	1	169	Wer								
15	15	58	58	1.0	1/2	1/2	Chord	4/4	4	1	1/4	1/4	1	170	will								
15	15	59	59	1.0	3/4	3/4	Chord	4/4	4	1	1/4	1/4	1	171	uns								
15	15	56	56	2.0	0	0	Chord	4/4	5	1	1/2	1/2	1	172									
15	15	58	58	1.0	1/2	1/2	Chord	4/4	5	1	1/4	1/4	1	173									
15	15	59	59	1.0	3/4	3/4	Chord	4/4	5	1	1/4	1/4	1	174									
16	16	60	60	1.5	0	0	Chord	4/4	2	1	3/8	1/4	3/2	175	schei-								5
16	16	123/2	123/2	0.5	3/8	3/8	Chord	4/4	2	1	1/8	1/8	1	176									5
16	16	62	62	2.0	1/2	1/2	Chord	4/4	2	1	1/2	1/2	1	177									
16	16	60	60	1.0	0	0	Chord	4/4	3	1	1/4	1/4	1	178	den,								
16	16	61	61	2.0	1/4	1/4	Chord	4/4	3	1	1/2	1/2	1	179	schei-								6
16	16	63	63	1.0	3/4	3/4	Chord	4/4	3	1	1/4	1/4	1	180									
16	16	60	60	1.5	0	0	Chord	4/4	4	1	3/8	1/4	3/2	181	schei-								7
16	16	123/2	123/2	0.5	3/8	3/8	Chord	4/4	4	1	1/8	1/8	1	182									7
16	16	62	62	2.0	1/2	1/2	Chord	4/4	4	1	1/2	1/2	1	183									
16	16	60	60	1.5	0	0	Chord	4/4	5	1	3/8	1/4	3/2	184									
16	16	123/2	123/2	0.5	3/8	3/8	Chord	4/4	5	1	1/8	1/8	1	185									
16	16	62	62	2.0	1/2	1/2	Chord	4/4	5	1	1/2	1/2	1	186									
17	17	64	64	2.0	0	0	Chord	4/4	2	1	1/2	1/2	1	187	den,								
17	17	66	66	1.0	1/2	1/2	Chord	4/4	2	1	1/4	1/4	1	188	von								
17	17	67	67	1.0	3/4	3/4	Chord	4/4	2	1	1/4	1/4	1	189	der								
17	17	64	64	2.0	0	0	Chord	4/4	3	1	1/2	1/2	1	190	den,								
17	17	66	66	1.0	1/2	1/2	Chord	4/4	3	1	1/4	1/4	1	191	von								
17	17	67	67	1.0	3/4	3/4	Chord	4/4	3	1	1/4	1/4	1	192	der								
17	17	64	64	2.0	0	0	Chord	4/4	4	1	1/2	1/2	1	193	den,								
17	17	66	66	1.0	1/2	1/2	Chord	4/4	4	1	1/4	1/4	1	194	von								
17	17	67	67	1.0	3/4	3/4	Chord	4/4	4	1	1/4	1/4	1	195	der								
17	17	64	64	2.0	0	0	Chord	4/4	5	1	1/2	1/2	1	196									
17	17	66	66	1.0	1/2	1/2	Chord	4/4	5	1	1/4	1/4	1	197									
17	17	67	67	1.0	3/4	3/4	Chord	4/4	5	1	1/4	1/4	1	198									
18	18	68	68	1.0	0	0	Chord	4/4	2	1	1/4	1/4	1	199	Lie-								
18	18	69	69	1.0	1/4	1/4	Chord	4/4	2	1	1/4	1/4	1	200	be								
18	18	70	70	2.0	1/2	1/2	Chord	4/4	2	1	1/2	1/2	1	201	Got-								
18	18	68	68	1.0	0	0	Chord	4/4	3	1	1/4	1/4	1	202	Lie-								
18	18	69	69	1.0	1/4	1/4	Chord	4/4	3	1	1/4	1/4	1	203	be								
18	18	70	70	2.0	1/2	1/2	Chord	4/4	3	1	1/2	1/2	1	204	Got-								
18	18	68	68	1.0	0	0	Chord	4/4	4	1	1/4	1/4	1	205	Lie-								
18	18	69	69	1.0	1/4	1/4	Chord	4/4	4	1	1/4	1/4	1	206	be								
18	18	70	70	2.0	1/2	1/2	Chord	4/4	4	1	1/2	1/2	1	207	Got-								
18	18	68	68	1.0	0	0	Chord	4/4	5	1	1/4	1/4	1	208									
18	18	69	69	1.0	1/4	1/4	Chord	4/4	5	1	1/4	1/4	1	209									
18	18	70	70	2.0	1/2	1/2	Chord	4/4	5	1	1/2	1/2	1	210									
19	19	74	74	2.0	1/2	1/2	Chord	4/4	1	1	1/2	1/2	1	211	Tr√ºb-								
19	19	72	72	2.0	0	0	Chord	4/4	2	1	1/2	1/2	1	212	tes?								
19	19	72	72	2.0	0	0	Chord	4/4	3	1	1/2	1/2	1	213	tes?								
19	19	72	72	2.0	0	0	Chord	4/4	4	1	1/2	1/2	1	214	tes?								
19	19	72	72	2.0	0	0	Chord	4/4	5	1	1/2	1/2	1	215									
19	19	74	74	1.0	1/2	1/2	Chord	4/4	5	1	1/4	1/4	1	216									
19	19	75	75	1.0	3/4	3/4	Chord	4/4	5	1	1/4	1/4	1	217									
20	20	76	76	1.0	0	0	Chord	4/4	1	1	1/4	1/4	1	218									
20	20	77	77	1.0	1/4	1/4	Chord	4/4	1	1	1/4	1/4	1	219	sal,								
20	20	78	78	1.0	1/2	1/2	Chord	4/4	1	1	1/4	1/4	1	220	o-								
20	20	79	79	1.0	3/4	3/4	Chord	4/4	1	1	1/4	1/4	1	221	der								
20	20	78	78	2.0	1/2	1/2	Chord	4/4	4	1	1/2	1/2	1	222	Tr√ºb-								
20	20	76	76	1.0	0	0	Chord	4/4	5	1	1/4	1/4	1	223									
20	20	77	77	1.0	1/4	1/4	Chord	4/4	5	1	1/4	1/4	1	224	6								
20	20	78	78	2.0	1/2	1/2	Chord	4/4	5	1	1/2	1/2	1	225									
21	21	80	80	4.0	0	0	Chord	4/4	1	1	1	1	1	226	Angst,								
21	21	82	82	2.0	1/2	1/2	Chord	4/4	2	1	1/2	1/2	1	227	Tr√ºb-								
21	21	82	82	2.0	1/2	1/2	Chord	4/4	3	1	1/2	1/2	1	228	Tr√ºb-								
21	21	80	80	1.0	0	0	Chord	4/4	4	1	1/4	1/4	1	229									
21	21	81	81	1.0	1/4	1/4	Chord	4/4	4	1	1/4	1/4	1	230	sal								
21	21	82	82	1.0	1/2	1/2	Chord	4/4	4	1	1/4	1/4	1	231	o-								
21	21	83	83	1.0	3/4	3/4	Chord	4/4	4	1	1/4	1/4	1	232	der								
21	21	80	80	1.0	0	0	Chord	4/4	5	1	1/4	1/4	1	233									
21	21	81	81	1.0	1/4	1/4	Chord	4/4	5	1	1/4	1/4	1	234	6								
21	21	82	82	1.0	1/2	1/2	Chord	4/4	5	1	1/4	1/4	1	235									
21	21	83	83	1.0	3/4	3/4	Chord	4/4	5	1	1/4	1/4	1	236									
22	22	173/2	173/2	0.5	5/8	5/8	Chord	4/4	1	1	1/8	1/8	1	237	o-								
22	22	87	87	0.5	3/4	3/4	Chord	4/4	1	1	1/8	1/8	1	238	der								
22	22	175/2	175/2	0.5	7/8	7/8	Chord	4/4	1	1	1/8	1/8	1	239	Ver-								
22	22	84	84	1.0	0	0	Chord	4/4	2	1	1/4	1/4	1	240									
22	22	85	85	1.0	1/4	1/4	Chord	4/4	2	1	1/4	1/4	1	241	sal								
22	22	86	86	1.0	1/2	1/2	Chord	4/4	2	1	1/4	1/4	1	242	o-								
22	22	87	87	1.0	3/4	3/4	Chord	4/4	2	1	1/4	1/4	1	243	der								
22	22	84	84	1.0	0	0	Chord	4/4	3	1	1/4	1/4	1	244									
22	22	85	85	1.0	1/4	1/4	Chord	4/4	3	1	1/4	1/4	1	245	sal								
22	22	86	86	1.0	1/2	1/2	Chord	4/4	3	1	1/4	1/4	1	246	o-								
22	22	87	87	1.0	3/4	3/4	Chord	4/4	3	1	1/4	1/4	1	247	der								
22	22	84	84	4.0	0	0	Chord	4/4	4	1	1	1	1	248	Angst,								
22	22	84	84	1.0	0	0	Chord	4/4	5	1	1/4	1/4	1	249	6								
22	22	85	85	3.0	1/4	1/4	Chord	4/4	5	1	3/4	1/2	3/2	250	5								
23	23	88	88	0.5	0	0	Chord	4/4	1	1	1/8	1/8	1	251	fol-								8
23	23	177/2	177/2	0.5	1/8	1/8	Chord	4/4	1	1	1/8	1/8	1	252									8
23	23	89	89	0.5	1/4	1/4	Chord	4/4	1	1	1/8	1/8	1	253									8
23	23	179/2	179/2	0.25	3/8	3/8	Chord	4/4	1	1	1/16	1/16	1	254									8
23	23	359/4	359/4	0.25	7/16	7/16	Chord	4/4	1	1	1/16	1/16	1	255									8
23	23	90	90	0.75	1/2	1/2	Chord	4/4	1	1	3/16	1/8	3/2	256									8
23	23	363/4	363/4	0.25	11/16	11/16	Chord	4/4	1	1	1/16	1/16	1	257									8
23	23	91	91	0.75	3/4	3/4	Chord	4/4	1	1	3/16	1/8	3/2	258									8
23	23	367/4	367/4	0.25	15/16	15/16	Chord	4/4	1	1	1/16	1/16	1	259									8
23	23	88	88	2.0	0	0	Chord	4/4	2	1	1/2	1/2	1	260	Angst,								
23	23	88	88	0.5	0	0	Chord	4/4	3	1	1/8	1/8	1	261	Angst,								
23	23	177/2	177/2	0.5	1/8	1/8	Chord	4/4	3	1	1/8	1/8	1	262	o-								
23	23	89	89	0.5	1/4	1/4	Chord	4/4	3	1	1/8	1/8	1	263	der								
23	23	179/2	179/2	0.5	3/8	3/8	Chord	4/4	3	1	1/8	1/8	1	264	Ver-								
23	23	90	90	0.5	1/2	1/2	Chord	4/4	3	1	1/8	1/8	1	265	fol-								9
23	23	181/2	181/2	0.5	5/8	5/8	Chord	4/4	3	1	1/8	1/8	1	266									9
23	23	91	91	0.5	3/4	3/4	Chord	4/4	3	1	1/8	1/8	1	267									9
23	23	183/2	183/2	0.25	7/8	7/8	Chord	4/4	3	1	1/16	1/16	1	268									9
23	23	367/4	367/4	0.25	15/16	15/16	Chord	4/4	3	1	1/16	1/16	1	269									9
23	23	88	88	2.0	0	0	Chord	4/4	5	1	1/2	1/2	1	270	6								
23	23	90	90	2.0	1/2	1/2	Chord	4/4	5	1	1/2	1/2	1	271									
24	24	92	92	0.5	0	0	Chord	4/4	1	1	1/8	1/8	1	272									8
24	24	185/2	185/2	0.5	1/8	1/8	Chord	4/4	1	1	1/8	1/8	1	273									8
24	24	93	93	0.5	1/4	1/4	Chord	4/4	1	1	1/8	1/8	1	274									8
24	24	187/2	187/2	0.5	3/8	3/8	Chord	4/4	1	1	1/8	1/8	1	275									8
24	24	94	94	0.5	1/2	1/2	Chord	4/4	1	1	1/8	1/8	1	276									8
24	24	189/2	189/2	0.5	5/8	5/8	Chord	4/4	1	1	1/8	1/8	1	277									8
24	24	95	95	0.5	3/4	3/4	Chord	4/4	1	1	1/8	1/8	1	278									8
24	24	191/2	191/2	0.25	7/8	7/8	Chord	4/4	1	1	1/16	1/16	1	279									8
24	24	383/4	383/4	0.25	15/16	15/16	Chord	4/4	1	1	1/16	1/16	1	280									8
24	24	92	92	0.75	0	0	Chord	4/4	3	1	3/16	1/8	3/2	281									9
24	24	371/4	371/4	0.25	3/16	3/16	Chord	4/4	3	1	1/16	1/16	1	282									9
24	24	93	93	0.75	1/4	1/4	Chord	4/4	3	1	3/16	1/8	3/2	283									9
24	24	375/4	375/4	0.25	7/16	7/16	Chord	4/4	3	1	1/16	1/16	1	284									9
24	24	94	94	0.5	1/2	1/2	Chord	4/4	3	1	1/8	1/8	1	285									9
24	24	189/2	189/2	0.5	5/8	5/8	Chord	4/4	3	1	1/8	1/8	1	286									9
24	24	95	95	0.5	3/4	3/4	Chord	4/4	3	1	1/8	1/8	1	287									9
24	24	191/2	191/2	0.5	7/8	7/8	Chord	4/4	3	1	1/8	1/8	1	288									9
24	24	92	92	4.0	0	0	Chord	4/4	5	1	1	1	1	289	6								
25	25	96	96	0.75	0	0	Chord	4/4	1	1	3/16	1/8	3/2	290									8
25	25	387/4	387/4	0.25	3/16	3/16	Chord	4/4	1	1	1/16	1/16	1	291									8
25	25	97	97	0.75	1/4	1/4	Chord	4/4	1	1	3/16	1/8	3/2	292									8
25	25	391/4	391/4	0.25	7/16	7/16	Chord	4/4	1	1	1/16	1/16	1	293									8
25	25	98	98	0.5	1/2	1/2	Chord	4/4	1	1	1/8	1/8	1	294									8
25	25	197/2	197/2	0.5	5/8	5/8	Chord	4/4	1	1	1/8	1/8	1	295									8
25	25	99	99	0.5	3/4	3/4	Chord	4/4	1	1	1/8	1/8	1	296									8
25	25	199/2	199/2	0.5	7/8	7/8	Chord	4/4	1	1	1/8	1/8	1	297									8
25	25	96	96	0.5	0	0	Chord	4/4	3	1	1/8	1/8	1	298									9
25	25	193/2	193/2	0.5	1/8	1/8	Chord	4/4	3	1	1/8	1/8	1	299									9
25	25	97	97	0.5	1/4	1/4	Chord	4/4	3	1	1/8	1/8	1	300									9
25	25	195/2	195/2	0.25	3/8	3/8	Chord	4/4	3	1	1/16	1/16	1	301									9
25	25	391/4	391/4	0.25	7/16	7/16	Chord	4/4	3	1	1/16	1/16	1	302									9
25	25	98	98	0.75	1/2	1/2	Chord	4/4	3	1	3/16	1/8	3/2	303									9
25	25	395/4	395/4	0.25	11/16	11/16	Chord	4/4	3	1	1/16	1/16	1	304									9
25	25	99	99	0.75	3/4	3/4	Chord	4/4	3	1	3/16	1/8	3/2	305									9
25	25	399/4	399/4	0.25	15/16	15/16	Chord	4/4	3	1	1/16	1/16	1	306									9
25	25	96	96	4.0	0	0	Chord	4/4	5	1	1	1	1	307	6								
26	26	100	100	2.0	0	0	Chord	4/4	1	1	1/2	1/2	1	308									
26	26	102	102	2.0	1/2	1/2	Chord	4/4	1	1	1/2	1/2	1	309	gung?								
26	26	205/2	205/2	0.5	5/8	5/8	Chord	4/4	2	1	1/8	1/8	1	310	o-								
26	26	103	103	0.5	3/4	3/4	Chord	4/4	2	1	1/8	1/8	1	311	der								
26	26	207/2	207/2	0.5	7/8	7/8	Chord	4/4	2	1	1/8	1/8	1	312	Ver-								
26	26	100	100	0.5	0	0	Chord	4/4	3	1	1/8	1/8	1	313									9
26	26	201/2	201/2	1.0	1/8	1/8	Chord	4/4	3	1	1/4	1/4	1	314									9
26	26	203/2	203/2	0.5	3/8	3/8	Chord	4/4	3	1	1/8	1/8	1	315									
26	26	102	102	2.0	1/2	1/2	Chord	4/4	3	1	1/2	1/2	1	316	gung?								
26	26	100	100	0.5	0	0	Chord	4/4	5	1	1/8	1/8	1	317	3								
26	26	201/2	201/2	1.0	1/8	1/8	Chord	4/4	5	1	1/4	1/4	1	318	4								
26	26	203/2	203/2	0.5	3/8	3/8	Chord	4/4	5	1	1/8	1/8	1	319	3								
26	26	102	102	2.0	1/2	1/2	Chord	4/4	5	1	1/2	1/2	1	320									
27	27	104	104	0.5	0	0	Chord	4/4	2	1	1/8	1/8	1	321	fol-								10
27	27	209/2	209/2	0.5	1/8	1/8	Chord	4/4	2	1	1/8	1/8	1	322									10
27	27	105	105	0.5	1/4	1/4	Chord	4/4	2	1	1/8	1/8	1	323									10
27	27	211/2	211/2	0.25	3/8	3/8	Chord	4/4	2	1	1/16	1/16	1	324									10
27	27	423/4	423/4	0.25	7/16	7/16	Chord	4/4	2	1	1/16	1/16	1	325									10
27	27	106	106	0.75	1/2	1/2	Chord	4/4	2	1	3/16	1/8	3/2	326									10
27	27	427/4	427/4	0.25	11/16	11/16	Chord	4/4	2	1	1/16	1/16	1	327									10
27	27	107	107	0.75	3/4	3/4	Chord	4/4	2	1	3/16	1/8	3/2	328									10
27	27	431/4	431/4	0.25	15/16	15/16	Chord	4/4	2	1	1/16	1/16	1	329									10
27	27	209/2	209/2	0.5	1/8	1/8	Chord	4/4	4	1	1/8	1/8	1	330	o-								
27	27	105	105	0.5	1/4	1/4	Chord	4/4	4	1	1/8	1/8	1	331	der								
27	27	211/2	211/2	0.5	3/8	3/8	Chord	4/4	4	1	1/8	1/8	1	332	Ver-								
27	27	106	106	0.5	1/2	1/2	Chord	4/4	4	1	1/8	1/8	1	333	fol-								11
27	27	213/2	213/2	0.5	5/8	5/8	Chord	4/4	4	1	1/8	1/8	1	334									11
27	27	107	107	0.5	3/4	3/4	Chord	4/4	4	1	1/8	1/8	1	335									11
27	27	215/2	215/2	0.25	7/8	7/8	Chord	4/4	4	1	1/16	1/16	1	336									11
27	27	431/4	431/4	0.25	15/16	15/16	Chord	4/4	4	1	1/16	1/16	1	337									11
27	27	104	104	4.0	0	0	Chord	4/4	5	1	1	1	1	338	6								
28	28	108	108	0.5	0	0	Chord	4/4	2	1	1/8	1/8	1	339									10
28	28	217/2	217/2	0.25	1/8	1/8	Chord	4/4	2	1	1/16	1/16	1	340									10
28	28	435/4	435/4	0.25	3/16	3/16	Chord	4/4	2	1	1/16	1/16	1	341									10
28	28	109	109	2.0	1/4	1/4	Chord	4/4	2	1	1/2	1/2	1	342									10
28	28	111	111	1.0	3/4	3/4	Chord	4/4	2	1	1/4	1/4	1	343									
28	28	108	108	0.75	0	0	Chord	4/4	4	1	3/16	1/8	3/2	344									11
28	28	435/4	435/4	0.25	3/16	3/16	Chord	4/4	4	1	1/16	1/16	1	345									11
28	28	109	109	0.75	1/4	1/4	Chord	4/4	4	1	3/16	1/8	3/2	346									11
28	28	439/4	439/4	0.25	7/16	7/16	Chord	4/4	4	1	1/16	1/16	1	347									11
28	28	110	110	2.0	1/2	1/2	Chord	4/4	4	1	1/2	1/2	1	348									
28	28	108	108	1.0	0	0	Chord	4/4	5	1	1/4	1/4	1	349	6								
28	28	109	109	1.0	1/4	1/4	Chord	4/4	5	1	1/4	1/4	1	350		4							
28	28	110	110	1.0	1/2	1/2	Chord	4/4	5	1	1/4	1/4	1	351		4							
28	28	111	111	1.0	3/4	3/4	Chord	4/4	5	1	1/4	1/4	1	352									
29	29	112	112	2.0	0	0	Chord	4/4	2	1	1/2	1/2	1	353	gung?								
29	29	114	114	1.0	1/2	1/2	Chord	4/4	2	1	1/4	1/4	1	354	o-								
29	29	115	115	1.0	3/4	3/4	Chord	4/4	2	1	1/4	1/4	1	355	der								
29	29	112	112	2.0	0	0	Chord	4/4	4	1	1/2	1/2	1	356	gung?								
29	29	112	112	2.0	0	0	Chord	4/4	5	1	1/2	1/2	1	357									
29	29	114	114	2.0	1/2	1/2	Chord	4/4	5	1	1/2	1/2	1	358									
30	30	118	118	1.0	1/2	1/2	Chord	4/4	1	1	1/4	1/4	1	359	o-								
30	30	119	119	1.0	3/4	3/4	Chord	4/4	1	1	1/4	1/4	1	360	der								
30	30	116	116	1.0	0	0	Chord	4/4	2	1	1/4	1/4	1	361	Hun-								
30	30	117	117	1.0	1/4	1/4	Chord	4/4	2	1	1/4	1/4	1	362	ger,								
30	30	116	116	2.0	0	0	Chord	4/4	5	1	1/2	1/2	1	363									
30	30	118	118	2.0	1/2	1/2	Chord	4/4	5	1	1/2	1/2	1	364									
31	31	120	120	1.0	0	0	Chord	4/4	1	1	1/4	1/4	1	365	Bl√∂-								
31	31	121	121	1.0	1/4	1/4	Chord	4/4	1	1	1/4	1/4	1	366	sse,								
31	31	122	122	1.0	1/2	1/2	Chord	4/4	2	1	1/4	1/4	1	367	o-								
31	31	123	123	0.5	3/4	3/4	Chord	4/4	2	1	1/8	1/8	1	368	der								
31	31	247/2	247/2	0.5	7/8	7/8	Chord	4/4	2	1	1/8	1/8	1	369	Ge-								
31	31	122	122	1.0	1/2	1/2	Chord	4/4	3	1	1/4	1/4	1	370	o-								
31	31	123	123	0.5	3/4	3/4	Chord	4/4	3	1	1/8	1/8	1	371	der								
31	31	247/2	247/2	0.5	7/8	7/8	Chord	4/4	3	1	1/8	1/8	1	372	Ge-								
31	31	120	120	2.0	0	0	Chord	4/4	5	1	1/2	1/2	1	373									
31	31	122	122	2.0	1/2	1/2	Chord	4/4	5	1	1/2	1/2	1	374									
32	32	126	126	1.5	1/2	1/2	Chord	4/4	1	1	3/8	1/4	3/2	375	o-								
32	32	255/2	255/2	0.5	7/8	7/8	Chord	4/4	1	1	1/8	1/8	1	376	der								
32	32	124	124	0.75	0	0	Chord	4/4	2	1	3/16	1/8	3/2	377	f√§hr-								
32	32	499/4	499/4	0.25	3/16	3/16	Chord	4/4	2	1	1/16	1/16	1	378	lich-								
32	32	125	125	1.0	1/4	1/4	Chord	4/4	2	1	1/4	1/4	1	379	keit,								
32	32	126	126	1.0	1/2	1/2	Chord	4/4	2	1	1/4	1/4	1	380	o-								
32	32	127	127	1.0	3/4	3/4	Chord	4/4	2	1	1/4	1/4	1	381	der								
32	32	124	124	0.75	0	0	Chord	4/4	3	1	3/16	1/8	3/2	382	f√§hr-								
32	32	499/4	499/4	0.25	3/16	3/16	Chord	4/4	3	1	1/16	1/16	1	383	lich-								
32	32	125	125	1.0	1/4	1/4	Chord	4/4	3	1	1/4	1/4	1	384	keit,								
32	32	126	126	1.0	1/2	1/2	Chord	4/4	3	1	1/4	1/4	1	385	o-								
32	32	127	127	1.0	3/4	3/4	Chord	4/4	3	1	1/4	1/4	1	386	der								
32	32	126	126	1.0	1/2	1/2	Chord	4/4	4	1	1/4	1/4	1	387	o-								
32	32	127	127	1.0	3/4	3/4	Chord	4/4	4	1	1/4	1/4	1	388	der								
32	32	124	124	2.0	0	0	Chord	4/4	5	1	1/2	1/2	1	389									
32	32	126	126	1.0	1/2	1/2	Chord	4/4	5	1	1/4	1/4	1	390									
32	32	127	127	1.0	3/4	3/4	Chord	4/4	5	1	1/4	1/4	1	391									
33	33	128	128	2.0	0	0	Chord	4/4	1	1	1/2	1/2	1	392	Schwerdt,								
33	33	128	128	2.0	0	0	Chord	4/4	2	1	1/2	1/2	1	393	Schwerdt,								
33	33	128	128	2.0	0	0	Chord	4/4	3	1	1/2	1/2	1	394	Schwerdt,								
33	33	128	128	2.0	0	0	Chord	4/4	4	1	1/2	1/2	1	395	Schwerdt,								
33	33	130	130	1.0	1/2	1/2	Chord	4/4	4	1	1/4	1/4	1	396	o-								
33	33	131	131	1.0	3/4	3/4	Chord	4/4	4	1	1/4	1/4	1	397	der								
33	33	128	128	2.0	0	0	Chord	4/4	5	1	1/2	1/2	1	398									
33	33	130	130	2.0	1/2	1/2	Chord	4/4	5	1	1/2	1/2	1	399									
34	34	134	134	1.0	1/2	1/2	Chord	4/4	2	1	1/4	1/4	1	400	o-								
34	34	135	135	1.0	3/4	3/4	Chord	4/4	2	1	1/4	1/4	1	401	der								
34	34	132	132	1.0	0	0	Chord	4/4	4	1	1/4	1/4	1	402	Hun-								
34	34	133	133	1.0	1/4	1/4	Chord	4/4	4	1	1/4	1/4	1	403	ger,								
34	34	132	132	2.0	0	0	Chord	4/4	5	1	1/2	1/2	1	404									
34	34	134	134	2.0	1/2	1/2	Chord	4/4	5	1	1/2	1/2	1	405									
35	35	138	138	1.0	1/2	1/2	Chord	4/4	1	1	1/4	1/4	1	406	o-								
35	35	139	139	0.5	3/4	3/4	Chord	4/4	1	1	1/8	1/8	1	407	der								
35	35	279/2	279/2	0.5	7/8	7/8	Chord	4/4	1	1	1/8	1/8	1	408	Ge-								
35	35	136	136	1.0	0	0	Chord	4/4	2	1	1/4	1/4	1	409	Bl√∂-								
35	35	137	137	1.0	1/4	1/4	Chord	4/4	2	1	1/4	1/4	1	410	sse,								
35	35	138	138	1.0	1/2	1/2	Chord	4/4	4	1	1/4	1/4	1	411	o-								
35	35	139	139	0.5	3/4	3/4	Chord	4/4	4	1	1/8	1/8	1	412	der								
35	35	279/2	279/2	0.5	7/8	7/8	Chord	4/4	4	1	1/8	1/8	1	413	Ge-								
35	35	136	136	2.0	0	0	Chord	4/4	5	1	1/2	1/2	1	414									
35	35	138	138	1.5	1/2	1/2	Chord	4/4	5	1	3/8	1/4	3/2	415									
35	35	279/2	279/2	0.5	7/8	7/8	Chord	4/4	5	1	1/8	1/8	1	416									
36	36	140	140	0.75	0	0	Chord	4/4	1	1	3/16	1/8	3/2	417	f√§hr-								
36	36	563/4	563/4	0.25	3/16	3/16	Chord	4/4	1	1	1/16	1/16	1	418	lich-								
36	36	141	141	1.0	1/4	1/4	Chord	4/4	1	1	1/4	1/4	1	419	keit,								
36	36	142	142	1.0	1/2	1/2	Chord	4/4	1	1	1/4	1/4	1	420	o-								
36	36	143	143	1.0	3/4	3/4	Chord	4/4	1	1	1/4	1/4	1	421	der								
36	36	142	142	1.0	1/2	1/2	Chord	4/4	2	1	1/4	1/4	1	422	o-								
36	36	143	143	1.0	3/4	3/4	Chord	4/4	2	1	1/4	1/4	1	423	der								
36	36	142	142	1.0	1/2	1/2	Chord	4/4	3	1	1/4	1/4	1	424	o-								
36	36	143	143	1.0	3/4	3/4	Chord	4/4	3	1	1/4	1/4	1	425	der								
36	36	140	140	0.75	0	0	Chord	4/4	4	1	3/16	1/8	3/2	426	f√§hr-								
36	36	563/4	563/4	0.25	3/16	3/16	Chord	4/4	4	1	1/16	1/16	1	427	lich-								
36	36	141	141	1.0	1/4	1/4	Chord	4/4	4	1	1/4	1/4	1	428	keit,								
36	36	142	142	1.0	1/2	1/2	Chord	4/4	4	1	1/4	1/4	1	429	o-								
36	36	143	143	1.0	3/4	3/4	Chord	4/4	4	1	1/4	1/4	1	430	der								
36	36	140	140	2.0	0	0	Chord	4/4	5	1	1/2	1/2	1	431									
36	36	142	142	1.0	1/2	1/2	Chord	4/4	5	1	1/4	1/4	1	432									
36	36	143	143	1.0	3/4	3/4	Chord	4/4	5	1	1/4	1/4	1	433									
37	37	144	144	4.0	0	0	Chord	4/4	1	1	1	1	1	434	Schwerdt?								
37	37	144	144	4.0	0	0	Chord	4/4	2	1	1	1	1	435	Schwerdt?								
37	37	144	144	4.0	0	0	Chord	4/4	3	1	1	1	1	436	Schwerdt?								
37	37	144	144	4.0	0	0	Chord	4/4	4	1	1	1	1	437	Schwerdt?								
37	37	144	144	4.0	0	0	Chord	4/4	5	1	1	1	1	438									
38	38	150	150	1.0	1/2	1/2	Chord	4/4	2	1	1/4	1/4	1	439	Denn								
38	38	151	151	1.0	3/4	3/4	Chord	4/4	2	1	1/4	1/4	1	440	ich								
38	38	148	148	1.0	0	0	Chord	4/4	4	1	1/4	1/4	1	441	Denn								
38	38	149	149	1.0	1/4	1/4	Chord	4/4	4	1	1/4	1/4	1	442	ich								
38	38	150	150	1.0	1/2	1/2	Chord	4/4	4	1	1/4	1/4	1	443	bin								
38	38	151	151	1.0	3/4	3/4	Chord	4/4	4	1	1/4	1/4	1	444	ge-								
38	38	148	148	1.0	0	0	Chord	4/4	5	1	1/4	1/4	1	445									
38	38	149	149	1.0	1/4	1/4	Chord	4/4	5	1	1/4	1/4	1	446									
38	38	150	150	1.0	1/2	1/2	Chord	4/4	5	1	1/4	1/4	1	447									
38	38	151	151	1.0	3/4	3/4	Chord	4/4	5	1	1/4	1/4	1	448									
39	39	154	154	1.0	1/2	1/2	Chord	4/4	1	1	1/4	1/4	1	449	Denn								
39	39	155	155	1.0	3/4	3/4	Chord	4/4	1	1	1/4	1/4	1	450	ich								
39	39	152	152	1.0	0	0	Chord	4/4	2	1	1/4	1/4	1	451	bin								
39	39	153	153	1.0	1/4	1/4	Chord	4/4	2	1	1/4	1/4	1	452	ge-								
39	39	154	154	2.0	1/2	1/2	Chord	4/4	2	1	1/2	1/2	1	453	wiss,								
39	39	152	152	1.0	0	0	Chord	4/4	3	1	1/4	1/4	1	454	Denn								
39	39	153	153	1.0	1/4	1/4	Chord	4/4	3	1	1/4	1/4	1	455	ich								
39	39	154	154	1.0	1/2	1/2	Chord	4/4	3	1	1/4	1/4	1	456	bin								
39	39	155	155	1.0	3/4	3/4	Chord	4/4	3	1	1/4	1/4	1	457	ge-								
39	39	152	152	1.0	0	0	Chord	4/4	4	1	1/4	1/4	1	458	wiss,								
39	39	152	152	1.0	0	0	Chord	4/4	5	1	1/4	1/4	1	459									
39	39	153	153	1.0	1/4	1/4	Chord	4/4	5	1	1/4	1/4	1	460									
39	39	154	154	1.0	1/2	1/2	Chord	4/4	5	1	1/4	1/4	1	461									
39	39	155	155	1.0	3/4	3/4	Chord	4/4	5	1	1/4	1/4	1	462	6								
40	40	156	156	1.0	0	0	Chord	4/4	1	1	1/4	1/4	1	463	bin								
40	40	157	157	1.0	1/4	1/4	Chord	4/4	1	1	1/4	1/4	1	464	ge-								
40	40	158	158	2.0	1/2	1/2	Chord	4/4	1	1	1/2	1/2	1	465	wiss,								
40	40	158	158	1.0	1/2	1/2	Chord	4/4	2	1	1/4	1/4	1	466	denn								
40	40	159	159	1.0	3/4	3/4	Chord	4/4	2	1	1/4	1/4	1	467	ich								
40	40	156	156	1.0	0	0	Chord	4/4	3	1	1/4	1/4	1	468	wiss,								
40	40	156	156	1.0	0	0	Chord	4/4	4	1	1/4	1/4	1	469	denn								
40	40	157	157	1.0	1/4	1/4	Chord	4/4	4	1	1/4	1/4	1	470	ich								
40	40	158	158	1.0	1/2	1/2	Chord	4/4	4	1	1/4	1/4	1	471	bin								
40	40	159	159	1.0	3/4	3/4	Chord	4/4	4	1	1/4	1/4	1	472	ge-								
40	40	156	156	1.0	0	0	Chord	4/4	5	1	1/4	1/4	1	473									
40	40	157	157	1.0	1/4	1/4	Chord	4/4	5	1	1/4	1/4	1	474									
40	40	158	158	1.0	1/2	1/2	Chord	4/4	5	1	1/4	1/4	1	475									
40	40	159	159	1.0	3/4	3/4	Chord	4/4	5	1	1/4	1/4	1	476	6								
41	41	162	162	1.0	1/2	1/2	Chord	4/4	1	1	1/4	1/4	1	477	denn								
41	41	163	163	1.0	3/4	3/4	Chord	4/4	1	1	1/4	1/4	1	478	ich								
41	41	160	160	1.0	0	0	Chord	4/4	2	1	1/4	1/4	1	479	bin								
41	41	161	161	1.0	1/4	1/4	Chord	4/4	2	1	1/4	1/4	1	480	ge-								
41	41	162	162	2.0	1/2	1/2	Chord	4/4	2	1	1/2	1/2	1	481	wiss,								
41	41	160	160	1.0	0	0	Chord	4/4	3	1	1/4	1/4	1	482	denn								
41	41	161	161	1.0	1/4	1/4	Chord	4/4	3	1	1/4	1/4	1	483	ich								
41	41	162	162	1.0	1/2	1/2	Chord	4/4	3	1	1/4	1/4	1	484	bin								
41	41	163	163	1.0	3/4	3/4	Chord	4/4	3	1	1/4	1/4	1	485	ge-								
41	41	160	160	1.0	0	0	Chord	4/4	4	1	1/4	1/4	1	486	wiss,								
41	41	160	160	1.0	0	0	Chord	4/4	5	1	1/4	1/4	1	487									
41	41	161	161	1.0	1/4	1/4	Chord	4/4	5	1	1/4	1/4	1	488									
41	41	162	162	1.0	1/2	1/2	Chord	4/4	5	1	1/4	1/4	1	489									
41	41	163	163	1.0	3/4	3/4	Chord	4/4	5	1	1/4	1/4	1	490	6								
42	42	164	164	1.0	0	0	Chord	4/4	1	1	1/4	1/4	1	491	bin								
42	42	165	165	1.0	1/4	1/4	Chord	4/4	1	1	1/4	1/4	1	492	ge-								
42	42	166	166	2.0	1/2	1/2	Chord	4/4	1	1	1/2	1/2	1	493	wiss,								
42	42	166	166	1.0	1/2	1/2	Chord	4/4	2	1	1/4	1/4	1	494	denn								
42	42	167	167	1.0	3/4	3/4	Chord	4/4	2	1	1/4	1/4	1	495	ich								
42	42	164	164	1.0	0	0	Chord	4/4	3	1	1/4	1/4	1	496	wiss,								
42	42	164	164	1.0	0	0	Chord	4/4	4	1	1/4	1/4	1	497	denn								
42	42	165	165	1.0	1/4	1/4	Chord	4/4	4	1	1/4	1/4	1	498	ich								
42	42	166	166	1.0	1/2	1/2	Chord	4/4	4	1	1/4	1/4	1	499	bin								
42	42	167	167	1.0	3/4	3/4	Chord	4/4	4	1	1/4	1/4	1	500	ge-								
42	42	164	164	1.0	0	0	Chord	4/4	5	1	1/4	1/4	1	501									
42	42	165	165	1.0	1/4	1/4	Chord	4/4	5	1	1/4	1/4	1	502									
42	42	166	166	1.0	1/2	1/2	Chord	4/4	5	1	1/4	1/4	1	503									
42	42	167	167	1.0	3/4	3/4	Chord	4/4	5	1	1/4	1/4	1	504	6								
43	43	168	168	1.0	0	0	Chord	4/4	2	1	1/4	1/4	1	505	bin,								
43	43	169	169	1.0	1/4	1/4	Chord	4/4	2	1	1/4	1/4	1	506	ich								
43	43	170	170	1.0	1/2	1/2	Chord	4/4	2	1	1/4	1/4	1	507	bin								
43	43	171	171	1.0	3/4	3/4	Chord	4/4	2	1	1/4	1/4	1	508	ge-								
43	43	168	168	1.0	0	0	Chord	4/4	3	1	1/4	1/4	1	509	denn								
43	43	169	169	1.0	1/4	1/4	Chord	4/4	3	1	1/4	1/4	1	510	ich								
43	43	170	170	1.0	1/2	1/2	Chord	4/4	3	1	1/4	1/4	1	511	bin,								
43	43	171	171	1.0	3/4	3/4	Chord	4/4	3	1	1/4	1/4	1	512	ich								
43	43	168	168	1.0	0	0	Chord	4/4	4	1	1/4	1/4	1	513	wiss,								
43	43	168	168	1.0	0	0	Chord	4/4	5	1	1/4	1/4	1	514									
43	43	169	169	1.0	1/4	1/4	Chord	4/4	5	1	1/4	1/4	1	515									
43	43	170	170	1.0	1/2	1/2	Chord	4/4	5	1	1/4	1/4	1	516									
43	43	171	171	1.0	3/4	3/4	Chord	4/4	5	1	1/4	1/4	1	517									
44	44	172	172	1.0	0	0	Chord	4/4	1	1	1/4	1/4	1	518	denn								
44	44	173	173	1.0	1/4	1/4	Chord	4/4	1	1	1/4	1/4	1	519	ich								
44	44	174	174	1.0	1/2	1/2	Chord	4/4	1	1	1/4	1/4	1	520	bin								
44	44	175	175	1.0	3/4	3/4	Chord	4/4	1	1	1/4	1/4	1	521	ge-								
44	44	172	172	1.0	0	0	Chord	4/4	2	1	1/4	1/4	1	522	wiss,								
44	44	173	173	1.0	1/4	1/4	Chord	4/4	2	1	1/4	1/4	1	523	ich								
44	44	174	174	1.0	1/2	1/2	Chord	4/4	2	1	1/4	1/4	1	524	bin								
44	44	175	175	1.0	3/4	3/4	Chord	4/4	2	1	1/4	1/4	1	525	ge-								
44	44	172	172	3.0	0	0	Chord	4/4	3	1	3/4	1/2	3/2	526	bin								
44	44	175	175	1.0	3/4	3/4	Chord	4/4	3	1	1/4	1/4	1	527	ge-								
44	44	172	172	1.0	0	0	Chord	4/4	4	1	1/4	1/4	1	528	denn								
44	44	173	173	1.0	1/4	1/4	Chord	4/4	4	1	1/4	1/4	1	529	ich								
44	44	174	174	1.0	1/2	1/2	Chord	4/4	4	1	1/4	1/4	1	530	bin								
44	44	175	175	1.0	3/4	3/4	Chord	4/4	4	1	1/4	1/4	1	531	ge-								
44	44	172	172	1.0	0	0	Chord	4/4	5	1	1/4	1/4	1	532									
44	44	173	173	1.0	1/4	1/4	Chord	4/4	5	1	1/4	1/4	1	533									
44	44	174	174	1.0	1/2	1/2	Chord	4/4	5	1	1/4	1/4	1	534									
44	44	175	175	1.0	3/4	3/4	Chord	4/4	5	1	1/4	1/4	1	535									
45	45	176	176	2.0	0	0	Chord	4/4	1	1	1/2	1/2	1	536	wiss,								
45	45	176	176	2.0	0	0	Chord	4/4	2	1	1/2	1/2	1	537	wiss,								
45	45	176	176	2.0	0	0	Chord	4/4	3	1	1/2	1/2	1	538	wiss,								
45	45	357/2	357/2	0.5	5/8	5/8	Chord	4/4	3	1	1/8	1/8	1	539	dass								
45	45	179	179	0.5	3/4	3/4	Chord	4/4	3	1	1/8	1/8	1	540	we-								
45	45	359/2	359/2	0.5	7/8	7/8	Chord	4/4	3	1	1/8	1/8	1	541	der								
45	45	176	176	2.0	0	0	Chord	4/4	4	1	1/2	1/2	1	542	wiss,								
45	45	176	176	2.0	0	0	Chord	4/4	5	1	1/2	1/2	1	543									
45	45	178	178	2.0	1/2	1/2	Chord	4/4	5	1	1/2	1/2	1	544									
46	46	361/2	361/2	0.5	1/8	1/8	Chord	4/4	1	1	1/8	1/8	1	545	dass								
46	46	181	181	0.5	1/4	1/4	Chord	4/4	1	1	1/8	1/8	1	546	we-								
46	46	363/2	363/2	0.5	3/8	3/8	Chord	4/4	1	1	1/8	1/8	1	547	der								
46	46	182	182	2.0	1/2	1/2	Chord	4/4	1	1	1/2	1/2	1	548	Tod,								
46	46	361/2	361/2	0.5	1/8	1/8	Chord	4/4	2	1	1/8	1/8	1	549	dass								
46	46	181	181	0.5	1/4	1/4	Chord	4/4	2	1	1/8	1/8	1	550	we-								
46	46	363/2	363/2	0.5	3/8	3/8	Chord	4/4	2	1	1/8	1/8	1	551	der								
46	46	182	182	2.0	1/2	1/2	Chord	4/4	2	1	1/2	1/2	1	552	Tod,								
46	46	180	180	2.0	0	0	Chord	4/4	3	1	1/2	1/2	1	553	Tod,								
46	46	183	183	1.0	3/4	3/4	Chord	4/4	3	1	1/4	1/4	1	554	noch								
46	46	361/2	361/2	0.5	1/8	1/8	Chord	4/4	4	1	1/8	1/8	1	555	dass								
46	46	181	181	0.5	1/4	1/4	Chord	4/4	4	1	1/8	1/8	1	556	we-								
46	46	363/2	363/2	0.5	3/8	3/8	Chord	4/4	4	1	1/8	1/8	1	557	der								
46	46	182	182	2.0	1/2	1/2	Chord	4/4	4	1	1/2	1/2	1	558	Tod,								
46	46	180	180	0.5	0	0	Chord	4/4	5	1	1/8	1/8	1	559									
46	46	361/2	361/2	0.5	1/8	1/8	Chord	4/4	5	1	1/8	1/8	1	560									
46	46	181	181	0.5	1/4	1/4	Chord	4/4	5	1	1/8	1/8	1	561									
46	46	363/2	363/2	0.5	3/8	3/8	Chord	4/4	5	1	1/8	1/8	1	562									
46	46	182	182	2.0	1/2	1/2	Chord	4/4	5	1	1/2	1/2	1	563									
47	47	185	185	1.0	1/4	1/4	Chord	4/4	1	1	1/4	1/4	1	564	noch								
47	47	186	186	1.0	1/2	1/2	Chord	4/4	1	1	1/4	1/4	1	565	Le-								
47	47	187	187	1.0	3/4	3/4	Chord	4/4	1	1	1/4	1/4	1	566	ben,								
47	47	185	185	1.0	1/4	1/4	Chord	4/4	2	1	1/4	1/4	1	567	noch								
47	47	186	186	1.0	1/2	1/2	Chord	4/4	2	1	1/4	1/4	1	568	Le-								
47	47	187	187	1.0	3/4	3/4	Chord	4/4	2	1	1/4	1/4	1	569	ben,								
47	47	184	184	2.0	0	0	Chord	4/4	3	1	1/2	1/2	1	570	Le-								
47	47	186	186	1.0	1/2	1/2	Chord	4/4	3	1	1/4	1/4	1	571	ben,								
47	47	185	185	1.0	1/4	1/4	Chord	4/4	4	1	1/4	1/4	1	572	noch								
47	47	186	186	1.0	1/2	1/2	Chord	4/4	4	1	1/4	1/4	1	573	Le-								
47	47	187	187	1.0	3/4	3/4	Chord	4/4	4	1	1/4	1/4	1	574	ben,								
47	47	184	184	1.0	0	0	Chord	4/4	5	1	1/4	1/4	1	575	6								
47	47	185	185	1.0	1/4	1/4	Chord	4/4	5	1	1/4	1/4	1	576									
47	47	186	186	1.0	1/2	1/2	Chord	4/4	5	1	1/4	1/4	1	577									
47	47	187	187	1.0	3/4	3/4	Chord	4/4	5	1	1/4	1/4	1	578									
48	48	189	189	0.5	1/4	1/4	Chord	4/4	1	1	1/8	1/8	1	579	we-								
48	48	379/2	379/2	0.5	3/8	3/8	Chord	4/4	1	1	1/8	1/8	1	580	der								
48	48	190	190	1.5	1/2	1/2	Chord	4/4	1	1	3/8	1/4	3/2	581	En-								
48	48	383/2	383/2	0.5	7/8	7/8	Chord	4/4	1	1	1/8	1/8	1	582	gel								
48	48	189	189	0.5	1/4	1/4	Chord	4/4	2	1	1/8	1/8	1	583	we-								
48	48	379/2	379/2	0.5	3/8	3/8	Chord	4/4	2	1	1/8	1/8	1	584	der								
48	48	190	190	1.5	1/2	1/2	Chord	4/4	2	1	3/8	1/4	3/2	585	En-								
48	48	383/2	383/2	0.5	7/8	7/8	Chord	4/4	2	1	1/8	1/8	1	586	gel								
48	48	188	188	0.5	0	0	Chord	4/4	3	1	1/8	1/8	1	587	we-								
48	48	377/2	377/2	0.5	1/8	1/8	Chord	4/4	3	1	1/8	1/8	1	588	der								
48	48	189	189	1.5	1/4	1/4	Chord	4/4	3	1	3/8	1/4	3/2	589	En-								
48	48	381/2	381/2	0.5	5/8	5/8	Chord	4/4	3	1	1/8	1/8	1	590	gel								
48	48	191	191	1.0	3/4	3/4	Chord	4/4	3	1	1/4	1/4	1	591	noch								
48	48	189	189	0.5	1/4	1/4	Chord	4/4	4	1	1/8	1/8	1	592	we-								
48	48	379/2	379/2	0.5	3/8	3/8	Chord	4/4	4	1	1/8	1/8	1	593	der								
48	48	190	190	1.5	1/2	1/2	Chord	4/4	4	1	3/8	1/4	3/2	594	En-								
48	48	383/2	383/2	0.5	7/8	7/8	Chord	4/4	4	1	1/8	1/8	1	595	gel								
48	48	188	188	1.0	0	0	Chord	4/4	5	1	1/4	1/4	1	596									
48	48	189	189	1.0	1/4	1/4	Chord	4/4	5	1	1/4	1/4	1	597									
48	48	190	190	1.5	1/2	1/2	Chord	4/4	5	1	3/8	1/4	3/2	598									
48	48	383/2	383/2	0.5	7/8	7/8	Chord	4/4	5	1	1/8	1/8	1	599									
49	49	192	192	1.0	0	0	Chord	4/4	1	1	1/4	1/4	1	600	noch								
49	49	193	193	1.5	1/4	1/4	Chord	4/4	1	1	3/8	1/4	3/2	601	F√ºr-								
49	49	389/2	389/2	0.5	5/8	5/8	Chord	4/4	1	1	1/8	1/8	1	602	sten-								
49	49	195	195	1.0	3/4	3/4	Chord	4/4	1	1	1/4	1/4	1	603	thum,								
49	49	192	192	1.0	0	0	Chord	4/4	2	1	1/4	1/4	1	604	noch								
49	49	193	193	1.5	1/4	1/4	Chord	4/4	2	1	3/8	1/4	3/2	605	F√ºr-								
49	49	389/2	389/2	0.5	5/8	5/8	Chord	4/4	2	1	1/8	1/8	1	606	sten-								
49	49	195	195	1.0	3/4	3/4	Chord	4/4	2	1	1/4	1/4	1	607	thum,								
49	49	192	192	1.5	0	0	Chord	4/4	3	1	3/8	1/4	3/2	608	F√ºr-								
49	49	387/2	387/2	0.5	3/8	3/8	Chord	4/4	3	1	1/8	1/8	1	609	sten-								
49	49	194	194	1.0	1/2	1/2	Chord	4/4	3	1	1/4	1/4	1	610	thum,								
49	49	192	192	1.0	0	0	Chord	4/4	4	1	1/4	1/4	1	611	noch								
49	49	193	193	1.5	1/4	1/4	Chord	4/4	4	1	3/8	1/4	3/2	612	F√ºr-								
49	49	389/2	389/2	0.5	5/8	5/8	Chord	4/4	4	1	1/8	1/8	1	613	sten-								
49	49	195	195	1.0	3/4	3/4	Chord	4/4	4	1	1/4	1/4	1	614	thum,								
49	49	192	192	1.0	0	0	Chord	4/4	5	1	1/4	1/4	1	615									
49	49	193	193	1.5	1/4	1/4	Chord	4/4	5	1	3/8	1/4	3/2	616									
49	49	389/2	389/2	0.5	5/8	5/8	Chord	4/4	5	1	1/8	1/8	1	617									
49	49	195	195	1.0	3/4	3/4	Chord	4/4	5	1	1/4	1/4	1	618									
50	50	197	197	2.0	1/4	1/4	Chord	4/4	1	1	1/2	1/2	1	619	noch								
50	50	199	199	1.0	3/4	3/4	Chord	4/4	1	1	1/4	1/4	1	620	Ge-								
50	50	197	197	1.0	1/4	1/4	Chord	4/4	2	1	1/4	1/4	1	621	noch								
50	50	198	198	2.0	1/2	1/2	Chord	4/4	2	1	1/2	1/2	1	622	Ge-								
50	50	196	196	2.0	0	0	Chord	4/4	3	1	1/2	1/2	1	623	noch								
50	50	198	198	2.0	1/2	1/2	Chord	4/4	3	1	1/2	1/2	1	624	Ge--								
50	50	197	197	1.0	1/4	1/4	Chord	4/4	4	1	1/4	1/4	1	625	noch								
50	50	198	198	2.0	1/2	1/2	Chord	4/4	4	1	1/2	1/2	1	626	Ge-								
50	50	197	197	1.0	1/4	1/4	Chord	4/4	5	1	1/4	1/4	1	627									
50	50	198	198	1.0	1/2	1/2	Chord	4/4	5	1	1/4	1/4	1	628	4								
50	50	199	199	1.0	3/4	3/4	Chord	4/4	5	1	1/4	1/4	1	629									
51	51	200	200	2.0	0	0	Chord	4/4	1	1	1/2	1/2	1	630	walt,								
51	51	200	200	2.0	0	0	Chord	4/4	2	1	1/2	1/2	1	631	walt,								
51	51	200	200	2.0	0	0	Chord	4/4	3	1	1/2	1/2	1	632	walt,								
51	51	202	202	0.5	1/2	1/2	Chord	4/4	3	1	1/8	1/8	1	633	we-								
51	51	405/2	405/2	0.5	5/8	5/8	Chord	4/4	3	1	1/8	1/8	1	634	der								
51	51	203	203	0.5	3/4	3/4	Chord	4/4	3	1	1/8	1/8	1	635	Ge-								
51	51	407/2	407/2	0.5	7/8	7/8	Chord	4/4	3	1	1/8	1/8	1	636	gen-								
51	51	200	200	2.0	0	0	Chord	4/4	4	1	1/2	1/2	1	637	walt,								
51	51	200	200	4.0	0	0	Chord	4/4	5	1	1	1	1	638									
52	52	204	204	0.5	0	0	Chord	4/4	1	1	1/8	1/8	1	639	we-								
52	52	409/2	409/2	0.5	1/8	1/8	Chord	4/4	1	1	1/8	1/8	1	640	der								
52	52	205	205	0.5	1/4	1/4	Chord	4/4	1	1	1/8	1/8	1	641	Ge-								
52	52	411/2	411/2	0.5	3/8	3/8	Chord	4/4	1	1	1/8	1/8	1	642	gen-								
52	52	206	206	1.5	1/2	1/2	Chord	4/4	1	1	3/8	1/4	3/2	643	w√§r-								
52	52	415/2	415/2	0.5	7/8	7/8	Chord	4/4	1	1	1/8	1/8	1	644	ti-								
52	52	204	204	0.5	0	0	Chord	4/4	2	1	1/8	1/8	1	645	we-								
52	52	409/2	409/2	0.5	1/8	1/8	Chord	4/4	2	1	1/8	1/8	1	646	der								
52	52	205	205	0.5	1/4	1/4	Chord	4/4	2	1	1/8	1/8	1	647	Ge-								
52	52	411/2	411/2	0.5	3/8	3/8	Chord	4/4	2	1	1/8	1/8	1	648	gen-								
52	52	206	206	1.5	1/2	1/2	Chord	4/4	2	1	3/8	1/4	3/2	649	w√§r-								
52	52	415/2	415/2	0.5	7/8	7/8	Chord	4/4	2	1	1/8	1/8	1	650	ti-								
52	52	204	204	1.5	0	0	Chord	4/4	3	1	3/8	1/4	3/2	651	w√§r-								
52	52	411/2	411/2	0.5	3/8	3/8	Chord	4/4	3	1	1/8	1/8	1	652	ti-								
52	52	206	206	2.0	1/2	1/2	Chord	4/4	3	1	1/2	1/2	1	653	ges,								
52	52	204	204	0.5	0	0	Chord	4/4	4	1	1/8	1/8	1	654	we-								
52	52	409/2	409/2	0.5	1/8	1/8	Chord	4/4	4	1	1/8	1/8	1	655	der								
52	52	205	205	0.5	1/4	1/4	Chord	4/4	4	1	1/8	1/8	1	656	Ge-								
52	52	411/2	411/2	0.5	3/8	3/8	Chord	4/4	4	1	1/8	1/8	1	657	gen-								
52	52	206	206	1.5	1/2	1/2	Chord	4/4	4	1	3/8	1/4	3/2	658	w√§r-								
52	52	415/2	415/2	0.5	7/8	7/8	Chord	4/4	4	1	1/8	1/8	1	659	ti-								
52	52	204	204	0.5	0	0	Chord	4/4	5	1	1/8	1/8	1	660									
52	52	409/2	409/2	0.5	1/8	1/8	Chord	4/4	5	1	1/8	1/8	1	661									
52	52	205	205	0.5	1/4	1/4	Chord	4/4	5	1	1/8	1/8	1	662									
52	52	411/2	411/2	0.5	3/8	3/8	Chord	4/4	5	1	1/8	1/8	1	663									
52	52	206	206	1.5	1/2	1/2	Chord	4/4	5	1	3/8	1/4	3/2	664									
52	52	415/2	415/2	0.5	7/8	7/8	Chord	4/4	5	1	1/8	1/8	1	665									
53	53	208	208	2.0	0	0	Chord	4/4	1	1	1/2	1/2	1	666	ges,								
53	53	211	211	0.5	3/4	3/4	Chord	4/4	1	1	1/8	1/8	1	667	noch								
53	53	423/2	423/2	0.5	7/8	7/8	Chord	4/4	1	1	1/8	1/8	1	668	Zu-								
53	53	208	208	2.0	0	0	Chord	4/4	2	1	1/2	1/2	1	669	ges,								
53	53	211	211	0.5	3/4	3/4	Chord	4/4	2	1	1/8	1/8	1	670	noch								
53	53	423/2	423/2	0.5	7/8	7/8	Chord	4/4	2	1	1/8	1/8	1	671	Zu-								
53	53	209	209	0.5	1/4	1/4	Chord	4/4	3	1	1/8	1/8	1	672	noch								
53	53	419/2	419/2	0.5	3/8	3/8	Chord	4/4	3	1	1/8	1/8	1	673	Zu-								
53	53	210	210	1.5	1/2	1/2	Chord	4/4	3	1	3/8	1/4	3/2	674	k√ºnf-								
53	53	423/2	423/2	0.5	7/8	7/8	Chord	4/4	3	1	1/8	1/8	1	675	ti-								
53	53	208	208	2.0	0	0	Chord	4/4	4	1	1/2	1/2	1	676	ges,								
53	53	211	211	0.5	3/4	3/4	Chord	4/4	4	1	1/8	1/8	1	677	noch								
53	53	423/2	423/2	0.5	7/8	7/8	Chord	4/4	4	1	1/8	1/8	1	678	Zu-								
53	53	208	208	2.0	0	0	Chord	4/4	5	1	1/2	1/2	1	679									
53	53	210	210	1.0	1/2	1/2	Chord	4/4	5	1	1/4	1/4	1	680									
53	53	211	211	0.5	3/4	3/4	Chord	4/4	5	1	1/8	1/8	1	681									
53	53	423/2	423/2	0.5	7/8	7/8	Chord	4/4	5	1	1/8	1/8	1	682									
54	54	212	212	1.5	0	0	Chord	4/4	1	1	3/8	1/4	3/2	683	k√ºnf-								
54	54	427/2	427/2	0.5	3/8	3/8	Chord	4/4	1	1	1/8	1/8	1	684	ti-								
54	54	214	214	2.0	1/2	1/2	Chord	4/4	1	1	1/2	1/2	1	685	ges,								
54	54	212	212	1.5	0	0	Chord	4/4	2	1	3/8	1/4	3/2	686	k√ºnf-								
54	54	427/2	427/2	0.5	3/8	3/8	Chord	4/4	2	1	1/8	1/8	1	687	ti-								
54	54	214	214	2.0	1/2	1/2	Chord	4/4	2	1	1/2	1/2	1	688	ges,								
54	54	212	212	2.0	0	0	Chord	4/4	3	1	1/2	1/2	1	689	ges,								
54	54	215	215	0.5	3/4	3/4	Chord	4/4	3	1	1/8	1/8	1	690	we-								
54	54	431/2	431/2	0.5	7/8	7/8	Chord	4/4	3	1	1/8	1/8	1	691	der								
54	54	212	212	1.5	0	0	Chord	4/4	4	1	3/8	1/4	3/2	692	k√ºnf-								
54	54	427/2	427/2	0.5	3/8	3/8	Chord	4/4	4	1	1/8	1/8	1	693	ti-								
54	54	214	214	2.0	1/2	1/2	Chord	4/4	4	1	1/2	1/2	1	694	ges,								
54	54	212	212	1.5	0	0	Chord	4/4	5	1	3/8	1/4	3/2	695									
54	54	427/2	427/2	0.5	3/8	3/8	Chord	4/4	5	1	1/8	1/8	1	696									
54	54	214	214	2.0	1/2	1/2	Chord	4/4	5	1	1/2	1/2	1	697									
55	55	217	217	0.5	1/4	1/4	Chord	4/4	1	1	1/8	1/8	1	698	we-								
55	55	435/2	435/2	0.5	3/8	3/8	Chord	4/4	1	1	1/8	1/8	1	699	der								
55	55	218	218	2.0	1/2	1/2	Chord	4/4	1	1	1/2	1/2	1	700	Ho-								
55	55	217	217	0.5	1/4	1/4	Chord	4/4	2	1	1/8	1/8	1	701	we-								
55	55	435/2	435/2	0.5	3/8	3/8	Chord	4/4	2	1	1/8	1/8	1	702	der								
55	55	218	218	2.0	1/2	1/2	Chord	4/4	2	1	1/2	1/2	1	703	Ho-								
55	55	216	216	2.0	0	0	Chord	4/4	3	1	1/2	1/2	1	704	Ho-								
55	55	218	218	2.0	1/2	1/2	Chord	4/4	3	1	1/2	1/2	1	705	hes,								
55	55	217	217	0.5	1/4	1/4	Chord	4/4	4	1	1/8	1/8	1	706	we-								
55	55	435/2	435/2	0.5	3/8	3/8	Chord	4/4	4	1	1/8	1/8	1	707	der								
55	55	218	218	2.0	1/2	1/2	Chord	4/4	4	1	1/2	1/2	1	708	Ho-								
55	55	216	216	1.0	0	0	Chord	4/4	5	1	1/4	1/4	1	709									
55	55	217	217	0.5	1/4	1/4	Chord	4/4	5	1	1/8	1/8	1	710									
55	55	435/2	435/2	0.5	3/8	3/8	Chord	4/4	5	1	1/8	1/8	1	711									
55	55	218	218	2.0	1/2	1/2	Chord	4/4	5	1	1/2	1/2	1	712									
56	56	220	220	2.0	0	0	Chord	4/4	1	1	1/2	1/2	1	713	hes,								
56	56	223	223	1.0	3/4	3/4	Chord	4/4	1	1	1/4	1/4	1	714	noch								
56	56	220	220	2.0	0	0	Chord	4/4	2	1	1/2	1/2	1	715	hes,								
56	56	223	223	1.0	3/4	3/4	Chord	4/4	2	1	1/4	1/4	1	716	noch								
56	56	221	221	1.0	1/4	1/4	Chord	4/4	3	1	1/4	1/4	1	717	noch								
56	56	222	222	2.0	1/2	1/2	Chord	4/4	3	1	1/2	1/2	1	718	Tie-								
56	56	220	220	2.0	0	0	Chord	4/4	4	1	1/2	1/2	1	719	hes,								
56	56	223	223	1.0	3/4	3/4	Chord	4/4	4	1	1/4	1/4	1	720	noch								
56	56	220	220	3.0	0	0	Chord	4/4	5	1	3/4	1/2	3/2	721									
56	56	223	223	1.0	3/4	3/4	Chord	4/4	5	1	1/4	1/4	1	722									
57	57	224	224	4.0	0	0	Chord	4/4	1	1	1	1	1	723	Tie-								
57	57	224	224	4.0	0	0	Chord	4/4	2	1	1	1	1	724	Tie-								
57	57	224	224	2.0	0	0	Chord	4/4	3	1	1/2	1/2	1	725									
57	57	226	226	2.0	1/2	1/2	Chord	4/4	3	1	1/2	1/2	1	726	fes,								
57	57	224	224	4.0	0	0	Chord	4/4	4	1	1	1	1	727	Tie-								
57	57	224	224	4.0	0	0	Chord	4/4	5	1	1	1	1	728									
58	58	228	228	2.0	0	0	Chord	4/4	1	1	1/2	1/2	1	729	fes,								
58	58	228	228	2.0	0	0	Chord	4/4	2	1	1/2	1/2	1	730	fes,								
58	58	229	229	0.5	1/4	1/4	Chord	4/4	3	1	1/8	1/8	1	731	noch								
58	58	459/2	459/2	0.5	3/8	3/8	Chord	4/4	3	1	1/8	1/8	1	732	kein								
58	58	230	230	0.5	1/2	1/2	Chord	4/4	3	1	1/8	1/8	1	733	an-								
58	58	461/2	461/2	0.5	5/8	5/8	Chord	4/4	3	1	1/8	1/8	1	734	dre								
58	58	231	231	0.5	3/4	3/4	Chord	4/4	3	1	1/8	1/8	1	735	Cre-								
58	58	463/2	463/2	0.5	7/8	7/8	Chord	4/4	3	1	1/8	1/8	1	736	a-								
58	58	228	228	2.0	0	0	Chord	4/4	4	1	1/2	1/2	1	737	fes,								
58	58	228	228	2.0	0	0	Chord	4/4	5	1	1/2	1/2	1	738									
58	58	230	230	2.0	1/2	1/2	Chord	4/4	5	1	1/2	1/2	1	739									
59	59	233	233	0.5	1/4	1/4	Chord	4/4	1	1	1/8	1/8	1	740	noch								
59	59	467/2	467/2	0.5	3/8	3/8	Chord	4/4	1	1	1/8	1/8	1	741	kein								
59	59	234	234	0.5	1/2	1/2	Chord	4/4	1	1	1/8	1/8	1	742	an-								
59	59	469/2	469/2	0.5	5/8	5/8	Chord	4/4	1	1	1/8	1/8	1	743	dre								
59	59	235	235	0.5	3/4	3/4	Chord	4/4	1	1	1/8	1/8	1	744	Cre-								
59	59	471/2	471/2	0.5	7/8	7/8	Chord	4/4	1	1	1/8	1/8	1	745	a-								
59	59	232	232	1.0	0	0	Chord	4/4	3	1	1/4	1/4	1	746	tur								
59	59	233	233	2.0	1/4	1/4	Chord	4/4	3	1	1/2	1/2	1	747	mag								
59	59	235	235	1.0	3/4	3/4	Chord	4/4	3	1	1/4	1/4	1	748	uns								
59	59	232	232	2.0	0	0	Chord	4/4	5	1	1/2	1/2	1	749									
59	59	234	234	1.0	1/2	1/2	Chord	4/4	5	1	1/4	1/4	1	750	4								
59	59	235	235	1.0	3/4	3/4	Chord	4/4	5	1	1/4	1/4	1	751	3								
60	60	236	236	1.0	0	0	Chord	4/4	1	1	1/4	1/4	1	752	tur								
60	60	237	237	2.0	1/4	1/4	Chord	4/4	1	1	1/2	1/2	1	753	mag								
60	60	239	239	1.0	3/4	3/4	Chord	4/4	1	1	1/4	1/4	1	754	uns								
60	60	236	236	2.0	0	0	Chord	4/4	3	1	1/2	1/2	1	755	schei-								
60	60	238	238	2.0	1/2	1/2	Chord	4/4	3	1	1/2	1/2	1	756	den,								
60	60	237	237	0.5	1/4	1/4	Chord	4/4	4	1	1/8	1/8	1	757	noch								
60	60	475/2	475/2	0.5	3/8	3/8	Chord	4/4	4	1	1/8	1/8	1	758	kein								
60	60	238	238	0.5	1/2	1/2	Chord	4/4	4	1	1/8	1/8	1	759	an-								
60	60	477/2	477/2	0.5	5/8	5/8	Chord	4/4	4	1	1/8	1/8	1	760	dre								
60	60	239	239	0.5	3/4	3/4	Chord	4/4	4	1	1/8	1/8	1	761	Cre-								
60	60	479/2	479/2	0.5	7/8	7/8	Chord	4/4	4	1	1/8	1/8	1	762	a-								
60	60	236	236	1.0	0	0	Chord	4/4	5	1	1/4	1/4	1	763									
60	60	237	237	0.5	1/4	1/4	Chord	4/4	5	1	1/8	1/8	1	764	6								
60	60	475/2	475/2	0.5	3/8	3/8	Chord	4/4	5	1	1/8	1/8	1	765									
60	60	238	238	0.5	1/2	1/2	Chord	4/4	5	1	1/8	1/8	1	766	6								
60	60	477/2	477/2	0.5	5/8	5/8	Chord	4/4	5	1	1/8	1/8	1	767									
60	60	239	239	0.5	3/4	3/4	Chord	4/4	5	1	1/8	1/8	1	768	6								
60	60	479/2	479/2	0.5	7/8	7/8	Chord	4/4	5	1	1/8	1/8	1	769									
61	61	240	240	2.0	0	0	Chord	4/4	1	1	1/2	1/2	1	770	schei-								
61	61	242	242	2.0	1/2	1/2	Chord	4/4	1	1	1/2	1/2	1	771	den								
61	61	241	241	0.5	1/4	1/4	Chord	4/4	2	1	1/8	1/8	1	772	noch								
61	61	483/2	483/2	0.5	3/8	3/8	Chord	4/4	2	1	1/8	1/8	1	773	kein								
61	61	242	242	0.5	1/2	1/2	Chord	4/4	2	1	1/8	1/8	1	774	an-								
61	61	485/2	485/2	0.5	5/8	5/8	Chord	4/4	2	1	1/8	1/8	1	775	dre								
61	61	243	243	0.5	3/4	3/4	Chord	4/4	2	1	1/8	1/8	1	776	Cre-								
61	61	487/2	487/2	0.5	7/8	7/8	Chord	4/4	2	1	1/8	1/8	1	777	a-								
61	61	241	241	0.5	1/4	1/4	Chord	4/4	3	1	1/8	1/8	1	778	noch								
61	61	483/2	483/2	0.5	3/8	3/8	Chord	4/4	3	1	1/8	1/8	1	779	kein								
61	61	242	242	0.5	1/2	1/2	Chord	4/4	3	1	1/8	1/8	1	780	an-								
61	61	485/2	485/2	0.5	5/8	5/8	Chord	4/4	3	1	1/8	1/8	1	781	dre								
61	61	243	243	0.5	3/4	3/4	Chord	4/4	3	1	1/8	1/8	1	782	Cre-								
61	61	487/2	487/2	0.5	7/8	7/8	Chord	4/4	3	1	1/8	1/8	1	783	a-								
61	61	240	240	1.0	0	0	Chord	4/4	4	1	1/4	1/4	1	784	tur								
61	61	241	241	2.0	1/4	1/4	Chord	4/4	4	1	1/2	1/2	1	785	mag								
61	61	243	243	1.0	3/4	3/4	Chord	4/4	4	1	1/4	1/4	1	786	uns								
61	61	240	240	1.0	0	0	Chord	4/4	5	1	1/4	1/4	1	787									
61	61	241	241	2.0	1/4	1/4	Chord	4/4	5	1	1/2	1/2	1	788									
61	61	243	243	0.5	3/4	3/4	Chord	4/4	5	1	1/8	1/8	1	789	5								
61	61	487/2	487/2	0.5	7/8	7/8	Chord	4/4	5	1	1/8	1/8	1	790	6								
62	62	244	244	1.0	0	0	Chord	4/4	2	1	1/4	1/4	1	791	tur								
62	62	245	245	2.0	1/4	1/4	Chord	4/4	2	1	1/2	1/2	1	792	mag								
62	62	247	247	1.0	3/4	3/4	Chord	4/4	2	1	1/4	1/4	1	793	uns								
62	62	244	244	1.0	0	0	Chord	4/4	3	1	1/4	1/4	1	794	tur								
62	62	245	245	2.0	1/4	1/4	Chord	4/4	3	1	1/2	1/2	1	795	mag								
62	62	247	247	1.0	3/4	3/4	Chord	4/4	3	1	1/4	1/4	1	796	uns								
62	62	244	244	3.0	0	0	Chord	4/4	4	1	3/4	1/2	3/2	797	schei-								
62	62	247	247	1.0	3/4	3/4	Chord	4/4	4	1	1/4	1/4	1	798	den								
62	62	244	244	3.0	0	0	Chord	4/4	5	1	3/4	1/2	3/2	799									
62	62	247	247	1.0	3/4	3/4	Chord	4/4	5	1	1/4	1/4	1	800	6								
63	63	248	248	4.0	0	0	Chord	4/4	2	1	1	1	1	801	schei-								
63	63	248	248	1.0	0	0	Chord	4/4	3	1	1/4	1/4	1	802	schei-								12
63	63	249	249	2.0	1/4	1/4	Chord	4/4	3	1	1/2	1/2	1	803									
63	63	251	251	1.0	3/4	3/4	Chord	4/4	3	1	1/4	1/4	1	804	den								
63	63	248	248	1.0	0	0	Chord	4/4	5	1	1/4	1/4	1	805	3								
63	63	249	249	2.0	1/4	1/4	Chord	4/4	5	1	1/2	1/2	1	806	4								
63	63	251	251	1.0	3/4	3/4	Chord	4/4	5	1	1/4	1/4	1	807	3								
64	64	254	254	1.0	1/2	1/2	Chord	4/4	1	1	1/4	1/4	1	808	von								
64	64	255	255	1.0	3/4	3/4	Chord	4/4	1	1	1/4	1/4	1	809	der								
64	64	252	252	2.0	0	0	Chord	4/4	2	1	1/2	1/2	1	810	den								
64	64	254	254	1.0	1/2	1/2	Chord	4/4	2	1	1/4	1/4	1	811	von								
64	64	255	255	1.0	3/4	3/4	Chord	4/4	2	1	1/4	1/4	1	812	der								
64	64	254	254	1.0	1/2	1/2	Chord	4/4	3	1	1/4	1/4	1	813	von								
64	64	255	255	1.0	3/4	3/4	Chord	4/4	3	1	1/4	1/4	1	814	der								
64	64	254	254	1.0	1/2	1/2	Chord	4/4	4	1	1/4	1/4	1	815	von								
64	64	255	255	1.0	3/4	3/4	Chord	4/4	4	1	1/4	1/4	1	816	der								
64	64	252	252	2.0	0	0	Chord	4/4	5	1	1/2	1/2	1	817									
64	64	254	254	1.0	1/2	1/2	Chord	4/4	5	1	1/4	1/4	1	818									
64	64	255	255	1.0	3/4	3/4	Chord	4/4	5	1	1/4	1/4	1	819									
65	65	256	256	1.0	0	0	Chord	4/4	1	1	1/4	1/4	1	820	Lie-								
65	65	257	257	1.0	1/4	1/4	Chord	4/4	1	1	1/4	1/4	1	821	be								
65	65	258	258	2.0	1/2	1/2	Chord	4/4	1	1	1/2	1/2	1	822	Got-								
65	65	256	256	1.0	0	0	Chord	4/4	2	1	1/4	1/4	1	823	Lie-								
65	65	257	257	1.0	1/4	1/4	Chord	4/4	2	1	1/4	1/4	1	824	be								
65	65	258	258	2.0	1/2	1/2	Chord	4/4	2	1	1/2	1/2	1	825	Got-								
65	65	256	256	1.0	0	0	Chord	4/4	3	1	1/4	1/4	1	826	Lie-								
65	65	257	257	1.0	1/4	1/4	Chord	4/4	3	1	1/4	1/4	1	827	be								
65	65	258	258	2.0	1/2	1/2	Chord	4/4	3	1	1/2	1/2	1	828	Got-								
65	65	256	256	1.0	0	0	Chord	4/4	4	1	1/4	1/4	1	829	Lie-								
65	65	257	257	1.0	1/4	1/4	Chord	4/4	4	1	1/4	1/4	1	830	be								
65	65	258	258	2.0	1/2	1/2	Chord	4/4	4	1	1/2	1/2	1	831	Got-								
65	65	256	256	1.0	0	0	Chord	4/4	5	1	1/4	1/4	1	832									
65	65	257	257	1.0	1/4	1/4	Chord	4/4	5	1	1/4	1/4	1	833	6								
65	65	258	258	2.0	1/2	1/2	Chord	4/4	5	1	1/2	1/2	1	834									
66	66	260	260	1.0	0	0	Chord	4/4	1	1	1/4	1/4	1	835	tes,								
66	66	261	261	0.5	1/4	1/4	Chord	4/4	1	1	1/8	1/8	1	836	die								
66	66	523/2	523/2	0.5	3/8	3/8	Chord	4/4	1	1	1/8	1/8	1	837	in								
66	66	262	262	1.0	1/2	1/2	Chord	4/4	1	1	1/4	1/4	1	838	Chri-								
66	66	263	263	1.0	3/4	3/4	Chord	4/4	1	1	1/4	1/4	1	839	sto								
66	66	260	260	1.0	0	0	Chord	4/4	2	1	1/4	1/4	1	840	tes,								
66	66	261	261	0.5	1/4	1/4	Chord	4/4	2	1	1/8	1/8	1	841	die								
66	66	523/2	523/2	0.5	3/8	3/8	Chord	4/4	2	1	1/8	1/8	1	842	in								
66	66	262	262	1.0	1/2	1/2	Chord	4/4	2	1	1/4	1/4	1	843	Chri-								
66	66	263	263	1.0	3/4	3/4	Chord	4/4	2	1	1/4	1/4	1	844	sto								
66	66	260	260	1.0	0	0	Chord	4/4	3	1	1/4	1/4	1	845	tes,								
66	66	261	261	0.5	1/4	1/4	Chord	4/4	3	1	1/8	1/8	1	846	die								
66	66	523/2	523/2	0.5	3/8	3/8	Chord	4/4	3	1	1/8	1/8	1	847	in								
66	66	262	262	1.0	1/2	1/2	Chord	4/4	3	1	1/4	1/4	1	848	Chri-								
66	66	263	263	1.0	3/4	3/4	Chord	4/4	3	1	1/4	1/4	1	849	sto								
66	66	260	260	1.0	0	0	Chord	4/4	4	1	1/4	1/4	1	850	tes,								
66	66	261	261	0.5	1/4	1/4	Chord	4/4	4	1	1/8	1/8	1	851	die								
66	66	523/2	523/2	0.5	3/8	3/8	Chord	4/4	4	1	1/8	1/8	1	852	in								
66	66	262	262	1.0	1/2	1/2	Chord	4/4	4	1	1/4	1/4	1	853	Chri-								
66	66	263	263	1.0	3/4	3/4	Chord	4/4	4	1	1/4	1/4	1	854	sto								
66	66	260	260	1.0	0	0	Chord	4/4	5	1	1/4	1/4	1	855									
66	66	261	261	0.5	1/4	1/4	Chord	4/4	5	1	1/8	1/8	1	856									
66	66	523/2	523/2	0.5	3/8	3/8	Chord	4/4	5	1	1/8	1/8	1	857									
66	66	262	262	1.0	1/2	1/2	Chord	4/4	5	1	1/4	1/4	1	858									
66	66	263	263	1.0	3/4	3/4	Chord	4/4	5	1	1/4	1/4	1	859									
67	67	264	264	1.5	0	0	Chord	4/4	1	1	3/8	1/4	3/2	860	Je-								
67	67	531/2	531/2	0.5	3/8	3/8	Chord	4/4	1	1	1/8	1/8	1	861	su								
67	67	266	266	1.0	1/2	1/2	Chord	4/4	1	1	1/4	1/4	1	862	ist,								
67	67	267	267	1.0	3/4	3/4	Chord	4/4	1	1	1/4	1/4	1	863	un-								
67	67	264	264	1.5	0	0	Chord	4/4	2	1	3/8	1/4	3/2	864	Je-								
67	67	531/2	531/2	0.5	3/8	3/8	Chord	4/4	2	1	1/8	1/8	1	865	su								
67	67	266	266	2.0	1/2	1/2	Chord	4/4	2	1	1/2	1/2	1	866	ist,								
67	67	264	264	1.5	0	0	Chord	4/4	3	1	3/8	1/4	3/2	867	Je-								
67	67	531/2	531/2	0.5	3/8	3/8	Chord	4/4	3	1	1/8	1/8	1	868	su								
67	67	266	266	2.0	1/2	1/2	Chord	4/4	3	1	1/2	1/2	1	869	ist,								
67	67	264	264	1.5	0	0	Chord	4/4	4	1	3/8	1/4	3/2	870	Je-								
67	67	531/2	531/2	0.5	3/8	3/8	Chord	4/4	4	1	1/8	1/8	1	871	su								
67	67	266	266	2.0	1/2	1/2	Chord	4/4	4	1	1/2	1/2	1	872	ist,								
67	67	264	264	1.5	0	0	Chord	4/4	5	1	3/8	1/4	3/2	873									
67	67	531/2	531/2	0.5	3/8	3/8	Chord	4/4	5	1	1/8	1/8	1	874									
67	67	266	266	2.0	1/2	1/2	Chord	4/4	5	1	1/2	1/2	1	875									
68	68	268	268	1.0	0	0	Chord	4/4	1	1	1/4	1/4	1	876									
68	68	269	269	2.0	1/4	1/4	Chord	4/4	1	1	1/2	1/2	1	877	serm								
68	68	271	271	1.0	3/4	3/4	Chord	4/4	1	1	1/4	1/4	1	878	Her-								13
68	68	268	268	2.0	0	0	Chord	4/4	2	1	1/2	1/2	1	879	un-								
68	68	270	270	2.0	1/2	1/2	Chord	4/4	2	1	1/2	1/2	1	880	serm								
68	68	269	269	2.0	1/4	1/4	Chord	4/4	3	1	1/2	1/2	1	881	un-								
68	68	271	271	1.0	3/4	3/4	Chord	4/4	3	1	1/4	1/4	1	882	serm								
68	68	268	268	2.0	0	0	Chord	4/4	4	1	1/2	1/2	1	883	un-								
68	68	270	270	2.0	1/2	1/2	Chord	4/4	4	1	1/2	1/2	1	884	serm								
68	68	268	268	1.0	0	0	Chord	4/4	5	1	1/4	1/4	1	885	5								
68	68	269	269	1.0	1/4	1/4	Chord	4/4	5	1	1/4	1/4	1	886	6								
68	68	270	270	1.0	1/2	1/2	Chord	4/4	5	1	1/4	1/4	1	887	5								
68	68	271	271	1.0	3/4	3/4	Chord	4/4	5	1	1/4	1/4	1	888	6								
69	69	272	272	0.5	0	0	Chord	4/4	1	1	1/8	1/8	1	889									13
69	69	545/2	545/2	0.5	1/8	1/8	Chord	4/4	1	1	1/8	1/8	1	890									13
69	69	273	273	2.0	1/4	1/4	Chord	4/4	1	1	1/2	1/2	1	891									13
69	69	275	275	1.0	3/4	3/4	Chord	4/4	1	1	1/4	1/4	1	892									
69	69	272	272	4.0	0	0	Chord	4/4	2	1	1	1	1	893	Her-								
69	69	272	272	1.0	0	0	Chord	4/4	3	1	1/4	1/4	1	894	Her-								14
69	69	273	273	0.5	1/4	1/4	Chord	4/4	3	1	1/8	1/8	1	895									14
69	69	547/2	547/2	0.5	3/8	3/8	Chord	4/4	3	1	1/8	1/8	1	896									14
69	69	274	274	2.0	1/2	1/2	Chord	4/4	3	1	1/2	1/2	1	897									
69	69	272	272	4.0	0	0	Chord	4/4	4	1	1	1	1	898	Her-								
69	69	272	272	1.0	0	0	Chord	4/4	5	1	1/4	1/4	1	899	6	3							
69	69	273	273	2.0	1/4	1/4	Chord	4/4	5	1	1/2	1/2	1	900		4							
69	69	275	275	1.0	3/4	3/4	Chord	4/4	5	1	1/4	1/4	1	901		3							
70	70	276	276	1.0	0	0	Chord	4/4	1	1	1/4	1/4	1	902	ren,								
70	70	277	277	0.5	1/4	1/4	Chord	4/4	1	1	1/8	1/8	1	903	die								
70	70	555/2	555/2	0.5	3/8	3/8	Chord	4/4	1	1	1/8	1/8	1	904	in								
70	70	278	278	1.0	1/2	1/2	Chord	4/4	1	1	1/4	1/4	1	905	Chri-								
70	70	279	279	1.0	3/4	3/4	Chord	4/4	1	1	1/4	1/4	1	906	sto								
70	70	276	276	1.0	0	0	Chord	4/4	2	1	1/4	1/4	1	907	ren,								
70	70	277	277	0.5	1/4	1/4	Chord	4/4	2	1	1/8	1/8	1	908	die								
70	70	555/2	555/2	0.5	3/8	3/8	Chord	4/4	2	1	1/8	1/8	1	909	in								
70	70	278	278	1.0	1/2	1/2	Chord	4/4	2	1	1/4	1/4	1	910	Chri-								
70	70	279	279	1.0	3/4	3/4	Chord	4/4	2	1	1/4	1/4	1	911	sto								
70	70	276	276	1.0	0	0	Chord	4/4	3	1	1/4	1/4	1	912	ren,								
70	70	277	277	0.5	1/4	1/4	Chord	4/4	3	1	1/8	1/8	1	913	die								
70	70	555/2	555/2	0.5	3/8	3/8	Chord	4/4	3	1	1/8	1/8	1	914	in								
70	70	278	278	1.0	1/2	1/2	Chord	4/4	3	1	1/4	1/4	1	915	Chri-								
70	70	279	279	1.0	3/4	3/4	Chord	4/4	3	1	1/4	1/4	1	916	sto								
70	70	276	276	1.0	0	0	Chord	4/4	4	1	1/4	1/4	1	917	ren,								
70	70	277	277	0.5	1/4	1/4	Chord	4/4	4	1	1/8	1/8	1	918	die								
70	70	555/2	555/2	0.5	3/8	3/8	Chord	4/4	4	1	1/8	1/8	1	919	in								
70	70	278	278	1.0	1/2	1/2	Chord	4/4	4	1	1/4	1/4	1	920	Chri-								
70	70	279	279	1.0	3/4	3/4	Chord	4/4	4	1	1/4	1/4	1	921	sto								
70	70	276	276	1.0	0	0	Chord	4/4	5	1	1/4	1/4	1	922									
70	70	277	277	0.5	1/4	1/4	Chord	4/4	5	1	1/8	1/8	1	923									
70	70	555/2	555/2	0.5	3/8	3/8	Chord	4/4	5	1	1/8	1/8	1	924									
70	70	278	278	1.0	1/2	1/2	Chord	4/4	5	1	1/4	1/4	1	925									
70	70	279	279	1.0	3/4	3/4	Chord	4/4	5	1	1/4	1/4	1	926									
71	71	280	280	1.5	0	0	Chord	4/4	1	1	3/8	1/4	3/2	927	Je-								
71	71	563/2	563/2	0.5	3/8	3/8	Chord	4/4	1	1	1/8	1/8	1	928	su								
71	71	282	282	2.0	1/2	1/2	Chord	4/4	1	1	1/2	1/2	1	929	ist,								
71	71	280	280	1.5	0	0	Chord	4/4	2	1	3/8	1/4	3/2	930	Je-								
71	71	563/2	563/2	0.5	3/8	3/8	Chord	4/4	2	1	1/8	1/8	1	931	su								
71	71	282	282	2.0	1/2	1/2	Chord	4/4	2	1	1/2	1/2	1	932	ist,								
71	71	280	280	1.5	0	0	Chord	4/4	3	1	3/8	1/4	3/2	933	Je-								
71	71	563/2	563/2	0.5	3/8	3/8	Chord	4/4	3	1	1/8	1/8	1	934	su								
71	71	282	282	2.0	1/2	1/2	Chord	4/4	3	1	1/2	1/2	1	935	ist,								
71	71	280	280	1.5	0	0	Chord	4/4	4	1	3/8	1/4	3/2	936	Je-								
71	71	563/2	563/2	0.5	3/8	3/8	Chord	4/4	4	1	1/8	1/8	1	937	su								
71	71	282	282	2.0	1/2	1/2	Chord	4/4	4	1	1/2	1/2	1	938	ist,								
71	71	280	280	1.5	0	0	Chord	4/4	5	1	3/8	1/4	3/2	939									
71	71	563/2	563/2	0.5	3/8	3/8	Chord	4/4	5	1	1/8	1/8	1	940									
71	71	282	282	2.0	1/2	1/2	Chord	4/4	5	1	1/2	1/2	1	941									
72	72	285	285	1.0	1/4	1/4	Chord	4/4	1	1	1/4	1/4	1	942	un-								
72	72	286	286	1.0	1/2	1/2	Chord	4/4	1	1	1/4	1/4	1	943	serm								
72	72	287	287	1.0	3/4	3/4	Chord	4/4	1	1	1/4	1/4	1	944	Her-								15
72	72	284	284	2.0	0	0	Chord	4/4	2	1	1/2	1/2	1	945	un-								
72	72	286	286	2.0	1/2	1/2	Chord	4/4	2	1	1/2	1/2	1	946	serm								
72	72	285	285	2.0	1/4	1/4	Chord	4/4	3	1	1/2	1/2	1	947	un-								
72	72	287	287	1.0	3/4	3/4	Chord	4/4	3	1	1/4	1/4	1	948	serm								
72	72	284	284	2.0	0	0	Chord	4/4	4	1	1/2	1/2	1	949	un-								
72	72	286	286	2.0	1/2	1/2	Chord	4/4	4	1	1/2	1/2	1	950	serm								
72	72	284	284	2.0	0	0	Chord	4/4	5	1	1/2	1/2	1	951									
72	72	286	286	1.0	1/2	1/2	Chord	4/4	5	1	1/4	1/4	1	952	5								
72	72	287	287	1.0	3/4	3/4	Chord	4/4	5	1	1/4	1/4	1	953	6								
73	73	288	288	0.5	0	0	Chord	4/4	1	1	1/8	1/8	1	954									15
73	73	577/2	577/2	0.5	1/8	1/8	Chord	4/4	1	1	1/8	1/8	1	955									15
73	73	289	289	2.0	1/4	1/4	Chord	4/4	1	1	1/2	1/2	1	956									15
73	73	291	291	1.0	3/4	3/4	Chord	4/4	1	1	1/4	1/4	1	957									
73	73	288	288	4.0	0	0	Chord	4/4	2	1	1	1	1	958	Her-								
73	73	288	288	1.0	0	0	Chord	4/4	3	1	1/4	1/4	1	959	Her-								16
73	73	289	289	0.5	1/4	1/4	Chord	4/4	3	1	1/8	1/8	1	960									16
73	73	579/2	579/2	0.5	3/8	3/8	Chord	4/4	3	1	1/8	1/8	1	961									16
73	73	290	290	2.0	1/2	1/2	Chord	4/4	3	1	1/2	1/2	1	962									
73	73	288	288	4.0	0	0	Chord	4/4	4	1	1	1	1	963	Her-								
73	73	288	288	1.0	0	0	Chord	4/4	5	1	1/4	1/4	1	964	6								
73	73	289	289	2.0	1/4	1/4	Chord	4/4	5	1	1/2	1/2	1	965	4								
73	73	291	291	1.0	3/4	3/4	Chord	4/4	5	1	1/4	1/4	1	966									
74	74	292	292	4.0	0	0	Chord	4/4	1	1	1	1	1	967	ren,								
74	74	292	292	2.0	0	0	Chord	4/4	2	1	1/2	1/2	1	968	ren,								
74	74	294	294	1.0	1/2	1/2	Chord	4/4	2	1	1/4	1/4	1	969	A-								
74	74	295	295	1.0	3/4	3/4	Chord	4/4	2	1	1/4	1/4	1	970	men,								
74	74	292	292	2.0	0	0	Chord	4/4	3	1	1/2	1/2	1	971	ren,								
74	74	294	294	1.0	1/2	1/2	Chord	4/4	3	1	1/4	1/4	1	972	A-								
74	74	295	295	1.0	3/4	3/4	Chord	4/4	3	1	1/4	1/4	1	973	men,								
74	74	292	292	2.0	0	0	Chord	4/4	4	1	1/2	1/2	1	974	ren,								
74	74	294	294	1.0	1/2	1/2	Chord	4/4	4	1	1/4	1/4	1	975	A-								
74	74	295	295	1.0	3/4	3/4	Chord	4/4	4	1	1/4	1/4	1	976	men,								
74	74	292	292	2.0	0	0	Chord	4/4	5	1	1/2	1/2	1	977									
74	74	294	294	1.0	1/2	1/2	Chord	4/4	5	1	1/4	1/4	1	978									
74	74	295	295	1.0	3/4	3/4	Chord	4/4	5	1	1/4	1/4	1	979									
75	75	298	298	1.0	1/2	1/2	Chord	4/4	1	1	1/4	1/4	1	980	A-								
75	75	299	299	1.0	3/4	3/4	Chord	4/4	1	1	1/4	1/4	1	981	men,								
75	75	296	296	2.0	0	0	Chord	4/4	2	1	1/2	1/2	1	982	A-								
75	75	298	298	2.0	1/2	1/2	Chord	4/4	2	1	1/2	1/2	1	983	men,								
75	75	296	296	2.0	0	0	Chord	4/4	3	1	1/2	1/2	1	984	A-								
75	75	298	298	2.0	1/2	1/2	Chord	4/4	3	1	1/2	1/2	1	985	men,								
75	75	296	296	2.0	0	0	Chord	4/4	4	1	1/2	1/2	1	986	A-								
75	75	298	298	2.0	1/2	1/2	Chord	4/4	4	1	1/2	1/2	1	987	men,								
75	75	296	296	2.0	0	0	Chord	4/4	5	1	1/2	1/2	1	988									
75	75	298	298	2.0	1/2	1/2	Chord	4/4	5	1	1/2	1/2	1	989									
76	76	300	300	2.0	0	0	Chord	4/4	1	1	1/2	1/2	1	990	A-								
76	76	302	302	2.0	1/2	1/2	Chord	4/4	1	1	1/2	1/2	1	991	men,								
76	76	302	302	1.0	1/2	1/2	Chord	4/4	2	1	1/4	1/4	1	992	A-								
76	76	303	303	1.0	3/4	3/4	Chord	4/4	2	1	1/4	1/4	1	993	men,								
76	76	300	300	2.0	0	0	Chord	4/4	3	1	1/2	1/2	1	994	A-								
76	76	302	302	2.0	1/2	1/2	Chord	4/4	3	1	1/2	1/2	1	995	men,								
76	76	300	300	2.0	0	0	Chord	4/4	5	1	1/2	1/2	1	996									
76	76	302	302	2.0	1/2	1/2	Chord	4/4	5	1	1/2	1/2	1	997									
77	77	304	304	4.0	0	0	Chord	4/4	1	1	1	1	1	998	A-								
77	77	304	304	2.0	0	0	Chord	4/4	2	1	1/2	1/2	1	999	A-								
77	77	306	306	2.0	1/2	1/2	Chord	4/4	2	1	1/2	1/2	1	1000	men,								
77	77	306	306	1.0	1/2	1/2	Chord	4/4	3	1	1/4	1/4	1	1001	A-								
77	77	307	307	1.0	3/4	3/4	Chord	4/4	3	1	1/4	1/4	1	1002	men,								
77	77	304	304	0.0	0	0	StaffText	4/4	5	1	0						Kleine geistliche Konzerte. 2/25						
77	77	304	304	2.0	0	0	Chord	4/4	5	1	1/2	1/2	1	1003									
77	77	306	306	2.0	1/2	1/2	Chord	4/4	5	1	1/2	1/2	1	1004									
78	78	308	308	4.0	0	0	Chord	4/4	1	1	1	1	1	1005									
78	78	308	308	4.0	0	0	Chord	4/4	2	1	1	1	1	1006	A-								
78	78	308	308	4.0	0	0	Chord	4/4	3	1	1	1	1	1007	A-								
78	78	308	308	1.0	0	0	Chord	4/4	4	1	1/4	1/4	1	1008	A-								
78	78	309	309	1.0	1/4	1/4	Chord	4/4	4	1	1/4	1/4	1	1009	men,								
78	78	310	310	2.0	1/2	1/2	Chord	4/4	4	1	1/2	1/2	1	1010	A-								
78	78	308	308	4.0	0	0	Chord	4/4	5	1	1	1	1	1011									
79	79	312	312	8.0	0	0	Chord	4/4	1	1	2	2	1	1012	men.								
79	79	312	312	8.0	0	0	Chord	4/4	2	1	2	2	1	1013	men.								
79	79	312	312	8.0	0	0	Chord	4/4	3	1	2	2	1	1014	men.								
79	79	312	312	8.0	0	0	Chord	4/4	4	1	2	2	1	1015	men.								
79	79	312	312	8.0	0	0	Chord	4/4	5	1	2	2	1	1016									
