mc	mn	quarterbeats	quarterbeats_all_endings	duration_qb	mc_onset	mn_onset	event	timesig	staff	voice	duration	nominal_duration	scalar	chord_id	lyrics_1	lyrics_2	tempo	qpm	metronome_base	metronome_number	tempo_visible	slur
1	1	0	0	0.0	0	0	Tempo	2/2	1	1	0						ùÖû=62	124.0	ùÖû	62.0	0.0	
1	1	0	0	2.0	0	0	Chord	2/2	1	1	1/2	1/2	1	0	Herr,							
1	1	5/2	5/2	0.5	5/8	5/8	Chord	2/2	1	1	1/8	1/8	1	1	wann							
1	1	3	3	0.5	3/4	3/4	Chord	2/2	1	1	1/8	1/8	1	2	ich							
1	1	7/2	7/2	0.5	7/8	7/8	Chord	2/2	1	1	1/8	1/8	1	3	nur							
1	1	0	0	4.0	0	0	Chord	2/2	2	1	1	1	1	4								
2	2	4	4	0.5	0	0	Chord	2/2	1	1	1/8	1/8	1	5	dich,							
2	2	9/2	9/2	0.5	1/8	1/8	Chord	2/2	1	1	1/8	1/8	1	6	wann							
2	2	5	5	0.5	1/4	1/4	Chord	2/2	1	1	1/8	1/8	1	7	ich							
2	2	11/2	11/2	0.5	3/8	3/8	Chord	2/2	1	1	1/8	1/8	1	8	nur							
2	2	6	6	2.0	1/2	1/2	Chord	2/2	1	1	1/2	1/2	1	9	dich							
2	2	4	4	2.0	0	0	Chord	2/2	2	1	1/2	1/2	1	10								
2	2	6	6	2.0	1/2	1/2	Chord	2/2	2	1	1/2	1/2	1	11								
3	3	8	8	4.0	0	0	Chord	2/2	1	1	1	1	1	12	ha-							
3	3	8	8	2.0	0	0	Chord	2/2	2	1	1/2	1/2	1	13	4							
3	3	10	10	2.0	1/2	1/2	Chord	2/2	2	1	1/2	1/2	1	14	3							
4	4	12	12	4.0	0	0	Chord	2/2	1	1	1	1	1	15	be,							
4	4	12	12	4.0	0	0	Chord	2/2	2	1	1	1	1	16								
5	5	16	16	2.0	0	0	Chord	2/2	1	1	1/2	1/2	1	17	Herr,							
5	5	37/2	37/2	0.5	5/8	5/8	Chord	2/2	1	1	1/8	1/8	1	18	wann							
5	5	19	19	0.5	3/4	3/4	Chord	2/2	1	1	1/8	1/8	1	19	ich							
5	5	39/2	39/2	0.5	7/8	7/8	Chord	2/2	1	1	1/8	1/8	1	20	nur							
5	5	16	16	4.0	0	0	Chord	2/2	2	1	1	1	1	21								
6	6	20	20	0.5	0	0	Chord	2/2	1	1	1/8	1/8	1	22	dich,							
6	6	41/2	41/2	0.5	1/8	1/8	Chord	2/2	1	1	1/8	1/8	1	23	wann							
6	6	21	21	0.5	1/4	1/4	Chord	2/2	1	1	1/8	1/8	1	24	ich							
6	6	43/2	43/2	0.5	3/8	3/8	Chord	2/2	1	1	1/8	1/8	1	25	nur							
6	6	22	22	2.0	1/2	1/2	Chord	2/2	1	1	1/2	1/2	1	26	dich							
6	6	20	20	2.0	0	0	Chord	2/2	2	1	1/2	1/2	1	27								
6	6	22	22	2.0	1/2	1/2	Chord	2/2	2	1	1/2	1/2	1	28								
7	7	24	24	4.0	0	0	Chord	2/2	1	1	1	1	1	29	ha-							
7	7	24	24	1.0	0	0	Chord	2/2	2	1	1/4	1/4	1	30								
7	7	25	25	2.0	1/4	1/4	Chord	2/2	2	1	1/2	1/2	1	31	4							
7	7	27	27	1.0	3/4	3/4	Chord	2/2	2	1	1/4	1/4	1	32								
8	8	28	28	2.0	0	0	Chord	2/2	1	1	1/2	1/2	1	33	ne,							
8	8	31	31	1.0	3/4	3/4	Chord	2/2	1	1	1/4	1/4	1	34	so							
8	8	28	28	2.0	0	0	Chord	2/2	2	1	1/2	1/2	1	35								
8	8	30	30	2.0	1/2	1/2	Chord	2/2	2	1	1/2	1/2	1	36								
9	9	32	32	1.0	0	0	Chord	2/2	1	1	1/4	1/4	1	37	fra-							
9	9	33	33	0.5	1/4	1/4	Chord	2/2	1	1	1/8	1/8	1	38	ge							
9	9	67/2	67/2	0.5	3/8	3/8	Chord	2/2	1	1	1/8	1/8	1	39	ich							
9	9	34	34	1.0	1/2	1/2	Chord	2/2	1	1	1/4	1/4	1	40	nichts							
9	9	35	35	1.0	3/4	3/4	Chord	2/2	1	1	1/4	1/4	1	41	nach							
9	9	32	32	1.0	0	0	Chord	2/2	2	1	1/4	1/4	1	42								
9	9	33	33	1.0	1/4	1/4	Chord	2/2	2	1	1/4	1/4	1	43								
9	9	34	34	1.0	1/2	1/2	Chord	2/2	2	1	1/4	1/4	1	44								
9	9	35	35	1.0	3/4	3/4	Chord	2/2	2	1	1/4	1/4	1	45								
10	10	36	36	2.0	0	0	Chord	2/2	1	1	1/2	1/2	1	46	Him-							
10	10	38	38	1.0	1/2	1/2	Chord	2/2	1	1	1/4	1/4	1	47	mel							
10	10	39	39	1.0	3/4	3/4	Chord	2/2	1	1	1/4	1/4	1	48	und							
10	10	36	36	2.0	0	0	Chord	2/2	2	1	1/2	1/2	1	49								
10	10	38	38	1.0	1/2	1/2	Chord	2/2	2	1	1/4	1/4	1	50								
10	10	39	39	1.0	3/4	3/4	Chord	2/2	2	1	1/4	1/4	1	51								
11	11	40	40	4.0	0	0	Chord	2/2	1	1	1	1	1	52	Er--							
11	11	40	40	1.0	0	0	Chord	2/2	2	1	1/4	1/4	1	53								
11	11	41	41	2.0	1/4	1/4	Chord	2/2	2	1	1/2	1/2	1	54	4							
11	11	43	43	1.0	3/4	3/4	Chord	2/2	2	1	1/4	1/4	1	55								
12	12	44	44	2.0	0	0	Chord	2/2	1	1	1/2	1/2	1	56	den,							
12	12	47	47	1.0	3/4	3/4	Chord	2/2	1	1	1/4	1/4	1	57	so							
12	12	44	44	2.0	0	0	Chord	2/2	2	1	1/2	1/2	1	58								
12	12	46	46	2.0	1/2	1/2	Chord	2/2	2	1	1/2	1/2	1	59								
13	13	48	48	1.0	0	0	Chord	2/2	1	1	1/4	1/4	1	60	fra-							
13	13	49	49	0.5	1/4	1/4	Chord	2/2	1	1	1/8	1/8	1	61	ge							
13	13	99/2	99/2	0.5	3/8	3/8	Chord	2/2	1	1	1/8	1/8	1	62	ich							
13	13	50	50	1.0	1/2	1/2	Chord	2/2	1	1	1/4	1/4	1	63	nichts							
13	13	51	51	1.0	3/4	3/4	Chord	2/2	1	1	1/4	1/4	1	64	nach							
13	13	48	48	1.0	0	0	Chord	2/2	2	1	1/4	1/4	1	65								
13	13	49	49	1.0	1/4	1/4	Chord	2/2	2	1	1/4	1/4	1	66								
13	13	50	50	1.0	1/2	1/2	Chord	2/2	2	1	1/4	1/4	1	67								
13	13	51	51	1.0	3/4	3/4	Chord	2/2	2	1	1/4	1/4	1	68								
14	14	52	52	2.0	0	0	Chord	2/2	1	1	1/2	1/2	1	69	Him-							
14	14	54	54	1.0	1/2	1/2	Chord	2/2	1	1	1/4	1/4	1	70	mel							
14	14	55	55	1.0	3/4	3/4	Chord	2/2	1	1	1/4	1/4	1	71	und							
14	14	52	52	2.0	0	0	Chord	2/2	2	1	1/2	1/2	1	72								
14	14	54	54	1.0	1/2	1/2	Chord	2/2	2	1	1/4	1/4	1	73								
14	14	55	55	1.0	3/4	3/4	Chord	2/2	2	1	1/4	1/4	1	74								
15	15	56	56	4.0	0	0	Chord	2/2	1	1	1	1	1	75	Er-							
15	15	56	56	1.0	0	0	Chord	2/2	2	1	1/4	1/4	1	76	3							
15	15	57	57	2.0	1/4	1/4	Chord	2/2	2	1	1/2	1/2	1	77	4							
15	15	59	59	1.0	3/4	3/4	Chord	2/2	2	1	1/4	1/4	1	78	3							
16	16	60	60	2.0	0	0	Chord	2/2	1	1	1/2	1/2	1	79	den,							
16	16	125/2	125/2	0.5	5/8	5/8	Chord	2/2	1	1	1/8	1/8	1	80	wann							
16	16	63	63	0.5	3/4	3/4	Chord	2/2	1	1	1/8	1/8	1	81	ich							
16	16	127/2	127/2	0.5	7/8	7/8	Chord	2/2	1	1	1/8	1/8	1	82	nur							
16	16	60	60	2.0	0	0	Chord	2/2	2	1	1/2	1/2	1	83								
16	16	62	62	2.0	1/2	1/2	Chord	2/2	2	1	1/2	1/2	1	84								
17	17	64	64	0.5	0	0	Chord	2/2	1	1	1/8	1/8	1	85	dich,							
17	17	129/2	129/2	0.5	1/8	1/8	Chord	2/2	1	1	1/8	1/8	1	86	wenn							
17	17	65	65	0.5	1/4	1/4	Chord	2/2	1	1	1/8	1/8	1	87	ich							
17	17	131/2	131/2	0.5	3/8	3/8	Chord	2/2	1	1	1/8	1/8	1	88	nur							
17	17	66	66	2.0	1/2	1/2	Chord	2/2	1	1	1/2	1/2	1	89	dich							
17	17	64	64	2.0	0	0	Chord	2/2	2	1	1/2	1/2	1	90								
17	17	66	66	2.0	1/2	1/2	Chord	2/2	2	1	1/2	1/2	1	91								
18	18	68	68	4.0	0	0	Chord	2/2	1	1	1	1	1	92	ha-							
18	18	68	68	1.0	0	0	Chord	2/2	2	1	1/4	1/4	1	93								
18	18	69	69	2.0	1/4	1/4	Chord	2/2	2	1	1/2	1/2	1	94	4							
18	18	71	71	1.0	3/4	3/4	Chord	2/2	2	1	1/4	1/4	1	95								
19	19	72	72	4.0	0	0	Chord	2/2	1	1	1	1	1	96	be.							
19	19	72	72	4.0	0	0	Chord	2/2	2	1	1	1	1	97								
20	20	76	76	2.0	0	0	Chord	2/2	1	1	1/2	1/2	1	98	Herr,							
20	20	157/2	157/2	0.5	5/8	5/8	Chord	2/2	1	1	1/8	1/8	1	99	wann							
20	20	79	79	0.5	3/4	3/4	Chord	2/2	1	1	1/8	1/8	1	100	ich							
20	20	159/2	159/2	0.5	7/8	7/8	Chord	2/2	1	1	1/8	1/8	1	101	nur							
20	20	76	76	2.0	0	0	Chord	2/2	2	1	1/2	1/2	1	102	Herr,							
20	20	157/2	157/2	0.5	5/8	5/8	Chord	2/2	2	1	1/8	1/8	1	103	wann							
20	20	79	79	0.5	3/4	3/4	Chord	2/2	2	1	1/8	1/8	1	104	ich							
20	20	159/2	159/2	0.5	7/8	7/8	Chord	2/2	2	1	1/8	1/8	1	105	nur							
20	20	76	76	2.0	0	0	Chord	2/2	3	1	1/2	1/2	1	106	Herr,							
20	20	157/2	157/2	0.5	5/8	5/8	Chord	2/2	3	1	1/8	1/8	1	107	wann							
20	20	79	79	0.5	3/4	3/4	Chord	2/2	3	1	1/8	1/8	1	108	ich							
20	20	159/2	159/2	0.5	7/8	7/8	Chord	2/2	3	1	1/8	1/8	1	109	nur							
20	20	76	76	3.0	0	0	Chord	2/2	4	1	3/4	1/2	3/2	110								
20	20	79	79	0.5	3/4	3/4	Chord	2/2	4	1	1/8	1/8	1	111								
20	20	159/2	159/2	0.5	7/8	7/8	Chord	2/2	4	1	1/8	1/8	1	112								
21	21	80	80	0.5	0	0	Chord	2/2	1	1	1/8	1/8	1	113	dich,							
21	21	161/2	161/2	0.5	1/8	1/8	Chord	2/2	1	1	1/8	1/8	1	114	wann							
21	21	81	81	0.5	1/4	1/4	Chord	2/2	1	1	1/8	1/8	1	115	ich							
21	21	163/2	163/2	0.5	3/8	3/8	Chord	2/2	1	1	1/8	1/8	1	116	nur							
21	21	82	82	2.0	1/2	1/2	Chord	2/2	1	1	1/2	1/2	1	117	dich							
21	21	80	80	0.5	0	0	Chord	2/2	2	1	1/8	1/8	1	118	dich							
21	21	161/2	161/2	0.5	1/8	1/8	Chord	2/2	2	1	1/8	1/8	1	119	wann							
21	21	81	81	0.5	1/4	1/4	Chord	2/2	2	1	1/8	1/8	1	120	ich							
21	21	163/2	163/2	0.5	3/8	3/8	Chord	2/2	2	1	1/8	1/8	1	121	nur							
21	21	82	82	1.0	1/2	1/2	Chord	2/2	2	1	1/4	1/4	1	122	dich							
21	21	83	83	1.0	3/4	3/4	Chord	2/2	2	1	1/4	1/4	1	123	ha-							0
21	21	80	80	0.5	0	0	Chord	2/2	3	1	1/8	1/8	1	124	dich,							
21	21	161/2	161/2	0.5	1/8	1/8	Chord	2/2	3	1	1/8	1/8	1	125	wann							
21	21	81	81	0.5	1/4	1/4	Chord	2/2	3	1	1/8	1/8	1	126	ich							
21	21	163/2	163/2	0.5	3/8	3/8	Chord	2/2	3	1	1/8	1/8	1	127	nur							
21	21	82	82	2.0	1/2	1/2	Chord	2/2	3	1	1/2	1/2	1	128	dich							
21	21	80	80	0.5	0	0	Chord	2/2	4	1	1/8	1/8	1	129								
21	21	161/2	161/2	0.5	1/8	1/8	Chord	2/2	4	1	1/8	1/8	1	130								
21	21	81	81	1.0	1/4	1/4	Chord	2/2	4	1	1/4	1/4	1	131								
21	21	82	82	2.0	1/2	1/2	Chord	2/2	4	1	1/2	1/2	1	132								
22	22	84	84	4.0	0	0	Chord	2/2	1	1	1	1	1	133	ha-							
22	22	84	84	1.0	0	0	Chord	2/2	2	1	1/4	1/4	1	134								0
22	22	85	85	0.5	1/4	1/4	Chord	2/2	2	1	1/8	1/8	1	135								0
22	22	171/2	171/2	0.5	3/8	3/8	Chord	2/2	2	1	1/8	1/8	1	136								0
22	22	86	86	2.0	1/2	1/2	Chord	2/2	2	1	1/2	1/2	1	137								
22	22	84	84	4.0	0	0	Chord	2/2	3	1	1	1	1	138	ha-							
22	22	84	84	2.0	0	0	Chord	2/2	4	1	1/2	1/2	1	139	4							
22	22	86	86	2.0	1/2	1/2	Chord	2/2	4	1	1/2	1/2	1	140	3							
23	23	88	88	4.0	0	0	Chord	2/2	1	1	1	1	1	141	be,							
23	23	88	88	4.0	0	0	Chord	2/2	2	1	1	1	1	142	be,							
23	23	88	88	4.0	0	0	Chord	2/2	3	1	1	1	1	143	be,							
23	23	88	88	4.0	0	0	Chord	2/2	4	1	1	1	1	144								
24	24	92	92	2.0	0	0	Chord	2/2	1	1	1/2	1/2	1	145	Herr,							
24	24	189/2	189/2	0.5	5/8	5/8	Chord	2/2	1	1	1/8	1/8	1	146	wann							
24	24	95	95	0.5	3/4	3/4	Chord	2/2	1	1	1/8	1/8	1	147	ich							
24	24	191/2	191/2	0.5	7/8	7/8	Chord	2/2	1	1	1/8	1/8	1	148	nur							
24	24	92	92	2.0	0	0	Chord	2/2	2	1	1/2	1/2	1	149	Herr,							
24	24	189/2	189/2	0.5	5/8	5/8	Chord	2/2	2	1	1/8	1/8	1	150	wann							
24	24	95	95	0.5	3/4	3/4	Chord	2/2	2	1	1/8	1/8	1	151	ich							
24	24	191/2	191/2	0.5	7/8	7/8	Chord	2/2	2	1	1/8	1/8	1	152	nur							
24	24	92	92	2.0	0	0	Chord	2/2	3	1	1/2	1/2	1	153	Herr,							
24	24	189/2	189/2	0.5	5/8	5/8	Chord	2/2	3	1	1/8	1/8	1	154	wann							
24	24	95	95	0.5	3/4	3/4	Chord	2/2	3	1	1/8	1/8	1	155	ich							
24	24	191/2	191/2	0.5	7/8	7/8	Chord	2/2	3	1	1/8	1/8	1	156	nur							
24	24	92	92	3.0	0	0	Chord	2/2	4	1	3/4	1/2	3/2	157								
24	24	95	95	0.5	3/4	3/4	Chord	2/2	4	1	1/8	1/8	1	158								
24	24	191/2	191/2	0.5	7/8	7/8	Chord	2/2	4	1	1/8	1/8	1	159								
25	25	96	96	0.5	0	0	Chord	2/2	1	1	1/8	1/8	1	160	dich,							
25	25	193/2	193/2	0.5	1/8	1/8	Chord	2/2	1	1	1/8	1/8	1	161	wann							
25	25	97	97	0.5	1/4	1/4	Chord	2/2	1	1	1/8	1/8	1	162	uch							
25	25	195/2	195/2	0.5	3/8	3/8	Chord	2/2	1	1	1/8	1/8	1	163	nur							
25	25	98	98	2.0	1/2	1/2	Chord	2/2	1	1	1/2	1/2	1	164	dich							
25	25	96	96	0.5	0	0	Chord	2/2	2	1	1/8	1/8	1	165	dich,							
25	25	193/2	193/2	0.5	1/8	1/8	Chord	2/2	2	1	1/8	1/8	1	166	wann							
25	25	97	97	0.5	1/4	1/4	Chord	2/2	2	1	1/8	1/8	1	167	uch							
25	25	195/2	195/2	0.5	3/8	3/8	Chord	2/2	2	1	1/8	1/8	1	168	nur							
25	25	98	98	2.0	1/2	1/2	Chord	2/2	2	1	1/2	1/2	1	169	dich							
25	25	96	96	0.5	0	0	Chord	2/2	3	1	1/8	1/8	1	170	dich,							
25	25	193/2	193/2	0.5	1/8	1/8	Chord	2/2	3	1	1/8	1/8	1	171	wann							
25	25	97	97	0.5	1/4	1/4	Chord	2/2	3	1	1/8	1/8	1	172	uch							
25	25	195/2	195/2	0.5	3/8	3/8	Chord	2/2	3	1	1/8	1/8	1	173	nur							
25	25	98	98	2.0	1/2	1/2	Chord	2/2	3	1	1/2	1/2	1	174	dich							
25	25	96	96	0.5	0	0	Chord	2/2	4	1	1/8	1/8	1	175								
25	25	193/2	193/2	0.5	1/8	1/8	Chord	2/2	4	1	1/8	1/8	1	176								
25	25	97	97	1.0	1/4	1/4	Chord	2/2	4	1	1/4	1/4	1	177								
25	25	98	98	2.0	1/2	1/2	Chord	2/2	4	1	1/2	1/2	1	178								
26	26	100	100	4.0	0	0	Chord	2/2	1	1	1	1	1	179	ha--							
26	26	100	100	1.0	0	0	Chord	2/2	2	1	1/4	1/4	1	180	ha-							1
26	26	101	101	2.0	1/4	1/4	Chord	2/2	2	1	1/2	1/2	1	181								1
26	26	103	103	1.0	3/4	3/4	Chord	2/2	2	1	1/4	1/4	1	182								
26	26	100	100	4.0	0	0	Chord	2/2	3	1	1	1	1	183	ha-							
26	26	100	100	1.0	0	0	Chord	2/2	4	1	1/4	1/4	1	184								
26	26	101	101	2.0	1/4	1/4	Chord	2/2	4	1	1/2	1/2	1	185	4							
26	26	103	103	1.0	3/4	3/4	Chord	2/2	4	1	1/4	1/4	1	186								
27	27	104	104	2.0	0	0	Chord	2/2	1	1	1/2	1/2	1	187	be,							
27	27	104	104	2.0	0	0	Chord	2/2	2	1	1/2	1/2	1	188	be,							
27	27	107	107	1.0	3/4	3/4	Chord	2/2	2	1	1/4	1/4	1	189	so							
27	27	104	104	2.0	0	0	Chord	2/2	3	1	1/2	1/2	1	190	be,							
27	27	104	104	2.0	0	0	Chord	2/2	4	1	1/2	1/2	1	191								
27	27	106	106	2.0	1/2	1/2	Chord	2/2	4	1	1/2	1/2	1	192								
28	28	108	108	1.0	0	0	Chord	2/2	2	1	1/4	1/4	1	193	fra-							
28	28	109	109	0.5	1/4	1/4	Chord	2/2	2	1	1/8	1/8	1	194	ge							
28	28	219/2	219/2	0.5	3/8	3/8	Chord	2/2	2	1	1/8	1/8	1	195	ich							
28	28	110	110	1.0	1/2	1/2	Chord	2/2	2	1	1/4	1/4	1	196	nichts							
28	28	111	111	1.0	3/4	3/4	Chord	2/2	2	1	1/4	1/4	1	197	nach							
28	28	108	108	1.0	0	0	Chord	2/2	4	1	1/4	1/4	1	198								
28	28	109	109	1.0	1/4	1/4	Chord	2/2	4	1	1/4	1/4	1	199								
28	28	110	110	1.0	1/2	1/2	Chord	2/2	4	1	1/4	1/4	1	200								
28	28	111	111	1.0	3/4	3/4	Chord	2/2	4	1	1/4	1/4	1	201								
29	29	112	112	2.0	0	0	Chord	2/2	2	1	1/2	1/2	1	202	Hirn-							
29	29	114	114	1.0	1/2	1/2	Chord	2/2	2	1	1/4	1/4	1	203	mel							
29	29	115	115	1.0	3/4	3/4	Chord	2/2	2	1	1/4	1/4	1	204	und							
29	29	112	112	2.0	0	0	Chord	2/2	4	1	1/2	1/2	1	205								
29	29	114	114	2.0	1/2	1/2	Chord	2/2	4	1	1/2	1/2	1	206								
30	30	116	116	4.0	0	0	Chord	2/2	2	1	1	1	1	207	Er--							
30	30	116	116	1.0	0	0	Chord	2/2	4	1	1/4	1/4	1	208								
30	30	117	117	2.0	1/4	1/4	Chord	2/2	4	1	1/2	1/2	1	209	4							
30	30	119	119	1.0	3/4	3/4	Chord	2/2	4	1	1/4	1/4	1	210								
31	31	123	123	1.0	3/4	3/4	Chord	2/2	1	1	1/4	1/4	1	211	so							
31	31	120	120	2.0	0	0	Chord	2/2	2	1	1/2	1/2	1	212	den,							
31	31	123	123	1.0	3/4	3/4	Chord	2/2	2	1	1/4	1/4	1	213	so							
31	31	120	120	2.0	0	0	Chord	2/2	4	1	1/2	1/2	1	214								
31	31	122	122	2.0	1/2	1/2	Chord	2/2	4	1	1/2	1/2	1	215								
32	32	124	124	1.0	0	0	Chord	2/2	1	1	1/4	1/4	1	216	fra-							
32	32	125	125	0.5	1/4	1/4	Chord	2/2	1	1	1/8	1/8	1	217	ge							
32	32	251/2	251/2	0.5	3/8	3/8	Chord	2/2	1	1	1/8	1/8	1	218	ich							
32	32	126	126	1.0	1/2	1/2	Chord	2/2	1	1	1/4	1/4	1	219	nichts							
32	32	127	127	1.0	3/4	3/4	Chord	2/2	1	1	1/4	1/4	1	220	nach							
32	32	124	124	1.0	0	0	Chord	2/2	2	1	1/4	1/4	1	221	fra-							
32	32	125	125	0.5	1/4	1/4	Chord	2/2	2	1	1/8	1/8	1	222	ge							
32	32	251/2	251/2	0.5	3/8	3/8	Chord	2/2	2	1	1/8	1/8	1	223	ich							
32	32	126	126	1.0	1/2	1/2	Chord	2/2	2	1	1/4	1/4	1	224	nichts							
32	32	127	127	1.0	3/4	3/4	Chord	2/2	2	1	1/4	1/4	1	225	nach							
32	32	124	124	1.0	0	0	Chord	2/2	4	1	1/4	1/4	1	226								
32	32	125	125	1.0	1/4	1/4	Chord	2/2	4	1	1/4	1/4	1	227								
32	32	126	126	1.0	1/2	1/2	Chord	2/2	4	1	1/4	1/4	1	228								
32	32	127	127	1.0	3/4	3/4	Chord	2/2	4	1	1/4	1/4	1	229								
33	33	128	128	2.0	0	0	Chord	2/2	1	1	1/2	1/2	1	230	Hirn-							
33	33	130	130	1.0	1/2	1/2	Chord	2/2	1	1	1/4	1/4	1	231	mel							
33	33	131	131	1.0	3/4	3/4	Chord	2/2	1	1	1/4	1/4	1	232	und							
33	33	128	128	2.0	0	0	Chord	2/2	2	1	1/2	1/2	1	233	Hirn-							
33	33	130	130	1.0	1/2	1/2	Chord	2/2	2	1	1/4	1/4	1	234	mel							
33	33	131	131	1.0	3/4	3/4	Chord	2/2	2	1	1/4	1/4	1	235	und							
33	33	128	128	2.0	0	0	Chord	2/2	4	1	1/2	1/2	1	236								
33	33	130	130	1.0	1/2	1/2	Chord	2/2	4	1	1/4	1/4	1	237								
33	33	131	131	1.0	3/4	3/4	Chord	2/2	4	1	1/4	1/4	1	238	6							
34	34	132	132	4.0	0	0	Chord	2/2	1	1	1	1	1	239	Er-							
34	34	132	132	1.0	0	0	Chord	2/2	2	1	1/4	1/4	1	240	Er-							2
34	34	133	133	0.5	1/4	1/4	Chord	2/2	2	1	1/8	1/8	1	241								2
34	34	267/2	267/2	0.5	3/8	3/8	Chord	2/2	2	1	1/8	1/8	1	242								2
34	34	134	134	2.0	1/2	1/2	Chord	2/2	2	1	1/2	1/2	1	243								
34	34	132	132	2.0	0	0	Chord	2/2	3	1	1/2	1/2	1	244	Herr,							
34	34	269/2	269/2	0.5	5/8	5/8	Chord	2/2	3	1	1/8	1/8	1	245	wann							
34	34	135	135	0.5	3/4	3/4	Chord	2/2	3	1	1/8	1/8	1	246	ich							
34	34	271/2	271/2	0.5	7/8	7/8	Chord	2/2	3	1	1/8	1/8	1	247	nur							
34	34	132	132	2.0	0	0	Chord	2/2	4	1	1/2	1/2	1	248	4							
34	34	134	134	2.0	1/2	1/2	Chord	2/2	4	1	1/2	1/2	1	249	3							
35	35	136	136	2.0	0	0	Chord	2/2	1	1	1/2	1/2	1	250	den,							
35	35	277/2	277/2	0.5	5/8	5/8	Chord	2/2	1	1	1/8	1/8	1	251	wann							
35	35	139	139	0.5	3/4	3/4	Chord	2/2	1	1	1/8	1/8	1	252	ich							
35	35	279/2	279/2	0.5	7/8	7/8	Chord	2/2	1	1	1/8	1/8	1	253	nur							
35	35	136	136	0.5	0	0	Chord	2/2	2	1	1/8	1/8	1	254	den,							
35	35	273/2	273/2	0.5	1/8	1/8	Chord	2/2	2	1	1/8	1/8	1	255	wann							
35	35	137	137	0.5	1/4	1/4	Chord	2/2	2	1	1/8	1/8	1	256	ich							
35	35	275/2	275/2	0.5	3/8	3/8	Chord	2/2	2	1	1/8	1/8	1	257	nur							
35	35	138	138	2.0	1/2	1/2	Chord	2/2	2	1	1/2	1/2	1	258	dich							
35	35	136	136	0.5	0	0	Chord	2/2	3	1	1/8	1/8	1	259	dich,							
35	35	273/2	273/2	0.5	1/8	1/8	Chord	2/2	3	1	1/8	1/8	1	260	wann							
35	35	137	137	0.5	1/4	1/4	Chord	2/2	3	1	1/8	1/8	1	261	ich							
35	35	275/2	275/2	0.5	3/8	3/8	Chord	2/2	3	1	1/8	1/8	1	262	nur							
35	35	138	138	2.0	1/2	1/2	Chord	2/2	3	1	1/2	1/2	1	263	dich							
35	35	136	136	0.5	0	0	Chord	2/2	4	1	1/8	1/8	1	264								
35	35	273/2	273/2	0.5	1/8	1/8	Chord	2/2	4	1	1/8	1/8	1	265								
35	35	137	137	1.0	1/4	1/4	Chord	2/2	4	1	1/4	1/4	1	266								
35	35	138	138	2.0	1/2	1/2	Chord	2/2	4	1	1/2	1/2	1	267								
36	36	140	140	0.5	0	0	Chord	2/2	1	1	1/8	1/8	1	268	dich,							
36	36	281/2	281/2	0.5	1/8	1/8	Chord	2/2	1	1	1/8	1/8	1	269	wann							
36	36	141	141	0.5	1/4	1/4	Chord	2/2	1	1	1/8	1/8	1	270	ich							
36	36	283/2	283/2	0.5	3/8	3/8	Chord	2/2	1	1	1/8	1/8	1	271	nur							
36	36	142	142	2.0	1/2	1/2	Chord	2/2	1	1	1/2	1/2	1	272	dich							
36	36	140	140	2.0	0	0	Chord	2/2	2	1	1/2	1/2	1	273	ha-							
36	36	142	142	0.5	1/2	1/2	Chord	2/2	2	1	1/8	1/8	1	274	be,							
36	36	285/2	285/2	0.5	5/8	5/8	Chord	2/2	2	1	1/8	1/8	1	275	wann							
36	36	143	143	0.5	3/4	3/4	Chord	2/2	2	1	1/8	1/8	1	276	ich							
36	36	287/2	287/2	0.5	7/8	7/8	Chord	2/2	2	1	1/8	1/8	1	277	nur							
36	36	140	140	2.0	0	0	Chord	2/2	3	1	1/2	1/2	1	278	ha-							
36	36	142	142	0.5	1/2	1/2	Chord	2/2	3	1	1/8	1/8	1	279	be,							
36	36	285/2	285/2	0.5	5/8	5/8	Chord	2/2	3	1	1/8	1/8	1	280	wann							
36	36	143	143	0.5	3/4	3/4	Chord	2/2	3	1	1/8	1/8	1	281	ich							
36	36	287/2	287/2	0.5	7/8	7/8	Chord	2/2	3	1	1/8	1/8	1	282	nur							
36	36	140	140	2.0	0	0	Chord	2/2	4	1	1/2	1/2	1	283								
36	36	142	142	1.0	1/2	1/2	Chord	2/2	4	1	1/4	1/4	1	284								
36	36	143	143	0.5	3/4	3/4	Chord	2/2	4	1	1/8	1/8	1	285								
36	36	287/2	287/2	0.5	7/8	7/8	Chord	2/2	4	1	1/8	1/8	1	286								
37	37	144	144	2.0	0	0	Chord	2/2	1	1	1/2	1/2	1	287	ha-							
37	37	146	146	0.5	1/2	1/2	Chord	2/2	1	1	1/8	1/8	1	288	be,							
37	37	293/2	293/2	0.5	5/8	5/8	Chord	2/2	1	1	1/8	1/8	1	289	wann							
37	37	147	147	0.5	3/4	3/4	Chord	2/2	1	1	1/8	1/8	1	290	ich							
37	37	295/2	295/2	0.5	7/8	7/8	Chord	2/2	1	1	1/8	1/8	1	291	nur							
37	37	144	144	0.5	0	0	Chord	2/2	2	1	1/8	1/8	1	292	dich,							
37	37	289/2	289/2	0.5	1/8	1/8	Chord	2/2	2	1	1/8	1/8	1	293	wann							
37	37	145	145	0.5	1/4	1/4	Chord	2/2	2	1	1/8	1/8	1	294	ich							
37	37	291/2	291/2	0.5	3/8	3/8	Chord	2/2	2	1	1/8	1/8	1	295	nur							
37	37	146	146	2.0	1/2	1/2	Chord	2/2	2	1	1/2	1/2	1	296	dich,							
37	37	144	144	0.5	0	0	Chord	2/2	3	1	1/8	1/8	1	297	dich,							
37	37	289/2	289/2	0.5	1/8	1/8	Chord	2/2	3	1	1/8	1/8	1	298	wann							
37	37	145	145	0.5	1/4	1/4	Chord	2/2	3	1	1/8	1/8	1	299	ich							
37	37	291/2	291/2	0.5	3/8	3/8	Chord	2/2	3	1	1/8	1/8	1	300	nur							
37	37	146	146	0.5	1/2	1/2	Chord	2/2	3	1	1/8	1/8	1	301	dich,							
37	37	293/2	293/2	0.5	5/8	5/8	Chord	2/2	3	1	1/8	1/8	1	302	wann							
37	37	147	147	0.5	3/4	3/4	Chord	2/2	3	1	1/8	1/8	1	303	ich							
37	37	295/2	295/2	0.5	7/8	7/8	Chord	2/2	3	1	1/8	1/8	1	304	nur							
37	37	144	144	0.5	0	0	Chord	2/2	4	1	1/8	1/8	1	305								
37	37	289/2	289/2	0.5	1/8	1/8	Chord	2/2	4	1	1/8	1/8	1	306								
37	37	145	145	1.0	1/4	1/4	Chord	2/2	4	1	1/4	1/4	1	307								
37	37	146	146	0.5	1/2	1/2	Chord	2/2	4	1	1/8	1/8	1	308								
37	37	293/2	293/2	0.5	5/8	5/8	Chord	2/2	4	1	1/8	1/8	1	309								
37	37	147	147	1.0	3/4	3/4	Chord	2/2	4	1	1/4	1/4	1	310								
38	38	148	148	0.5	0	0	Chord	2/2	1	1	1/8	1/8	1	311	dich,							
38	38	297/2	297/2	0.5	1/8	1/8	Chord	2/2	1	1	1/8	1/8	1	312	wann							
38	38	149	149	0.5	1/4	1/4	Chord	2/2	1	1	1/8	1/8	1	313	ich							
38	38	299/2	299/2	0.5	3/8	3/8	Chord	2/2	1	1	1/8	1/8	1	314	nur							
38	38	150	150	2.0	1/2	1/2	Chord	2/2	1	1	1/2	1/2	1	315	dich							
38	38	297/2	297/2	0.5	1/8	1/8	Chord	2/2	2	1	1/8	1/8	1	316	wann							
38	38	149	149	0.5	1/4	1/4	Chord	2/2	2	1	1/8	1/8	1	317	ich							
38	38	299/2	299/2	0.5	3/8	3/8	Chord	2/2	2	1	1/8	1/8	1	318	nur							
38	38	150	150	1.0	1/2	1/2	Chord	2/2	2	1	1/4	1/4	1	319	dich							
38	38	151	151	1.0	3/4	3/4	Chord	2/2	2	1	1/4	1/4	1	320	ha-							
38	38	148	148	0.5	0	0	Chord	2/2	3	1	1/8	1/8	1	321	dich,							
38	38	297/2	297/2	0.5	1/8	1/8	Chord	2/2	3	1	1/8	1/8	1	322	wann							
38	38	149	149	0.5	1/4	1/4	Chord	2/2	3	1	1/8	1/8	1	323	ich							
38	38	299/2	299/2	0.5	3/8	3/8	Chord	2/2	3	1	1/8	1/8	1	324	nur							
38	38	150	150	2.0	1/2	1/2	Chord	2/2	3	1	1/2	1/2	1	325	dich							
38	38	148	148	0.5	0	0	Chord	2/2	4	1	1/8	1/8	1	326								
38	38	297/2	297/2	0.5	1/8	1/8	Chord	2/2	4	1	1/8	1/8	1	327	6							
38	38	149	149	1.0	1/4	1/4	Chord	2/2	4	1	1/4	1/4	1	328	6							
38	38	150	150	1.0	1/2	1/2	Chord	2/2	4	1	1/4	1/4	1	329	5							
38	38	151	151	1.0	3/4	3/4	Chord	2/2	4	1	1/4	1/4	1	330	6							
39	39	152	152	4.0	0	0	Chord	2/2	1	1	1	1	1	331	ha-							
39	39	152	152	1.0	0	0	Chord	2/2	2	1	1/4	1/4	1	332								3
39	39	153	153	0.5	1/4	1/4	Chord	2/2	2	1	1/8	1/8	1	333								3
39	39	307/2	307/2	0.5	3/8	3/8	Chord	2/2	2	1	1/8	1/8	1	334								3
39	39	154	154	2.0	1/2	1/2	Chord	2/2	2	1	1/2	1/2	1	335								
39	39	152	152	4.0	0	0	Chord	2/2	3	1	1	1	1	336	ha-							
39	39	152	152	2.0	0	0	Chord	2/2	4	1	1/2	1/2	1	337	4							
39	39	154	154	2.0	1/2	1/2	Chord	2/2	4	1	1/2	1/2	1	338								
40	40	156	156	4.0	0	0	Chord	2/2	1	1	1	1	1	339	be,							
40	40	156	156	4.0	0	0	Chord	2/2	2	1	1	1	1	340	be,							
40	40	156	156	4.0	0	0	Chord	2/2	3	1	1	1	1	341	be,							
40	40	156	156	4.0	0	0	Chord	2/2	4	1	1	1	1	342								
41	41	162	162	1.0	1/2	1/2	Chord	2/2	2	1	1/4	1/4	1	343	wann							
41	41	163	163	0.5	3/4	3/4	Chord	2/2	2	1	1/8	1/8	1	344	mir							
41	41	327/2	327/2	0.5	7/8	7/8	Chord	2/2	2	1	1/8	1/8	1	345	gleich							
41	41	160	160	4.0	0	0	Chord	2/2	4	1	1	1	1	346								
42	42	166	166	1.0	1/2	1/2	Chord	2/2	1	1	1/4	1/4	1	347	wann							
42	42	167	167	0.5	3/4	3/4	Chord	2/2	1	1	1/8	1/8	1	348	mir							
42	42	335/2	335/2	0.5	7/8	7/8	Chord	2/2	1	1	1/8	1/8	1	349	gleich							
42	42	164	164	1.0	0	0	Chord	2/2	2	1	1/4	1/4	1	350	Leib							
42	42	165	165	1.0	1/4	1/4	Chord	2/2	2	1	1/4	1/4	1	351	und							
42	42	166	166	2.0	1/2	1/2	Chord	2/2	2	1	1/2	1/2	1	352	See-							
42	42	164	164	1.0	0	0	Chord	2/2	3	1	1/4	1/4	1	353	wann							
42	42	165	165	0.5	1/4	1/4	Chord	2/2	3	1	1/8	1/8	1	354	mir							
42	42	331/2	331/2	0.5	3/8	3/8	Chord	2/2	3	1	1/8	1/8	1	355	gleich							
42	42	166	166	1.0	1/2	1/2	Chord	2/2	3	1	1/4	1/4	1	356	Leib							
42	42	167	167	1.0	3/4	3/4	Chord	2/2	3	1	1/4	1/4	1	357	und							
42	42	164	164	3.0	0	0	Chord	2/2	4	1	3/4	1/2	3/2	358								
42	42	167	167	1.0	3/4	3/4	Chord	2/2	4	1	1/4	1/4	1	359	6							
43	43	168	168	1.0	0	0	Chord	2/2	1	1	1/4	1/4	1	360	Leib							
43	43	169	169	1.0	1/4	1/4	Chord	2/2	1	1	1/4	1/4	1	361	und							
43	43	170	170	2.0	1/2	1/2	Chord	2/2	1	1	1/2	1/2	1	362	See-							
43	43	168	168	2.0	0	0	Chord	2/2	2	1	1/2	1/2	1	363								
43	43	170	170	1.0	1/2	1/2	Chord	2/2	2	1	1/4	1/4	1	364	le							
43	43	171	171	1.0	3/4	3/4	Chord	2/2	2	1	1/4	1/4	1	365	ver-							
43	43	168	168	2.0	0	0	Chord	2/2	3	1	1/2	1/2	1	366	See-							
43	43	170	170	2.0	1/2	1/2	Chord	2/2	3	1	1/2	1/2	1	367								
43	43	168	168	2.0	0	0	Chord	2/2	4	1	1/2	1/2	1	368	6							
43	43	170	170	2.0	1/2	1/2	Chord	2/2	4	1	1/2	1/2	1	369								
44	44	172	172	1.0	0	0	Chord	2/2	1	1	1/4	1/4	1	370	le							
44	44	173	173	1.0	1/4	1/4	Chord	2/2	1	1	1/4	1/4	1	371	ver-							
44	44	174	174	2.0	1/2	1/2	Chord	2/2	1	1	1/2	1/2	1	372	schmacht,							
44	44	172	172	2.0	0	0	Chord	2/2	2	1	1/2	1/2	1	373	schmacht,							
44	44	174	174	0.5	1/2	1/2	Chord	2/2	2	1	1/8	1/8	1	374	so							
44	44	349/2	349/2	0.5	5/8	5/8	Chord	2/2	2	1	1/8	1/8	1	375	bist							
44	44	175	175	0.5	3/4	3/4	Chord	2/2	2	1	1/8	1/8	1	376	du							
44	44	351/2	351/2	0.5	7/8	7/8	Chord	2/2	2	1	1/8	1/8	1	377	doch,							
44	44	172	172	2.0	0	0	Chord	2/2	3	1	1/2	1/2	1	378								
44	44	174	174	1.0	1/2	1/2	Chord	2/2	3	1	1/4	1/4	1	379	le							
44	44	175	175	1.0	3/4	3/4	Chord	2/2	3	1	1/4	1/4	1	380	ver-							
44	44	172	172	2.0	0	0	Chord	2/2	4	1	1/2	1/2	1	381	4	2						
44	44	174	174	2.0	1/2	1/2	Chord	2/2	4	1	1/2	1/2	1	382								
45	45	176	176	0.5	0	0	Chord	2/2	1	1	1/8	1/8	1	383	so							
45	45	353/2	353/2	0.5	1/8	1/8	Chord	2/2	1	1	1/8	1/8	1	384	bist							
45	45	177	177	0.5	1/4	1/4	Chord	2/2	1	1	1/8	1/8	1	385	du							
45	45	355/2	355/2	0.5	3/8	3/8	Chord	2/2	1	1	1/8	1/8	1	386	doch,							
45	45	178	178	0.5	1/2	1/2	Chord	2/2	1	1	1/8	1/8	1	387	so							
45	45	357/2	357/2	0.5	5/8	5/8	Chord	2/2	1	1	1/8	1/8	1	388	bist							
45	45	179	179	0.5	3/4	3/4	Chord	2/2	1	1	1/8	1/8	1	389	du							
45	45	359/2	359/2	0.5	7/8	7/8	Chord	2/2	1	1	1/8	1/8	1	390	doch,							
45	45	176	176	2.0	0	0	Chord	2/2	2	1	1/2	1/2	1	391	Gott,							
45	45	178	178	0.5	1/2	1/2	Chord	2/2	2	1	1/8	1/8	1	392	so							
45	45	357/2	357/2	0.5	5/8	5/8	Chord	2/2	2	1	1/8	1/8	1	393	bist							
45	45	179	179	0.5	3/4	3/4	Chord	2/2	2	1	1/8	1/8	1	394	du							
45	45	359/2	359/2	0.5	7/8	7/8	Chord	2/2	2	1	1/8	1/8	1	395	doch,							
45	45	176	176	2.0	0	0	Chord	2/2	3	1	1/2	1/2	1	396	schmacht,							
45	45	176	176	2.0	0	0	Chord	2/2	4	1	1/2	1/2	1	397								
45	45	178	178	2.0	1/2	1/2	Chord	2/2	4	1	1/2	1/2	1	398								
46	46	180	180	2.0	0	0	Chord	2/2	1	1	1/2	1/2	1	399	Gott,							
46	46	182	182	0.5	1/2	1/2	Chord	2/2	1	1	1/8	1/8	1	400	so							
46	46	365/2	365/2	0.5	5/8	5/8	Chord	2/2	1	1	1/8	1/8	1	401	bist							
46	46	183	183	0.5	3/4	3/4	Chord	2/2	1	1	1/8	1/8	1	402	du							
46	46	367/2	367/2	0.5	7/8	7/8	Chord	2/2	1	1	1/8	1/8	1	403	doch,							
46	46	180	180	2.0	0	0	Chord	2/2	2	1	1/2	1/2	1	404	Gott,							
46	46	180	180	1.0	0	0	Chord	2/2	3	1	1/4	1/4	1	405	wann							
46	46	181	181	0.5	1/4	1/4	Chord	2/2	3	1	1/8	1/8	1	406	mir							
46	46	363/2	363/2	0.5	3/8	3/8	Chord	2/2	3	1	1/8	1/8	1	407	gleich							
46	46	182	182	2.0	1/2	1/2	Chord	2/2	3	1	1/2	1/2	1	408	Leib							
46	46	180	180	1.0	0	0	Chord	2/2	4	1	1/4	1/4	1	409								
46	46	181	181	0.5	1/4	1/4	Chord	2/2	4	1	1/8	1/8	1	410								
46	46	363/2	363/2	0.5	3/8	3/8	Chord	2/2	4	1	1/8	1/8	1	411								
46	46	182	182	2.0	1/2	1/2	Chord	2/2	4	1	1/2	1/2	1	412	5							
47	47	184	184	2.0	0	0	Chord	2/2	1	1	1/2	1/2	1	413	Gott,							
47	47	186	186	0.5	1/2	1/2	Chord	2/2	1	1	1/8	1/8	1	414	so							
47	47	373/2	373/2	0.5	5/8	5/8	Chord	2/2	1	1	1/8	1/8	1	415	bist							
47	47	187	187	0.5	3/4	3/4	Chord	2/2	1	1	1/8	1/8	1	416	du							
47	47	375/2	375/2	0.5	7/8	7/8	Chord	2/2	1	1	1/8	1/8	1	417	doch,							
47	47	184	184	0.5	0	0	Chord	2/2	2	1	1/8	1/8	1	418	so							
47	47	369/2	369/2	0.5	1/8	1/8	Chord	2/2	2	1	1/8	1/8	1	419	bist							
47	47	185	185	0.5	1/4	1/4	Chord	2/2	2	1	1/8	1/8	1	420	du							
47	47	371/2	371/2	0.5	3/8	3/8	Chord	2/2	2	1	1/8	1/8	1	421	doch,							
47	47	186	186	2.0	1/2	1/2	Chord	2/2	2	1	1/2	1/2	1	422	Gott,							
47	47	184	184	2.0	0	0	Chord	2/2	3	1	1/2	1/2	1	423								
47	47	186	186	2.0	1/2	1/2	Chord	2/2	3	1	1/2	1/2	1	424	und							
47	47	184	184	2.0	0	0	Chord	2/2	4	1	1/2	1/2	1	425	6							
47	47	186	186	2.0	1/2	1/2	Chord	2/2	4	1	1/2	1/2	1	426								
48	48	188	188	1.0	0	0	Chord	2/2	1	1	1/4	1/4	1	427	Gott,							
48	48	189	189	0.5	1/4	1/4	Chord	2/2	1	1	1/8	1/8	1	428	so							
48	48	379/2	379/2	0.5	3/8	3/8	Chord	2/2	1	1	1/8	1/8	1	429	bist							
48	48	190	190	1.0	1/2	1/2	Chord	2/2	1	1	1/4	1/4	1	430	du							
48	48	191	191	1.0	3/4	3/4	Chord	2/2	1	1	1/4	1/4	1	431	doch,							
48	48	190	190	0.5	1/2	1/2	Chord	2/2	2	1	1/8	1/8	1	432	so							
48	48	381/2	381/2	0.5	5/8	5/8	Chord	2/2	2	1	1/8	1/8	1	433	bist							
48	48	191	191	0.5	3/4	3/4	Chord	2/2	2	1	1/8	1/8	1	434	du							
48	48	383/2	383/2	0.5	7/8	7/8	Chord	2/2	2	1	1/8	1/8	1	435	doch,							
48	48	188	188	2.0	0	0	Chord	2/2	3	1	1/2	1/2	1	436	See-							
48	48	190	190	1.0	1/2	1/2	Chord	2/2	3	1	1/4	1/4	1	437	le							
48	48	191	191	1.0	3/4	3/4	Chord	2/2	3	1	1/4	1/4	1	438	ver-							
48	48	188	188	3.0	0	0	Chord	2/2	4	1	3/4	1/2	3/2	439								
48	48	191	191	1.0	3/4	3/4	Chord	2/2	4	1	1/4	1/4	1	440	6							
49	49	192	192	4.0	0	0	Chord	2/2	1	1	1	1	1	441	Gott,							
49	49	192	192	4.0	0	0	Chord	2/2	2	1	1	1	1	442	Gott,							
49	49	192	192	2.0	0	0	Chord	2/2	3	1	1/2	1/2	1	443	schmacht,							
49	49	194	194	0.5	1/2	1/2	Chord	2/2	3	1	1/8	1/8	1	444	so							
49	49	389/2	389/2	0.5	5/8	5/8	Chord	2/2	3	1	1/8	1/8	1	445	bist							
49	49	195	195	0.5	3/4	3/4	Chord	2/2	3	1	1/8	1/8	1	446	du							
49	49	391/2	391/2	0.5	7/8	7/8	Chord	2/2	3	1	1/8	1/8	1	447	doch,							
49	49	192	192	2.0	0	0	Chord	2/2	4	1	1/2	1/2	1	448								
49	49	194	194	2.0	1/2	1/2	Chord	2/2	4	1	1/2	1/2	1	449								
50	50	196	196	1.0	0	0	Chord	2/2	3	1	1/4	1/4	1	450	Gott,							
50	50	197	197	0.5	1/4	1/4	Chord	2/2	3	1	1/8	1/8	1	451	all-							
50	50	395/2	395/2	0.5	3/8	3/8	Chord	2/2	3	1	1/8	1/8	1	452	zeit							
50	50	198	198	0.5	1/2	1/2	Chord	2/2	3	1	1/8	1/8	1	453	mei-							
50	50	397/2	397/2	0.5	5/8	5/8	Chord	2/2	3	1	1/8	1/8	1	454	nes							
50	50	199	199	0.5	3/4	3/4	Chord	2/2	3	1	1/8	1/8	1	455	Her-							
50	50	399/2	399/2	0.5	7/8	7/8	Chord	2/2	3	1	1/8	1/8	1	456	zens							
50	50	196	196	1.0	0	0	Chord	2/2	4	1	1/4	1/4	1	457								
50	50	197	197	1.0	1/4	1/4	Chord	2/2	4	1	1/4	1/4	1	458								
50	50	198	198	1.0	1/2	1/2	Chord	2/2	4	1	1/4	1/4	1	459								
50	50	199	199	1.0	3/4	3/4	Chord	2/2	4	1	1/4	1/4	1	460								
51	51	202	202	0.5	1/2	1/2	Chord	2/2	1	1	1/8	1/8	1	461	so							
51	51	405/2	405/2	0.5	5/8	5/8	Chord	2/2	1	1	1/8	1/8	1	462	bist							
51	51	203	203	0.5	3/4	3/4	Chord	2/2	1	1	1/8	1/8	1	463	du							
51	51	407/2	407/2	0.5	7/8	7/8	Chord	2/2	1	1	1/8	1/8	1	464	doch,							
51	51	202	202	0.5	1/2	1/2	Chord	2/2	2	1	1/8	1/8	1	465	so							
51	51	405/2	405/2	0.5	5/8	5/8	Chord	2/2	2	1	1/8	1/8	1	466	bist							
51	51	203	203	0.5	3/4	3/4	Chord	2/2	2	1	1/8	1/8	1	467	du							
51	51	407/2	407/2	0.5	7/8	7/8	Chord	2/2	2	1	1/8	1/8	1	468	doch.							
51	51	200	200	1.0	0	0	Chord	2/2	3	1	1/4	1/4	1	469	Trost							
51	51	201	201	1.0	1/4	1/4	Chord	2/2	3	1	1/4	1/4	1	470	und							
51	51	202	202	2.0	1/2	1/2	Chord	2/2	3	1	1/2	1/2	1	471	mein							
51	51	200	200	2.0	0	0	Chord	2/2	4	1	1/2	1/2	1	472								
51	51	202	202	2.0	1/2	1/2	Chord	2/2	4	1	1/2	1/2	1	473								
52	52	204	204	1.0	0	0	Chord	2/2	1	1	1/4	1/4	1	474	Gott,							
52	52	205	205	0.5	1/4	1/4	Chord	2/2	1	1	1/8	1/8	1	475	all-							
52	52	411/2	411/2	0.5	3/8	3/8	Chord	2/2	1	1	1/8	1/8	1	476	zeit							
52	52	206	206	0.5	1/2	1/2	Chord	2/2	1	1	1/8	1/8	1	477	mei-							
52	52	413/2	413/2	0.5	5/8	5/8	Chord	2/2	1	1	1/8	1/8	1	478	nes							
52	52	207	207	0.5	3/4	3/4	Chord	2/2	1	1	1/8	1/8	1	479	Her-							
52	52	415/2	415/2	0.5	7/8	7/8	Chord	2/2	1	1	1/8	1/8	1	480	zens							
52	52	204	204	1.0	0	0	Chord	2/2	2	1	1/4	1/4	1	481	Gott,							
52	52	205	205	0.5	1/4	1/4	Chord	2/2	2	1	1/8	1/8	1	482	all-							
52	52	411/2	411/2	0.5	3/8	3/8	Chord	2/2	2	1	1/8	1/8	1	483	zeit							
52	52	206	206	0.5	1/2	1/2	Chord	2/2	2	1	1/8	1/8	1	484	mei-							
52	52	413/2	413/2	0.5	5/8	5/8	Chord	2/2	2	1	1/8	1/8	1	485	nes							
52	52	207	207	0.5	3/4	3/4	Chord	2/2	2	1	1/8	1/8	1	486	Her-							
52	52	415/2	415/2	0.5	7/8	7/8	Chord	2/2	2	1	1/8	1/8	1	487	zens							
52	52	204	204	2.0	0	0	Chord	2/2	3	1	1/2	1/2	1	488	Theil,							
52	52	204	204	2.0	0	0	Chord	2/2	4	1	1/2	1/2	1	489								
52	52	206	206	2.0	1/2	1/2	Chord	2/2	4	1	1/2	1/2	1	490								
53	53	208	208	1.0	0	0	Chord	2/2	1	1	1/4	1/4	1	491	Trost							
53	53	209	209	1.0	1/4	1/4	Chord	2/2	1	1	1/4	1/4	1	492	und							
53	53	210	210	1.0	1/2	1/2	Chord	2/2	1	1	1/4	1/4	1	493	mein							
53	53	211	211	1.0	3/4	3/4	Chord	2/2	1	1	1/4	1/4	1	494	Theil,							
53	53	208	208	1.0	0	0	Chord	2/2	2	1	1/4	1/4	1	495	Trost							
53	53	209	209	1.0	1/4	1/4	Chord	2/2	2	1	1/4	1/4	1	496	und							
53	53	210	210	2.0	1/2	1/2	Chord	2/2	2	1	1/2	1/2	1	497	mein							
53	53	210	210	0.5	1/2	1/2	Chord	2/2	3	1	1/8	1/8	1	498	so							
53	53	421/2	421/2	0.5	5/8	5/8	Chord	2/2	3	1	1/8	1/8	1	499	bis							
53	53	211	211	0.5	3/4	3/4	Chord	2/2	3	1	1/8	1/8	1	500	du							
53	53	423/2	423/2	0.5	7/8	7/8	Chord	2/2	3	1	1/8	1/8	1	501	doch,							
53	53	208	208	1.0	0	0	Chord	2/2	4	1	1/4	1/4	1	502								
53	53	209	209	0.5	1/4	1/4	Chord	2/2	4	1	1/8	1/8	1	503	6							
53	53	419/2	419/2	0.5	3/8	3/8	Chord	2/2	4	1	1/8	1/8	1	504								
53	53	210	210	2.0	1/2	1/2	Chord	2/2	4	1	1/2	1/2	1	505								
54	54	212	212	0.5	0	0	Chord	2/2	1	1	1/8	1/8	1	506	so							
54	54	425/2	425/2	0.5	1/8	1/8	Chord	2/2	1	1	1/8	1/8	1	507	bist							
54	54	213	213	0.5	1/4	1/4	Chord	2/2	1	1	1/8	1/8	1	508	du							
54	54	427/2	427/2	0.5	3/8	3/8	Chord	2/2	1	1	1/8	1/8	1	509	doch,							
54	54	214	214	2.0	1/2	1/2	Chord	2/2	1	1	1/2	1/2	1	510	Gott,							
54	54	212	212	2.0	0	0	Chord	2/2	2	1	1/2	1/2	1	511	Theil,							
54	54	214	214	0.5	1/2	1/2	Chord	2/2	2	1	1/8	1/8	1	512	so							
54	54	429/2	429/2	0.5	5/8	5/8	Chord	2/2	2	1	1/8	1/8	1	513	bis							
54	54	215	215	0.5	3/4	3/4	Chord	2/2	2	1	1/8	1/8	1	514	du							
54	54	431/2	431/2	0.5	7/8	7/8	Chord	2/2	2	1	1/8	1/8	1	515	doch,							
54	54	212	212	2.0	0	0	Chord	2/2	3	1	1/2	1/2	1	516	Gott,							
54	54	212	212	2.0	0	0	Chord	2/2	4	1	1/2	1/2	1	517								
54	54	214	214	2.0	1/2	1/2	Chord	2/2	4	1	1/2	1/2	1	518								
55	55	217	217	0.5	1/4	1/4	Chord	2/2	1	1	1/8	1/8	1	519	all-							
55	55	435/2	435/2	0.5	3/8	3/8	Chord	2/2	1	1	1/8	1/8	1	520	zeit							
55	55	218	218	0.5	1/2	1/2	Chord	2/2	1	1	1/8	1/8	1	521	mei-							
55	55	437/2	437/2	0.5	5/8	5/8	Chord	2/2	1	1	1/8	1/8	1	522	nes							
55	55	219	219	0.5	3/4	3/4	Chord	2/2	1	1	1/8	1/8	1	523	Her-							
55	55	439/2	439/2	0.5	7/8	7/8	Chord	2/2	1	1	1/8	1/8	1	524	zens							
55	55	216	216	2.0	0	0	Chord	2/2	2	1	1/2	1/2	1	525	Gott,							
55	55	217	217	0.5	1/4	1/4	Chord	2/2	3	1	1/8	1/8	1	526	all-							
55	55	435/2	435/2	0.5	3/8	3/8	Chord	2/2	3	1	1/8	1/8	1	527	zeit							
55	55	218	218	0.5	1/2	1/2	Chord	2/2	3	1	1/8	1/8	1	528	mei-							
55	55	437/2	437/2	0.5	5/8	5/8	Chord	2/2	3	1	1/8	1/8	1	529	nes							
55	55	219	219	0.5	3/4	3/4	Chord	2/2	3	1	1/8	1/8	1	530	Her-							
55	55	439/2	439/2	0.5	7/8	7/8	Chord	2/2	3	1	1/8	1/8	1	531	zens							
55	55	216	216	4.0	0	0	Chord	2/2	4	1	1	1	1	532								
56	56	220	220	1.0	0	0	Chord	2/2	1	1	1/4	1/4	1	533	Trost,							
56	56	221	221	0.5	1/4	1/4	Chord	2/2	1	1	1/8	1/8	1	534	all-							
56	56	443/2	443/2	0.5	3/8	3/8	Chord	2/2	1	1	1/8	1/8	1	535	zeit							
56	56	222	222	0.5	1/2	1/2	Chord	2/2	1	1	1/8	1/8	1	536	mei-							
56	56	445/2	445/2	0.5	5/8	5/8	Chord	2/2	1	1	1/8	1/8	1	537	nes							
56	56	223	223	0.5	3/4	3/4	Chord	2/2	1	1	1/8	1/8	1	538	Her-							
56	56	447/2	447/2	0.5	7/8	7/8	Chord	2/2	1	1	1/8	1/8	1	539	zens							
56	56	221	221	0.5	1/4	1/4	Chord	2/2	2	1	1/8	1/8	1	540	all-							
56	56	443/2	443/2	0.5	3/8	3/8	Chord	2/2	2	1	1/8	1/8	1	541	zeit							
56	56	222	222	0.5	1/2	1/2	Chord	2/2	2	1	1/8	1/8	1	542	mei-							
56	56	445/2	445/2	0.5	5/8	5/8	Chord	2/2	2	1	1/8	1/8	1	543	nes							
56	56	223	223	0.5	3/4	3/4	Chord	2/2	2	1	1/8	1/8	1	544	Her-							
56	56	447/2	447/2	0.5	7/8	7/8	Chord	2/2	2	1	1/8	1/8	1	545	zens							
56	56	220	220	3.0	0	0	Chord	2/2	3	1	3/4	1/2	3/2	546	Trost							
56	56	223	223	1.0	3/4	3/4	Chord	2/2	3	1	1/4	1/4	1	547	und							
56	56	220	220	3.0	0	0	Chord	2/2	4	1	3/4	1/2	3/2	548								
56	56	223	223	0.5	3/4	3/4	Chord	2/2	4	1	1/8	1/8	1	549	5							
56	56	447/2	447/2	0.5	7/8	7/8	Chord	2/2	4	1	1/8	1/8	1	550	6							
57	57	224	224	1.0	0	0	Chord	2/2	1	1	1/4	1/4	1	551	Trost,							
57	57	225	225	0.5	1/4	1/4	Chord	2/2	1	1	1/8	1/8	1	552	all-							
57	57	451/2	451/2	0.5	3/8	3/8	Chord	2/2	1	1	1/8	1/8	1	553	zeit							
57	57	226	226	0.5	1/2	1/2	Chord	2/2	1	1	1/8	1/8	1	554	mei-							
57	57	453/2	453/2	0.5	5/8	5/8	Chord	2/2	1	1	1/8	1/8	1	555	nes							
57	57	227	227	0.5	3/4	3/4	Chord	2/2	1	1	1/8	1/8	1	556	Her-							
57	57	455/2	455/2	0.5	7/8	7/8	Chord	2/2	1	1	1/8	1/8	1	557	zens							
57	57	224	224	1.0	0	0	Chord	2/2	2	1	1/4	1/4	1	558	Trost,							
57	57	225	225	0.5	1/4	1/4	Chord	2/2	2	1	1/8	1/8	1	559	all-							
57	57	451/2	451/2	0.5	3/8	3/8	Chord	2/2	2	1	1/8	1/8	1	560	zeit							
57	57	226	226	0.5	1/2	1/2	Chord	2/2	2	1	1/8	1/8	1	561	mei-							
57	57	453/2	453/2	0.5	5/8	5/8	Chord	2/2	2	1	1/8	1/8	1	562	nes							
57	57	227	227	0.5	3/4	3/4	Chord	2/2	2	1	1/8	1/8	1	563	Her-							
57	57	455/2	455/2	0.5	7/8	7/8	Chord	2/2	2	1	1/8	1/8	1	564	zens							
57	57	224	224	2.0	0	0	Chord	2/2	3	1	1/2	1/2	1	565	mein							
57	57	226	226	2.0	1/2	1/2	Chord	2/2	3	1	1/2	1/2	1	566	Theil,							
57	57	224	224	4.0	0	0	Chord	2/2	4	1	1	1	1	567								
58	58	228	228	1.0	0	0	Chord	2/2	1	1	1/4	1/4	1	568	Trost							
58	58	229	229	1.0	1/4	1/4	Chord	2/2	1	1	1/4	1/4	1	569	und							
58	58	230	230	2.0	1/2	1/2	Chord	2/2	1	1	1/2	1/2	1	570	mein							
58	58	228	228	1.0	0	0	Chord	2/2	2	1	1/4	1/4	1	571	Trost							
58	58	229	229	2.0	1/4	1/4	Chord	2/2	2	1	1/2	1/2	1	572	und							
58	58	231	231	1.0	3/4	3/4	Chord	2/2	2	1	1/4	1/4	1	573	mein							
58	58	230	230	0.5	1/2	1/2	Chord	2/2	3	1	1/8	1/8	1	574	so							
58	58	461/2	461/2	0.5	5/8	5/8	Chord	2/2	3	1	1/8	1/8	1	575	bist							
58	58	231	231	0.5	3/4	3/4	Chord	2/2	3	1	1/8	1/8	1	576	du							
58	58	463/2	463/2	0.5	7/8	7/8	Chord	2/2	3	1	1/8	1/8	1	577	doch,							
58	58	228	228	2.0	0	0	Chord	2/2	4	1	1/2	1/2	1	578								
58	58	230	230	1.0	1/2	1/2	Chord	2/2	4	1	1/4	1/4	1	579	4							
58	58	231	231	1.0	3/4	3/4	Chord	2/2	4	1	1/4	1/4	1	580								
59	59	232	232	2.0	0	0	Chord	2/2	1	1	1/2	1/2	1	581	Theil,							
59	59	232	232	2.0	0	0	Chord	2/2	2	1	1/2	1/2	1	582	Theil,							
59	59	234	234	0.5	1/2	1/2	Chord	2/2	2	1	1/8	1/8	1	583	so							
59	59	469/2	469/2	0.5	5/8	5/8	Chord	2/2	2	1	1/8	1/8	1	584	bist							
59	59	235	235	0.5	3/4	3/4	Chord	2/2	2	1	1/8	1/8	1	585	du							
59	59	471/2	471/2	0.5	7/8	7/8	Chord	2/2	2	1	1/8	1/8	1	586	doch,							
59	59	232	232	1.0	0	0	Chord	2/2	3	1	1/4	1/4	1	587	Gott,							
59	59	233	233	0.5	1/4	1/4	Chord	2/2	3	1	1/8	1/8	1	588	all-							
59	59	467/2	467/2	0.5	3/8	3/8	Chord	2/2	3	1	1/8	1/8	1	589	zeit							
59	59	234	234	0.5	1/2	1/2	Chord	2/2	3	1	1/8	1/8	1	590	mein-							
59	59	469/2	469/2	0.5	5/8	5/8	Chord	2/2	3	1	1/8	1/8	1	591	nes							
59	59	235	235	0.5	3/4	3/4	Chord	2/2	3	1	1/8	1/8	1	592	Her-							
59	59	471/2	471/2	0.5	7/8	7/8	Chord	2/2	3	1	1/8	1/8	1	593	zens							
59	59	232	232	4.0	0	0	Chord	2/2	4	1	1	1	1	594								
60	60	238	238	0.5	1/2	1/2	Chord	2/2	1	1	1/8	1/8	1	595	so							
60	60	477/2	477/2	0.5	5/8	5/8	Chord	2/2	1	1	1/8	1/8	1	596	bist							
60	60	239	239	0.5	3/4	3/4	Chord	2/2	1	1	1/8	1/8	1	597	du							
60	60	479/2	479/2	0.5	7/8	7/8	Chord	2/2	1	1	1/8	1/8	1	598	doch,							
60	60	236	236	1.0	0	0	Chord	2/2	2	1	1/4	1/4	1	599	Gott,							
60	60	237	237	0.5	1/4	1/4	Chord	2/2	2	1	1/8	1/8	1	600	all-							
60	60	475/2	475/2	0.5	3/8	3/8	Chord	2/2	2	1	1/8	1/8	1	601	zeit							
60	60	238	238	0.5	1/2	1/2	Chord	2/2	2	1	1/8	1/8	1	602	mei-							
60	60	477/2	477/2	0.5	5/8	5/8	Chord	2/2	2	1	1/8	1/8	1	603	nes							
60	60	239	239	0.5	3/4	3/4	Chord	2/2	2	1	1/8	1/8	1	604	Her-							
60	60	479/2	479/2	0.5	7/8	7/8	Chord	2/2	2	1	1/8	1/8	1	605	zens							
60	60	236	236	1.0	0	0	Chord	2/2	3	1	1/4	1/4	1	606	Trost							
60	60	237	237	1.0	1/4	1/4	Chord	2/2	3	1	1/4	1/4	1	607	un							
60	60	238	238	2.0	1/2	1/2	Chord	2/2	3	1	1/2	1/2	1	608	mein							
60	60	236	236	1.0	0	0	Chord	2/2	4	1	1/4	1/4	1	609		3						
60	60	237	237	1.0	1/4	1/4	Chord	2/2	4	1	1/4	1/4	1	610	6	4						
60	60	238	238	1.0	1/2	1/2	Chord	2/2	4	1	1/4	1/4	1	611		4						
60	60	239	239	1.0	3/4	3/4	Chord	2/2	4	1	1/4	1/4	1	612		3						
61	61	240	240	1.0	0	0	Chord	2/2	1	1	1/4	1/4	1	613	Gott,							
61	61	241	241	0.5	1/4	1/4	Chord	2/2	1	1	1/8	1/8	1	614	all-							
61	61	483/2	483/2	0.5	3/8	3/8	Chord	2/2	1	1	1/8	1/8	1	615	zeit							
61	61	242	242	0.5	1/2	1/2	Chord	2/2	1	1	1/8	1/8	1	616	mei-							
61	61	485/2	485/2	0.5	5/8	5/8	Chord	2/2	1	1	1/8	1/8	1	617	nes							
61	61	243	243	0.5	3/4	3/4	Chord	2/2	1	1	1/8	1/8	1	618	Her-							
61	61	487/2	487/2	0.5	7/8	7/8	Chord	2/2	1	1	1/8	1/8	1	619	zens							
61	61	240	240	1.0	0	0	Chord	2/2	2	1	1/4	1/4	1	620	Trost,							
61	61	241	241	0.5	1/4	1/4	Chord	2/2	2	1	1/8	1/8	1	621	all-							
61	61	483/2	483/2	0.5	3/8	3/8	Chord	2/2	2	1	1/8	1/8	1	622	zeit							
61	61	242	242	0.5	1/2	1/2	Chord	2/2	2	1	1/8	1/8	1	623	mei-							
61	61	485/2	485/2	0.5	5/8	5/8	Chord	2/2	2	1	1/8	1/8	1	624	nes							
61	61	243	243	0.5	3/4	3/4	Chord	2/2	2	1	1/8	1/8	1	625	Her-							
61	61	487/2	487/2	0.5	7/8	7/8	Chord	2/2	2	1	1/8	1/8	1	626	zens							
61	61	240	240	2.0	0	0	Chord	2/2	3	1	1/2	1/2	1	627	Theil,							
61	61	240	240	1.0	0	0	Chord	2/2	4	1	1/4	1/4	1	628								
61	61	241	241	1.0	1/4	1/4	Chord	2/2	4	1	1/4	1/4	1	629								
61	61	242	242	1.0	1/2	1/2	Chord	2/2	4	1	1/4	1/4	1	630								
61	61	243	243	1.0	3/4	3/4	Chord	2/2	4	1	1/4	1/4	1	631								
62	62	244	244	1.0	0	0	Chord	2/2	1	1	1/4	1/4	1	632	Trost							
62	62	245	245	1.0	1/4	1/4	Chord	2/2	1	1	1/4	1/4	1	633	und							
62	62	246	246	2.0	1/2	1/2	Chord	2/2	1	1	1/2	1/2	1	634	mein							
62	62	244	244	1.0	0	0	Chord	2/2	2	1	1/4	1/4	1	635	Trost							
62	62	245	245	2.0	1/4	1/4	Chord	2/2	2	1	1/2	1/2	1	636	und							
62	62	247	247	1.0	3/4	3/4	Chord	2/2	2	1	1/4	1/4	1	637	mein							
62	62	246	246	0.5	1/2	1/2	Chord	2/2	3	1	1/8	1/8	1	638	so							
62	62	493/2	493/2	0.5	5/8	5/8	Chord	2/2	3	1	1/8	1/8	1	639	bist							
62	62	247	247	0.5	3/4	3/4	Chord	2/2	3	1	1/8	1/8	1	640	du							
62	62	495/2	495/2	0.5	7/8	7/8	Chord	2/2	3	1	1/8	1/8	1	641	doch,							
62	62	244	244	1.0	0	0	Chord	2/2	4	1	1/4	1/4	1	642	6							
62	62	245	245	1.0	1/4	1/4	Chord	2/2	4	1	1/4	1/4	1	643	5							
62	62	246	246	1.0	1/2	1/2	Chord	2/2	4	1	1/4	1/4	1	644	4							
62	62	247	247	1.0	3/4	3/4	Chord	2/2	4	1	1/4	1/4	1	645	3							
63	63	248	248	2.0	0	0	Chord	2/2	1	1	1/2	1/2	1	646	Theil,							
63	63	250	250	0.5	1/2	1/2	Chord	2/2	1	1	1/8	1/8	1	647	so							
63	63	501/2	501/2	0.5	5/8	5/8	Chord	2/2	1	1	1/8	1/8	1	648	bist							
63	63	251	251	0.5	3/4	3/4	Chord	2/2	1	1	1/8	1/8	1	649	du							
63	63	503/2	503/2	0.5	7/8	7/8	Chord	2/2	1	1	1/8	1/8	1	650	doch,							
63	63	248	248	2.0	0	0	Chord	2/2	2	1	1/2	1/2	1	651	Theil,							
63	63	248	248	1.0	0	0	Chord	2/2	3	1	1/4	1/4	1	652	Gott,							
63	63	249	249	0.5	1/4	1/4	Chord	2/2	3	1	1/8	1/8	1	653	all-							
63	63	499/2	499/2	0.5	3/8	3/8	Chord	2/2	3	1	1/8	1/8	1	654	zeit							
63	63	250	250	0.5	1/2	1/2	Chord	2/2	3	1	1/8	1/8	1	655	mei-							
63	63	501/2	501/2	0.5	5/8	5/8	Chord	2/2	3	1	1/8	1/8	1	656	nes							
63	63	251	251	0.5	3/4	3/4	Chord	2/2	3	1	1/8	1/8	1	657	Her-							
63	63	503/2	503/2	0.5	7/8	7/8	Chord	2/2	3	1	1/8	1/8	1	658	zens							
63	63	248	248	4.0	0	0	Chord	2/2	4	1	1	1	1	659								
64	64	252	252	2.0	0	0	Chord	2/2	1	1	1/2	1/2	1	660	Gott,							
64	64	254	254	0.5	1/2	1/2	Chord	2/2	2	1	1/8	1/8	1	661	so							
64	64	509/2	509/2	0.5	5/8	5/8	Chord	2/2	2	1	1/8	1/8	1	662	bist							
64	64	255	255	0.5	3/4	3/4	Chord	2/2	2	1	1/8	1/8	1	663	du							
64	64	511/2	511/2	0.5	7/8	7/8	Chord	2/2	2	1	1/8	1/8	1	664	doch,							
64	64	252	252	1.0	0	0	Chord	2/2	3	1	1/4	1/4	1	665	Trost,							
64	64	253	253	0.5	1/4	1/4	Chord	2/2	3	1	1/8	1/8	1	666	all-							
64	64	507/2	507/2	0.5	3/8	3/8	Chord	2/2	3	1	1/8	1/8	1	667	zeit							
64	64	254	254	0.5	1/2	1/2	Chord	2/2	3	1	1/8	1/8	1	668	mei-							
64	64	509/2	509/2	0.5	5/8	5/8	Chord	2/2	3	1	1/8	1/8	1	669	nes							
64	64	255	255	0.5	3/4	3/4	Chord	2/2	3	1	1/8	1/8	1	670	Her-							
64	64	511/2	511/2	0.5	7/8	7/8	Chord	2/2	3	1	1/8	1/8	1	671	zens							
64	64	252	252	4.0	0	0	Chord	2/2	4	1	1	1	1	672								
65	65	258	258	0.5	1/2	1/2	Chord	2/2	1	1	1/8	1/8	1	673	so							
65	65	517/2	517/2	0.5	5/8	5/8	Chord	2/2	1	1	1/8	1/8	1	674	bist							
65	65	259	259	0.5	3/4	3/4	Chord	2/2	1	1	1/8	1/8	1	675	du							
65	65	519/2	519/2	0.5	7/8	7/8	Chord	2/2	1	1	1/8	1/8	1	676	doch,							
65	65	256	256	2.0	0	0	Chord	2/2	2	1	1/2	1/2	1	677	Gott,							
65	65	256	256	1.0	0	0	Chord	2/2	3	1	1/4	1/4	1	678	Trost,							
65	65	257	257	0.5	1/4	1/4	Chord	2/2	3	1	1/8	1/8	1	679	all-							
65	65	515/2	515/2	0.5	3/8	3/8	Chord	2/2	3	1	1/8	1/8	1	680	zeit							
65	65	258	258	0.5	1/2	1/2	Chord	2/2	3	1	1/8	1/8	1	681	mei-							
65	65	517/2	517/2	0.5	5/8	5/8	Chord	2/2	3	1	1/8	1/8	1	682	nes							
65	65	259	259	0.5	3/4	3/4	Chord	2/2	3	1	1/8	1/8	1	683	Her-							
65	65	519/2	519/2	0.5	7/8	7/8	Chord	2/2	3	1	1/8	1/8	1	684	zens							
65	65	256	256	4.0	0	0	Chord	2/2	4	1	1	1	1	685								
66	66	260	260	1.0	0	0	Chord	2/2	1	1	1/4	1/4	1	686	Gott,							
66	66	261	261	0.5	1/4	1/4	Chord	2/2	1	1	1/8	1/8	1	687	all-							
66	66	523/2	523/2	0.5	3/8	3/8	Chord	2/2	1	1	1/8	1/8	1	688	zeit							
66	66	262	262	0.5	1/2	1/2	Chord	2/2	1	1	1/8	1/8	1	689	mei-							
66	66	525/2	525/2	0.5	5/8	5/8	Chord	2/2	1	1	1/8	1/8	1	690	nes							
66	66	263	263	0.5	3/4	3/4	Chord	2/2	1	1	1/8	1/8	1	691	Her-							
66	66	527/2	527/2	0.5	7/8	7/8	Chord	2/2	1	1	1/8	1/8	1	692	zens							
66	66	261	261	0.5	1/4	1/4	Chord	2/2	2	1	1/8	1/8	1	693	all-							
66	66	523/2	523/2	0.5	3/8	3/8	Chord	2/2	2	1	1/8	1/8	1	694	zeit							
66	66	262	262	0.5	1/2	1/2	Chord	2/2	2	1	1/8	1/8	1	695	mei-							
66	66	525/2	525/2	0.5	5/8	5/8	Chord	2/2	2	1	1/8	1/8	1	696	nes							
66	66	263	263	0.5	3/4	3/4	Chord	2/2	2	1	1/8	1/8	1	697	Her-							
66	66	527/2	527/2	0.5	7/8	7/8	Chord	2/2	2	1	1/8	1/8	1	698	zens							
66	66	260	260	1.0	0	0	Chord	2/2	3	1	1/4	1/4	1	699	Trost							
66	66	261	261	2.0	1/4	1/4	Chord	2/2	3	1	1/2	1/2	1	700	und							
66	66	263	263	1.0	3/4	3/4	Chord	2/2	3	1	1/4	1/4	1	701	mein							
66	66	260	260	3.0	0	0	Chord	2/2	4	1	3/4	1/2	3/2	702								
66	66	263	263	0.5	3/4	3/4	Chord	2/2	4	1	1/8	1/8	1	703	5							
66	66	527/2	527/2	0.5	7/8	7/8	Chord	2/2	4	1	1/8	1/8	1	704	6							
67	67	264	264	1.0	0	0	Chord	2/2	1	1	1/4	1/4	1	705	Trost							
67	67	265	265	2.0	1/4	1/4	Chord	2/2	1	1	1/2	1/2	1	706	und							
67	67	267	267	1.0	3/4	3/4	Chord	2/2	1	1	1/4	1/4	1	707	mein							
67	67	264	264	1.0	0	0	Chord	2/2	2	1	1/4	1/4	1	708	Trost							
67	67	265	265	1.0	1/4	1/4	Chord	2/2	2	1	1/4	1/4	1	709	und							
67	67	266	266	2.0	1/2	1/2	Chord	2/2	2	1	1/2	1/2	1	710	mein							
67	67	264	264	2.0	0	0	Chord	2/2	3	1	1/2	1/2	1	711	Theil,							
67	67	266	266	0.5	1/2	1/2	Chord	2/2	3	1	1/8	1/8	1	712	so							
67	67	533/2	533/2	0.5	5/8	5/8	Chord	2/2	3	1	1/8	1/8	1	713	bist							
67	67	267	267	0.5	3/4	3/4	Chord	2/2	3	1	1/8	1/8	1	714	du							
67	67	535/2	535/2	0.5	7/8	7/8	Chord	2/2	3	1	1/8	1/8	1	715	doch.							
67	67	264	264	2.0	0	0	Chord	2/2	4	1	1/2	1/2	1	716								
67	67	266	266	1.0	1/2	1/2	Chord	2/2	4	1	1/4	1/4	1	717	4							
67	67	267	267	1.0	3/4	3/4	Chord	2/2	4	1	1/4	1/4	1	718	3							
68	68	268	268	2.0	0	0	Chord	2/2	1	1	1/2	1/2	1	719	Theil,							
68	68	268	268	2.0	0	0	Chord	2/2	2	1	1/2	1/2	1	720	Theil,							
68	68	270	270	0.5	1/2	1/2	Chord	2/2	2	1	1/8	1/8	1	721	so							
68	68	541/2	541/2	0.5	5/8	5/8	Chord	2/2	2	1	1/8	1/8	1	722	bist							
68	68	271	271	0.5	3/4	3/4	Chord	2/2	2	1	1/8	1/8	1	723	du							
68	68	543/2	543/2	0.5	7/8	7/8	Chord	2/2	2	1	1/8	1/8	1	724	doch,							
68	68	268	268	1.0	0	0	Chord	2/2	3	1	1/4	1/4	1	725	Gott,							
68	68	269	269	0.5	1/4	1/4	Chord	2/2	3	1	1/8	1/8	1	726	all-							
68	68	539/2	539/2	0.5	3/8	3/8	Chord	2/2	3	1	1/8	1/8	1	727	zeit							
68	68	270	270	0.5	1/2	1/2	Chord	2/2	3	1	1/8	1/8	1	728	mei-							
68	68	541/2	541/2	0.5	5/8	5/8	Chord	2/2	3	1	1/8	1/8	1	729	nes							
68	68	271	271	0.5	3/4	3/4	Chord	2/2	3	1	1/8	1/8	1	730	Her-							
68	68	543/2	543/2	0.5	7/8	7/8	Chord	2/2	3	1	1/8	1/8	1	731	zens							
68	68	268	268	4.0	0	0	Chord	2/2	4	1	1	1	1	732								
69	69	273	273	0.5	1/4	1/4	Chord	2/2	1	1	1/8	1/8	1	733	all-							
69	69	547/2	547/2	0.5	3/8	3/8	Chord	2/2	1	1	1/8	1/8	1	734	zeit							
69	69	274	274	0.5	1/2	1/2	Chord	2/2	1	1	1/8	1/8	1	735	mei-							
69	69	549/2	549/2	0.5	5/8	5/8	Chord	2/2	1	1	1/8	1/8	1	736	nes							
69	69	275	275	0.5	3/4	3/4	Chord	2/2	1	1	1/8	1/8	1	737	Her-							
69	69	551/2	551/2	0.5	7/8	7/8	Chord	2/2	1	1	1/8	1/8	1	738	zens							
69	69	272	272	1.0	0	0	Chord	2/2	2	1	1/4	1/4	1	739	Gott,							
69	69	273	273	0.5	1/4	1/4	Chord	2/2	2	1	1/8	1/8	1	740	all-							
69	69	547/2	547/2	0.5	3/8	3/8	Chord	2/2	2	1	1/8	1/8	1	741	zeit							
69	69	274	274	0.5	1/2	1/2	Chord	2/2	2	1	1/8	1/8	1	742	mei-							
69	69	549/2	549/2	0.5	5/8	5/8	Chord	2/2	2	1	1/8	1/8	1	743	nes							
69	69	275	275	0.5	3/4	3/4	Chord	2/2	2	1	1/8	1/8	1	744	Her-							
69	69	551/2	551/2	0.5	7/8	7/8	Chord	2/2	2	1	1/8	1/8	1	745	zens							
69	69	272	272	1.0	0	0	Chord	2/2	3	1	1/4	1/4	1	746	Trost							
69	69	273	273	2.0	1/4	1/4	Chord	2/2	3	1	1/2	1/2	1	747	und							
69	69	275	275	1.0	3/4	3/4	Chord	2/2	3	1	1/4	1/4	1	748	mein							
69	69	272	272	3.0	0	0	Chord	2/2	4	1	3/4	1/2	3/2	749								
69	69	275	275	0.5	3/4	3/4	Chord	2/2	4	1	1/8	1/8	1	750	5							
69	69	551/2	551/2	0.5	7/8	7/8	Chord	2/2	4	1	1/8	1/8	1	751	6							
70	70	276	276	1.0	0	0	Chord	2/2	1	1	1/4	1/4	1	752	Trost							
70	70	277	277	1.0	1/4	1/4	Chord	2/2	1	1	1/4	1/4	1	753	und							
70	70	278	278	2.0	1/2	1/2	Chord	2/2	1	1	1/2	1/2	1	754	mein							
70	70	276	276	1.0	0	0	Chord	2/2	2	1	1/4	1/4	1	755	Trost							
70	70	277	277	2.0	1/4	1/4	Chord	2/2	2	1	1/2	1/2	1	756	und							
70	70	279	279	1.0	3/4	3/4	Chord	2/2	2	1	1/4	1/4	1	757	mein							
70	70	276	276	2.0	0	0	Chord	2/2	3	1	1/2	1/2	1	758	Theil,							
70	70	278	278	0.5	1/2	1/2	Chord	2/2	3	1	1/8	1/8	1	759	so							
70	70	557/2	557/2	0.5	5/8	5/8	Chord	2/2	3	1	1/8	1/8	1	760	bist							
70	70	279	279	0.5	3/4	3/4	Chord	2/2	3	1	1/8	1/8	1	761	du							
70	70	559/2	559/2	0.5	7/8	7/8	Chord	2/2	3	1	1/8	1/8	1	762	doch,							
70	70	276	276	2.0	0	0	Chord	2/2	4	1	1/2	1/2	1	763								
70	70	278	278	1.0	1/2	1/2	Chord	2/2	4	1	1/4	1/4	1	764	4							
70	70	279	279	1.0	3/4	3/4	Chord	2/2	4	1	1/4	1/4	1	765								
71	71	280	280	2.0	0	0	Chord	2/2	1	1	1/2	1/2	1	766	Theil,							
71	71	282	282	0.5	1/2	1/2	Chord	2/2	1	1	1/8	1/8	1	767	so							
71	71	565/2	565/2	0.5	5/8	5/8	Chord	2/2	1	1	1/8	1/8	1	768	bist							
71	71	283	283	0.5	3/4	3/4	Chord	2/2	1	1	1/8	1/8	1	769	du							
71	71	567/2	567/2	0.5	7/8	7/8	Chord	2/2	1	1	1/8	1/8	1	770	doch,							
71	71	280	280	2.0	0	0	Chord	2/2	2	1	1/2	1/2	1	771	Theil,							
71	71	280	280	1.0	0	0	Chord	2/2	3	1	1/4	1/4	1	772	Gott,							
71	71	281	281	0.5	1/4	1/4	Chord	2/2	3	1	1/8	1/8	1	773	all-							
71	71	563/2	563/2	0.5	3/8	3/8	Chord	2/2	3	1	1/8	1/8	1	774	zeit							
71	71	282	282	0.5	1/2	1/2	Chord	2/2	3	1	1/8	1/8	1	775	mei-							
71	71	565/2	565/2	0.5	5/8	5/8	Chord	2/2	3	1	1/8	1/8	1	776	nes							
71	71	283	283	0.5	3/4	3/4	Chord	2/2	3	1	1/8	1/8	1	777	Her-							
71	71	567/2	567/2	0.5	7/8	7/8	Chord	2/2	3	1	1/8	1/8	1	778	zens							
71	71	280	280	4.0	0	0	Chord	2/2	4	1	1	1	1	779								
72	72	284	284	1.0	0	0	Chord	2/2	1	1	1/4	1/4	1	780	Gott,							
72	72	285	285	0.5	1/4	1/4	Chord	2/2	1	1	1/8	1/8	1	781	all-							
72	72	571/2	571/2	0.5	3/8	3/8	Chord	2/2	1	1	1/8	1/8	1	782	zeit							
72	72	286	286	0.5	1/2	1/2	Chord	2/2	1	1	1/8	1/8	1	783	mei-							
72	72	573/2	573/2	0.5	5/8	5/8	Chord	2/2	1	1	1/8	1/8	1	784	nes							
72	72	287	287	0.5	3/4	3/4	Chord	2/2	1	1	1/8	1/8	1	785	Her-							
72	72	575/2	575/2	0.5	7/8	7/8	Chord	2/2	1	1	1/8	1/8	1	786	zens							
72	72	285	285	0.5	1/4	1/4	Chord	2/2	2	1	1/8	1/8	1	787	all-							
72	72	571/2	571/2	0.5	3/8	3/8	Chord	2/2	2	1	1/8	1/8	1	788	zeit							
72	72	286	286	0.5	1/2	1/2	Chord	2/2	2	1	1/8	1/8	1	789	mei-							
72	72	573/2	573/2	0.5	5/8	5/8	Chord	2/2	2	1	1/8	1/8	1	790	nes							
72	72	287	287	0.5	3/4	3/4	Chord	2/2	2	1	1/8	1/8	1	791	Her-							
72	72	575/2	575/2	0.5	7/8	7/8	Chord	2/2	2	1	1/8	1/8	1	792	zens							
72	72	284	284	1.0	0	0	Chord	2/2	3	1	1/4	1/4	1	793	Trost,							
72	72	285	285	2.0	1/4	1/4	Chord	2/2	3	1	1/2	1/2	1	794	Her-							
72	72	287	287	1.0	3/4	3/4	Chord	2/2	3	1	1/4	1/4	1	795	zens							
72	72	284	284	3.0	0	0	Chord	2/2	4	1	3/4	1/2	3/2	796								
72	72	287	287	0.5	3/4	3/4	Chord	2/2	4	1	1/8	1/8	1	797	5							
72	72	575/2	575/2	0.5	7/8	7/8	Chord	2/2	4	1	1/8	1/8	1	798	6							
73	73	288	288	2.0	0	0	Chord	2/2	1	1	1/2	1/2	1	799	Trost							
73	73	290	290	1.0	1/2	1/2	Chord	2/2	1	1	1/4	1/4	1	800	und							
73	73	291	291	1.0	3/4	3/4	Chord	2/2	1	1	1/4	1/4	1	801	mein							
73	73	288	288	2.0	0	0	Chord	2/2	2	1	1/2	1/2	1	802	Trost							
73	73	290	290	1.0	1/2	1/2	Chord	2/2	2	1	1/4	1/4	1	803	und							
73	73	291	291	1.0	3/4	3/4	Chord	2/2	2	1	1/4	1/4	1	804	mein							
73	73	288	288	2.0	0	0	Chord	2/2	3	1	1/2	1/2	1	805	Trost							
73	73	290	290	2.0	1/2	1/2	Chord	2/2	3	1	1/2	1/2	1	806	und							
73	73	288	288	4.0	0	0	Chord	2/2	4	1	1	1	1	807								
74	74	292	292	1.0	0	0	Chord	2/2	1	1	1/4	1/4	1	808								4
74	74	293	293	0.5	1/4	1/4	Chord	2/2	1	1	1/8	1/8	1	809								4
74	74	587/2	587/2	0.5	3/8	3/8	Chord	2/2	1	1	1/8	1/8	1	810								4
74	74	294	294	2.0	1/2	1/2	Chord	2/2	1	1	1/2	1/2	1	811								
74	74	292	292	2.0	0	0	Chord	2/2	2	1	1/2	1/2	1	812	Theil,							
74	74	294	294	0.5	1/2	1/2	Chord	2/2	2	1	1/8	1/8	1	813	so							
74	74	589/2	589/2	0.5	5/8	5/8	Chord	2/2	2	1	1/8	1/8	1	814	bist							
74	74	295	295	0.5	3/4	3/4	Chord	2/2	2	1	1/8	1/8	1	815	du							
74	74	591/2	591/2	0.5	7/8	7/8	Chord	2/2	2	1	1/8	1/8	1	816	doch,							
74	74	292	292	4.0	0	0	Chord	2/2	3	1	1	1	1	817	mein							
74	74	292	292	2.0	0	0	Chord	2/2	4	1	1/2	1/2	1	818	4							
74	74	294	294	2.0	1/2	1/2	Chord	2/2	4	1	1/2	1/2	1	819								
75	75	296	296	4.0	0	0	Chord	2/2	1	1	1	1	1	820	Theil,							
75	75	296	296	1.0	0	0	Chord	2/2	2	1	1/4	1/4	1	821	Gott,							
75	75	297	297	0.5	1/4	1/4	Chord	2/2	2	1	1/8	1/8	1	822	all-							
75	75	595/2	595/2	0.5	3/8	3/8	Chord	2/2	2	1	1/8	1/8	1	823	zeit							
75	75	298	298	0.5	1/2	1/2	Chord	2/2	2	1	1/8	1/8	1	824	mei-							
75	75	597/2	597/2	0.5	5/8	5/8	Chord	2/2	2	1	1/8	1/8	1	825	nes							
75	75	299	299	0.5	3/4	3/4	Chord	2/2	2	1	1/8	1/8	1	826	Her-							
75	75	599/2	599/2	0.5	7/8	7/8	Chord	2/2	2	1	1/8	1/8	1	827	zens							
75	75	296	296	1.0	0	0	Chord	2/2	3	1	1/4	1/4	1	828	Theil,							
75	75	297	297	0.5	1/4	1/4	Chord	2/2	3	1	1/8	1/8	1	829	all-							
75	75	595/2	595/2	0.5	3/8	3/8	Chord	2/2	3	1	1/8	1/8	1	830	zeit							
75	75	298	298	0.5	1/2	1/2	Chord	2/2	3	1	1/8	1/8	1	831	mei-							
75	75	597/2	597/2	0.5	5/8	5/8	Chord	2/2	3	1	1/8	1/8	1	832	nes							
75	75	299	299	0.5	3/4	3/4	Chord	2/2	3	1	1/8	1/8	1	833	Her-							
75	75	599/2	599/2	0.5	7/8	7/8	Chord	2/2	3	1	1/8	1/8	1	834	zens							
75	75	296	296	2.0	0	0	Chord	2/2	4	1	1/2	1/2	1	835								
75	75	298	298	2.0	1/2	1/2	Chord	2/2	4	1	1/2	1/2	1	836								
76	76	300	300	2.0	0	0	Chord	2/2	1	1	1/2	1/2	1	837								
76	76	303	303	1.0	3/4	3/4	Chord	2/2	1	1	1/4	1/4	1	838	und							
76	76	300	300	2.0	0	0	Chord	2/2	2	1	1/2	1/2	1	839	Trost							
76	76	302	302	2.0	1/2	1/2	Chord	2/2	2	1	1/2	1/2	1	840	un							
76	76	300	300	2.0	0	0	Chord	2/2	3	1	1/2	1/2	1	841	Trost							
76	76	302	302	2.0	1/2	1/2	Chord	2/2	3	1	1/2	1/2	1	842	un							
76	76	300	300	2.0	0	0	Chord	2/2	4	1	1/2	1/2	1	843								
76	76	302	302	2.0	1/2	1/2	Chord	2/2	4	1	1/2	1/2	1	844								
77	77	304	304	4.0	0	0	Chord	2/2	1	1	1	1	1	845	mein							
77	77	304	304	4.0	0	0	Chord	2/2	2	1	1	1	1	846	mein							
77	77	304	304	4.0	0	0	Chord	2/2	3	1	1	1	1	847	mein							
77	77	304	304	4.0	0	0	Chord	2/2	4	1	1	1	1	848								
78	78	308	308	4.0	0	0	Chord	2/2	1	1	1	1	1	849	Theil.							
78	78	308	308	4.0	0	0	Chord	2/2	2	1	1	1	1	850	Theil.							
78	78	308	308	4.0	0	0	Chord	2/2	3	1	1	1	1	851	Theil.							
78	78	308	308	4.0	0	0	Chord	2/2	4	1	1	1	1	852								
