mc	mn	quarterbeats	quarterbeats_all_endings	duration_qb	mc_onset	mn_onset	event	timesig	staff	voice	duration	nominal_duration	scalar	chord_id	lyrics_1	lyrics_2	dynamics	staff_text	tempo	qpm	metronome_base	metronome_number	tempo_visible	slur
1	1	0	0	0.0	0	0	StaffText	4/4	1	1	0							Veni sancte Spiritus, SWV 328 - Sch√ºtz						
1	1	0	0	0.0	0	0	Tempo	4/4	1	1	0								ùÖü=100	100.0	ùÖü	100.0	0.0	
1	1	0	0	4.0	0	0	Chord	4/4	1	1	1	1	1	0	Ist									
1	1	0	0	4.0	0	0	Chord	4/4	5	1	1	1	1	1										
2	2	4	4	3.0	0	0	Chord	4/4	1	1	3/4	1/2	3/2	2	Gott									
2	2	7	7	1.0	3/4	3/4	Chord	4/4	1	1	1/4	1/4	1	3	fur									
2	2	4	4	2.0	0	0	Chord	4/4	5	1	1/2	1/2	1	4										
2	2	6	6	2.0	1/2	1/2	Chord	4/4	5	1	1/2	1/2	1	5										
3	3	8	8	4.0	0	0	Chord	4/4	1	1	1	1	1	6	uns,									
3	3	11	11	1.0	3/4	3/4	Chord	4/4	4	1	1/4	1/4	1	7	wer									
3	3	8	8	3.0	0	0	Chord	4/4	5	1	3/4	1/2	3/2	8										
3	3	11	11	1.0	3/4	3/4	Chord	4/4	5	1	1/4	1/4	1	9										
4	4	15	15	1.0	3/4	3/4	Chord	4/4	2	1	1/4	1/4	1	10	wer									
4	4	13	13	1.0	1/4	1/4	Chord	4/4	3	1	1/4	1/4	1	11	wer									
4	4	14	14	1.0	1/2	1/2	Chord	4/4	3	1	1/4	1/4	1	12	mag									
4	4	15	15	0.5	3/4	3/4	Chord	4/4	3	1	1/8	1/8	1	13	wi-									
4	4	31/2	31/2	0.5	7/8	7/8	Chord	4/4	3	1	1/8	1/8	1	14	der									
4	4	12	12	1.0	0	0	Chord	4/4	4	1	1/4	1/4	1	15	mag									
4	4	13	13	0.5	1/4	1/4	Chord	4/4	4	1	1/8	1/8	1	16	wi-									
4	4	27/2	27/2	0.5	3/8	3/8	Chord	4/4	4	1	1/8	1/8	1	17	der									
4	4	14	14	2.0	1/2	1/2	Chord	4/4	4	1	1/2	1/2	1	18	uns									
4	4	12	12	1.0	0	0	Chord	4/4	5	1	1/4	1/4	1	19										
4	4	13	13	1.0	1/4	1/4	Chord	4/4	5	1	1/4	1/4	1	20										
4	4	14	14	2.0	1/2	1/2	Chord	4/4	5	1	1/2	1/2	1	21										
5	5	16	16	1.0	0	0	Chord	4/4	2	1	1/4	1/4	1	22	mag									
5	5	17	17	0.5	1/4	1/4	Chord	4/4	2	1	1/8	1/8	1	23	wi-									
5	5	35/2	35/2	0.5	3/8	3/8	Chord	4/4	2	1	1/8	1/8	1	24	der									
5	5	18	18	2.0	1/2	1/2	Chord	4/4	2	1	1/2	1/2	1	25	uns									
5	5	16	16	2.0	0	0	Chord	4/4	3	1	1/2	1/2	1	26	uns									
5	5	18	18	2.0	1/2	1/2	Chord	4/4	3	1	1/2	1/2	1	27	sein,									
5	5	16	16	4.0	0	0	Chord	4/4	4	1	1	1	1	28	sein,									
5	5	16	16	2.0	0	0	Chord	4/4	5	1	1/2	1/2	1	29	6									
5	5	18	18	2.0	1/2	1/2	Chord	4/4	5	1	1/2	1/2	1	30	5									
6	6	22	22	2.0	1/2	1/2	Chord	4/4	1	1	1/2	1/2	1	31	ist									
6	6	20	20	4.0	0	0	Chord	4/4	2	1	1	1	1	32	sein,									
6	6	20	20	4.0	0	0	Chord	4/4	5	1	1	1	1	33										
7	7	24	24	3.0	0	0	Chord	4/4	1	1	3/4	1/2	3/2	34	Gott									
7	7	27	27	1.0	3/4	3/4	Chord	4/4	1	1	1/4	1/4	1	35	f√ºr									
7	7	24	24	4.0	0	0	Chord	4/4	5	1	1	1	1	36										
8	8	28	28	4.0	0	0	Chord	4/4	1	1	1	1	1	37	uns.									
8	8	31	31	1.0	3/4	3/4	Chord	4/4	2	1	1/4	1/4	1	38	wer									
8	8	29	29	1.0	1/4	1/4	Chord	4/4	3	1	1/4	1/4	1	39	wer									
8	8	30	30	1.0	1/2	1/2	Chord	4/4	3	1	1/4	1/4	1	40	mag									
8	8	31	31	0.5	3/4	3/4	Chord	4/4	3	1	1/8	1/8	1	41	wi-									
8	8	63/2	63/2	0.5	7/8	7/8	Chord	4/4	3	1	1/8	1/8	1	42	der									
8	8	31	31	1.0	3/4	3/4	Chord	4/4	4	1	1/4	1/4	1	43	wer									
8	8	28	28	2.0	0	0	Chord	4/4	5	1	1/2	1/2	1	44										
8	8	30	30	2.0	1/2	1/2	Chord	4/4	5	1	1/2	1/2	1	45										
9	9	33	33	1.0	1/4	1/4	Chord	4/4	1	1	1/4	1/4	1	46	wer									
9	9	34	34	1.0	1/2	1/2	Chord	4/4	1	1	1/4	1/4	1	47	mag									
9	9	35	35	0.5	3/4	3/4	Chord	4/4	1	1	1/8	1/8	1	48	wi-									
9	9	71/2	71/2	0.5	7/8	7/8	Chord	4/4	1	1	1/8	1/8	1	49	der									
9	9	32	32	1.0	0	0	Chord	4/4	2	1	1/4	1/4	1	50	mag									
9	9	33	33	0.5	1/4	1/4	Chord	4/4	2	1	1/8	1/8	1	51	wi-									
9	9	67/2	67/2	0.5	3/8	3/8	Chord	4/4	2	1	1/8	1/8	1	52	der									
9	9	34	34	2.0	1/2	1/2	Chord	4/4	2	1	1/2	1/2	1	53	uns									
9	9	32	32	2.0	0	0	Chord	4/4	3	1	1/2	1/2	1	54	uns									
9	9	34	34	2.0	1/2	1/2	Chord	4/4	3	1	1/2	1/2	1	55	sein,									
9	9	32	32	1.0	0	0	Chord	4/4	4	1	1/4	1/4	1	56	mag									
9	9	33	33	0.5	1/4	1/4	Chord	4/4	4	1	1/8	1/8	1	57	wi-									
9	9	67/2	67/2	0.5	3/8	3/8	Chord	4/4	4	1	1/8	1/8	1	58	der									
9	9	34	34	2.0	1/2	1/2	Chord	4/4	4	1	1/2	1/2	1	59	uns									
9	9	32	32	1.0	0	0	Chord	4/4	5	1	1/4	1/4	1	60										
9	9	33	33	1.0	1/4	1/4	Chord	4/4	5	1	1/4	1/4	1	61										
9	9	34	34	2.0	1/2	1/2	Chord	4/4	5	1	1/2	1/2	1	62										
10	10	36	36	2.0	0	0	Chord	4/4	1	1	1/2	1/2	1	63	uns									
10	10	38	38	2.0	1/2	1/2	Chord	4/4	1	1	1/2	1/2	1	64	sein,									
10	10	36	36	2.0	0	0	Chord	4/4	2	1	1/2	1/2	1	65										
10	10	38	38	2.0	1/2	1/2	Chord	4/4	2	1	1/2	1/2	1	66	sein,									
10	10	39	39	1.0	3/4	3/4	Chord	4/4	3	1	1/4	1/4	1	67	wer									
10	10	36	36	4.0	0	0	Chord	4/4	4	1	1	1	1	68	sein,									
10	10	36	36	2.0	0	0	Chord	4/4	5	1	1/2	1/2	1	69	6	4								
10	10	38	38	2.0	1/2	1/2	Chord	4/4	5	1	1/2	1/2	1	70	5									
11	11	41	41	1.0	1/4	1/4	Chord	4/4	1	1	1/4	1/4	1	71	wer									
11	11	42	42	1.0	1/2	1/2	Chord	4/4	1	1	1/4	1/4	1	72	mag									
11	11	43	43	0.5	3/4	3/4	Chord	4/4	1	1	1/8	1/8	1	73	wi-									
11	11	87/2	87/2	0.5	7/8	7/8	Chord	4/4	1	1	1/8	1/8	1	74	der									
11	11	42	42	1.0	1/2	1/2	Chord	4/4	2	1	1/4	1/4	1	75	wer									
11	11	43	43	1.0	3/4	3/4	Chord	4/4	2	1	1/4	1/4	1	76	mag									
11	11	40	40	1.0	0	0	Chord	4/4	3	1	1/4	1/4	1	77	mag									
11	11	41	41	0.5	1/4	1/4	Chord	4/4	3	1	1/8	1/8	1	78	wi-									
11	11	83/2	83/2	0.5	3/8	3/8	Chord	4/4	3	1	1/8	1/8	1	79	der									
11	11	42	42	1.0	1/2	1/2	Chord	4/4	3	1	1/4	1/4	1	80	uns									
11	11	43	43	1.0	3/4	3/4	Chord	4/4	3	1	1/4	1/4	1	81	sein,									
11	11	43	43	1.0	3/4	3/4	Chord	4/4	4	1	1/4	1/4	1	82	wer									
11	11	40	40	2.0	0	0	Chord	4/4	5	1	1/2	1/2	1	83										
11	11	42	42	1.0	1/2	1/2	Chord	4/4	5	1	1/4	1/4	1	84	6									
11	11	43	43	1.0	3/4	3/4	Chord	4/4	5	1	1/4	1/4	1	85	5									
12	12	44	44	1.5	0	0	Chord	4/4	1	1	3/8	1/4	3/2	86	uns									0
12	12	91/2	91/2	0.5	3/8	3/8	Chord	4/4	1	1	1/8	1/8	1	87										0
12	12	46	46	2.0	1/2	1/2	Chord	4/4	1	1	1/2	1/2	1	88										0
12	12	44	44	0.5	0	0	Chord	4/4	2	1	1/8	1/8	1	89	wi-									
12	12	89/2	89/2	0.5	1/8	1/8	Chord	4/4	2	1	1/8	1/8	1	90	der									
12	12	45	45	1.5	1/4	1/4	Chord	4/4	2	1	3/8	1/4	3/2	91	uns									1
12	12	93/2	93/2	0.25	5/8	5/8	Chord	4/4	2	1	1/16	1/16	1	92										1
12	12	187/4	187/4	0.25	11/16	11/16	Chord	4/4	2	1	1/16	1/16	1	93										1
12	12	47	47	1.0	3/4	3/4	Chord	4/4	2	1	1/4	1/4	1	94										
12	12	45	45	1.0	1/4	1/4	Chord	4/4	3	1	1/4	1/4	1	95	wer									
12	12	46	46	1.0	1/2	1/2	Chord	4/4	3	1	1/4	1/4	1	96	mag									
12	12	47	47	0.5	3/4	3/4	Chord	4/4	3	1	1/8	1/8	1	97	wi-									
12	12	95/2	95/2	0.5	7/8	7/8	Chord	4/4	3	1	1/8	1/8	1	98	der									
12	12	44	44	1.0	0	0	Chord	4/4	4	1	1/4	1/4	1	99	mag									
12	12	45	45	0.5	1/4	1/4	Chord	4/4	4	1	1/8	1/8	1	100	wi-									
12	12	91/2	91/2	0.5	3/8	3/8	Chord	4/4	4	1	1/8	1/8	1	101	der									
12	12	46	46	2.0	1/2	1/2	Chord	4/4	4	1	1/2	1/2	1	102	uns									
12	12	44	44	1.0	0	0	Chord	4/4	5	1	1/4	1/4	1	103										
12	12	45	45	1.0	1/4	1/4	Chord	4/4	5	1	1/4	1/4	1	104										
12	12	46	46	1.0	1/2	1/2	Chord	4/4	5	1	1/4	1/4	1	105										
12	12	47	47	1.0	3/4	3/4	Chord	4/4	5	1	1/4	1/4	1	106										
13	13	48	48	2.0	0	0	Chord	4/4	1	1	1/2	1/2	1	107										
13	13	50	50	2.0	1/2	1/2	Chord	4/4	1	1	1/2	1/2	1	108	sein?									
13	13	48	48	4.0	0	0	Chord	4/4	2	1	1	1	1	109	sein?									
13	13	48	48	2.0	0	0	Chord	4/4	3	1	1/2	1/2	1	110	uns									
13	13	50	50	2.0	1/2	1/2	Chord	4/4	3	1	1/2	1/2	1	111	sein?									
13	13	48	48	4.0	0	0	Chord	4/4	4	1	1	1	1	112	sein?									
13	13	48	48	2.0	0	0	Chord	4/4	5	1	1/2	1/2	1	113	6	4								
13	13	50	50	2.0	1/2	1/2	Chord	4/4	5	1	1/2	1/2	1	114	5									
14	14	53	53	0.5	1/4	1/4	Chord	4/4	1	1	1/8	1/8	1	115	Wel-									
14	14	107/2	107/2	0.5	3/8	3/8	Chord	4/4	1	1	1/8	1/8	1	116	cher									
14	14	54	54	1.0	1/2	1/2	Chord	4/4	1	1	1/4	1/4	1	117	auch									
14	14	55	55	0.5	3/4	3/4	Chord	4/4	1	1	1/8	1/8	1	118	sei-									
14	14	111/2	111/2	0.5	7/8	7/8	Chord	4/4	1	1	1/8	1/8	1	119	nes									
14	14	53	53	0.5	1/4	1/4	Chord	4/4	2	1	1/8	1/8	1	120	Wel-									
14	14	107/2	107/2	0.5	3/8	3/8	Chord	4/4	2	1	1/8	1/8	1	121	cher									
14	14	54	54	1.0	1/2	1/2	Chord	4/4	2	1	1/4	1/4	1	122	auch									
14	14	55	55	0.5	3/4	3/4	Chord	4/4	2	1	1/8	1/8	1	123	sei-									
14	14	111/2	111/2	0.5	7/8	7/8	Chord	4/4	2	1	1/8	1/8	1	124	nes									
14	14	53	53	0.5	1/4	1/4	Chord	4/4	3	1	1/8	1/8	1	125	Wel-									
14	14	107/2	107/2	0.5	3/8	3/8	Chord	4/4	3	1	1/8	1/8	1	126	cher									
14	14	54	54	1.0	1/2	1/2	Chord	4/4	3	1	1/4	1/4	1	127	auch									
14	14	55	55	0.5	3/4	3/4	Chord	4/4	3	1	1/8	1/8	1	128	sei-									
14	14	111/2	111/2	0.5	7/8	7/8	Chord	4/4	3	1	1/8	1/8	1	129	nes									
14	14	53	53	0.5	1/4	1/4	Chord	4/4	4	1	1/8	1/8	1	130	Wel-									
14	14	107/2	107/2	0.5	3/8	3/8	Chord	4/4	4	1	1/8	1/8	1	131	cher									
14	14	54	54	1.0	1/2	1/2	Chord	4/4	4	1	1/4	1/4	1	132	auch									
14	14	55	55	0.5	3/4	3/4	Chord	4/4	4	1	1/8	1/8	1	133	sei-									
14	14	111/2	111/2	0.5	7/8	7/8	Chord	4/4	4	1	1/8	1/8	1	134	nes									
14	14	53	53	1.0	1/4	1/4	Chord	4/4	5	1	1/4	1/4	1	135										
14	14	54	54	2.0	1/2	1/2	Chord	4/4	5	1	1/2	1/2	1	136										
15	15	56	56	1.0	0	0	Chord	4/4	1	1	1/4	1/4	1	137	ei-									
15	15	57	57	0.5	1/4	1/4	Chord	4/4	1	1	1/8	1/8	1	138	ge-									
15	15	115/2	115/2	0.5	3/8	3/8	Chord	4/4	1	1	1/8	1/8	1	139	nen									
15	15	58	58	2.0	1/2	1/2	Chord	4/4	1	1	1/2	1/2	1	140	Sohns									
15	15	56	56	1.0	0	0	Chord	4/4	2	1	1/4	1/4	1	141	ei-									
15	15	57	57	0.5	1/4	1/4	Chord	4/4	2	1	1/8	1/8	1	142	ge-									
15	15	115/2	115/2	0.5	3/8	3/8	Chord	4/4	2	1	1/8	1/8	1	143	nen									
15	15	58	58	2.0	1/2	1/2	Chord	4/4	2	1	1/2	1/2	1	144	Sohns									
15	15	56	56	1.0	0	0	Chord	4/4	3	1	1/4	1/4	1	145	ei-									
15	15	57	57	0.5	1/4	1/4	Chord	4/4	3	1	1/8	1/8	1	146	ge-									
15	15	115/2	115/2	0.5	3/8	3/8	Chord	4/4	3	1	1/8	1/8	1	147	nen									
15	15	58	58	1.0	1/2	1/2	Chord	4/4	3	1	1/4	1/4	1	148	Sohns									
15	15	59	59	1.0	3/4	3/4	Chord	4/4	3	1	1/4	1/4	1	149	nicht									
15	15	56	56	1.0	0	0	Chord	4/4	4	1	1/4	1/4	1	150	ei-									
15	15	57	57	0.5	1/4	1/4	Chord	4/4	4	1	1/8	1/8	1	151	ge-									
15	15	115/2	115/2	0.5	3/8	3/8	Chord	4/4	4	1	1/8	1/8	1	152	nen									
15	15	58	58	2.0	1/2	1/2	Chord	4/4	4	1	1/2	1/2	1	153	Sohns									
15	15	56	56	2.0	0	0	Chord	4/4	5	1	1/2	1/2	1	154										
15	15	58	58	2.0	1/2	1/2	Chord	4/4	5	1	1/2	1/2	1	155										
16	16	60	60	1.0	0	0	Chord	4/4	1	1	1/4	1/4	1	156										
16	16	61	61	1.0	1/4	1/4	Chord	4/4	1	1	1/4	1/4	1	157	nicht									
16	16	62	62	1.0	1/2	1/2	Chord	4/4	1	1	1/4	1/4	1	158	hat									
16	16	63	63	1.0	3/4	3/4	Chord	4/4	1	1	1/4	1/4	1	159	ver-									
16	16	60	60	1.0	0	0	Chord	4/4	2	1	1/4	1/4	1	160										
16	16	61	61	1.0	1/4	1/4	Chord	4/4	2	1	1/4	1/4	1	161	nicht									
16	16	62	62	1.0	1/2	1/2	Chord	4/4	2	1	1/4	1/4	1	162	hat									
16	16	63	63	1.0	3/4	3/4	Chord	4/4	2	1	1/4	1/4	1	163	ver-									
16	16	60	60	1.0	0	0	Chord	4/4	3	1	1/4	1/4	1	164	hat									
16	16	61	61	1.0	1/4	1/4	Chord	4/4	3	1	1/4	1/4	1	165	ver-									
16	16	62	62	1.0	1/2	1/2	Chord	4/4	3	1	1/4	1/4	1	166	scho-									2
16	16	63	63	1.0	3/4	3/4	Chord	4/4	3	1	1/4	1/4	1	167										2
16	16	60	60	1.0	0	0	Chord	4/4	4	1	1/4	1/4	1	168										
16	16	61	61	1.0	1/4	1/4	Chord	4/4	4	1	1/4	1/4	1	169	nicht									
16	16	62	62	1.0	1/2	1/2	Chord	4/4	4	1	1/4	1/4	1	170	hat									
16	16	63	63	1.0	3/4	3/4	Chord	4/4	4	1	1/4	1/4	1	171	ver-									
16	16	60	60	1.0	0	0	Chord	4/4	5	1	1/4	1/4	1	172	6									
16	16	61	61	1.0	1/4	1/4	Chord	4/4	5	1	1/4	1/4	1	173										
16	16	62	62	1.0	1/2	1/2	Chord	4/4	5	1	1/4	1/4	1	174										
16	16	63	63	1.0	3/4	3/4	Chord	4/4	5	1	1/4	1/4	1	175	6									
17	17	64	64	2.0	0	0	Chord	4/4	1	1	1/2	1/2	1	176	scho-									
17	17	66	66	2.0	1/2	1/2	Chord	4/4	1	1	1/2	1/2	1	177	net,									
17	17	64	64	2.0	0	0	Chord	4/4	2	1	1/2	1/2	1	178	scho-									
17	17	66	66	2.0	1/2	1/2	Chord	4/4	2	1	1/2	1/2	1	179	net,									
17	17	64	64	1.0	0	0	Chord	4/4	3	1	1/4	1/4	1	180										2
17	17	65	65	1.0	1/4	1/4	Chord	4/4	3	1	1/4	1/4	1	181										
17	17	66	66	2.0	1/2	1/2	Chord	4/4	3	1	1/2	1/2	1	182	net,									
17	17	64	64	2.0	0	0	Chord	4/4	4	1	1/2	1/2	1	183	scho-									
17	17	66	66	2.0	1/2	1/2	Chord	4/4	4	1	1/2	1/2	1	184	net,									
17	17	64	64	1.0	0	0	Chord	4/4	5	1	1/4	1/4	1	185	4									
17	17	65	65	1.0	1/4	1/4	Chord	4/4	5	1	1/4	1/4	1	186										
17	17	66	66	2.0	1/2	1/2	Chord	4/4	5	1	1/2	1/2	1	187										
18	18	69	69	0.5	1/4	1/4	Chord	4/4	1	1	1/8	1/8	1	188	son-									
18	18	139/2	139/2	0.5	3/8	3/8	Chord	4/4	1	1	1/8	1/8	1	189	dern									
18	18	70	70	1.0	1/2	1/2	Chord	4/4	1	1	1/4	1/4	1	190	hat									
18	18	71	71	1.0	3/4	3/4	Chord	4/4	1	1	1/4	1/4	1	191	ihn									
18	18	69	69	0.5	1/4	1/4	Chord	4/4	2	1	1/8	1/8	1	192	son-									
18	18	139/2	139/2	0.5	3/8	3/8	Chord	4/4	2	1	1/8	1/8	1	193	dern									
18	18	70	70	1.0	1/2	1/2	Chord	4/4	2	1	1/4	1/4	1	194	hat									
18	18	71	71	1.0	3/4	3/4	Chord	4/4	2	1	1/4	1/4	1	195	ihn									
18	18	69	69	0.5	1/4	1/4	Chord	4/4	3	1	1/8	1/8	1	196	son-									
18	18	139/2	139/2	0.5	3/8	3/8	Chord	4/4	3	1	1/8	1/8	1	197	dern									
18	18	70	70	1.0	1/2	1/2	Chord	4/4	3	1	1/4	1/4	1	198	hat									
18	18	71	71	1.0	3/4	3/4	Chord	4/4	3	1	1/4	1/4	1	199	ihn									
18	18	69	69	0.5	1/4	1/4	Chord	4/4	4	1	1/8	1/8	1	200	son-									
18	18	139/2	139/2	0.5	3/8	3/8	Chord	4/4	4	1	1/8	1/8	1	201	dern									
18	18	70	70	1.0	1/2	1/2	Chord	4/4	4	1	1/4	1/4	1	202	hat									
18	18	71	71	1.0	3/4	3/4	Chord	4/4	4	1	1/4	1/4	1	203	ihn									
18	18	69	69	1.0	1/4	1/4	Chord	4/4	5	1	1/4	1/4	1	204										
18	18	70	70	2.0	1/2	1/2	Chord	4/4	5	1	1/2	1/2	1	205										
19	19	72	72	1.0	0	0	Chord	4/4	1	1	1/4	1/4	1	206	f√ºr									
19	19	73	73	1.0	1/4	1/4	Chord	4/4	1	1	1/4	1/4	1	207	uns									
19	19	74	74	2.0	1/2	1/2	Chord	4/4	1	1	1/2	1/2	1	208	al-									
19	19	72	72	1.0	0	0	Chord	4/4	2	1	1/4	1/4	1	209	f√ºr									
19	19	73	73	1.0	1/4	1/4	Chord	4/4	2	1	1/4	1/4	1	210	uns									
19	19	74	74	2.0	1/2	1/2	Chord	4/4	2	1	1/2	1/2	1	211	al-									
19	19	72	72	1.0	0	0	Chord	4/4	3	1	1/4	1/4	1	212	f√ºr									
19	19	73	73	1.0	1/4	1/4	Chord	4/4	3	1	1/4	1/4	1	213	uns									
19	19	74	74	2.0	1/2	1/2	Chord	4/4	3	1	1/2	1/2	1	214	al-									
19	19	72	72	1.0	0	0	Chord	4/4	4	1	1/4	1/4	1	215	f√ºr									
19	19	73	73	1.0	1/4	1/4	Chord	4/4	4	1	1/4	1/4	1	216	uns									
19	19	74	74	2.0	1/2	1/2	Chord	4/4	4	1	1/2	1/2	1	217	al-									
19	19	72	72	2.0	0	0	Chord	4/4	5	1	1/2	1/2	1	218										
19	19	74	74	2.0	1/2	1/2	Chord	4/4	5	1	1/2	1/2	1	219										
20	20	76	76	2.0	0	0	Chord	4/4	1	1	1/2	1/2	1	220	le									
20	20	76	76	2.0	0	0	Chord	4/4	2	1	1/2	1/2	1	221	le									
20	20	76	76	1.0	0	0	Chord	4/4	3	1	1/4	1/4	1	222	le									
20	20	77	77	1.0	1/4	1/4	Chord	4/4	3	1	1/4	1/4	1	223	da-									
20	20	78	78	1.0	1/2	1/2	Chord	4/4	3	1	1/4	1/4	1	224	hin									
20	20	79	79	1.0	3/4	3/4	Chord	4/4	3	1	1/4	1/4	1	225	ge-									
20	20	76	76	1.0	0	0	Chord	4/4	4	1	1/4	1/4	1	226	le									
20	20	77	77	1.0	1/4	1/4	Chord	4/4	4	1	1/4	1/4	1	227	da-									
20	20	78	78	1.0	1/2	1/2	Chord	4/4	4	1	1/4	1/4	1	228	hin									
20	20	79	79	1.0	3/4	3/4	Chord	4/4	4	1	1/4	1/4	1	229	ge-									
20	20	76	76	1.0	0	0	Chord	4/4	5	1	1/4	1/4	1	230										
20	20	77	77	1.0	1/4	1/4	Chord	4/4	5	1	1/4	1/4	1	231										
20	20	78	78	1.0	1/2	1/2	Chord	4/4	5	1	1/4	1/4	1	232										
20	20	79	79	1.0	3/4	3/4	Chord	4/4	5	1	1/4	1/4	1	233										
21	21	81	81	1.0	1/4	1/4	Chord	4/4	1	1	1/4	1/4	1	234	da-									
21	21	82	82	1.0	1/2	1/2	Chord	4/4	1	1	1/4	1/4	1	235	hin									
21	21	83	83	1.0	3/4	3/4	Chord	4/4	1	1	1/4	1/4	1	236	ge-									
21	21	83	83	1.0	3/4	3/4	Chord	4/4	2	1	1/4	1/4	1	237	da-									
21	21	80	80	2.0	0	0	Chord	4/4	3	1	1/2	1/2	1	238	ge-									
21	21	82	82	1.0	1/2	1/2	Chord	4/4	3	1	1/4	1/4	1	239	ben,									
21	21	83	83	1.0	3/4	3/4	Chord	4/4	3	1	1/4	1/4	1	240	da-									
21	21	80	80	1.5	0	0	Chord	4/4	4	1	3/8	1/4	3/2	241	ge-									3
21	21	163/2	163/2	0.25	3/8	3/8	Chord	4/4	4	1	1/16	1/16	1	242										3
21	21	327/4	327/4	0.25	7/16	7/16	Chord	4/4	4	1	1/16	1/16	1	243										3
21	21	82	82	2.0	1/2	1/2	Chord	4/4	4	1	1/2	1/2	1	244										3
21	21	80	80	1.5	0	0	Chord	4/4	5	1	3/8	1/4	3/2	245										
21	21	163/2	163/2	0.25	3/8	3/8	Chord	4/4	5	1	1/16	1/16	1	246										
21	21	327/4	327/4	0.25	7/16	7/16	Chord	4/4	5	1	1/16	1/16	1	247										
21	21	82	82	1.0	1/2	1/2	Chord	4/4	5	1	1/4	1/4	1	248	5									4
21	21	83	83	1.0	3/4	3/4	Chord	4/4	5	1	1/4	1/4	1	249	6									4
22	22	84	84	1.5	0	0	Chord	4/4	1	1	3/8	1/4	3/2	250	ge-									5
22	22	171/2	171/2	0.25	3/8	3/8	Chord	4/4	1	1	1/16	1/16	1	251										5
22	22	343/4	343/4	0.25	7/16	7/16	Chord	4/4	1	1	1/16	1/16	1	252										5
22	22	86	86	2.0	1/2	1/2	Chord	4/4	1	1	1/2	1/2	1	253										
22	22	84	84	1.0	0	0	Chord	4/4	2	1	1/4	1/4	1	254	hin									
22	22	85	85	2.0	1/4	1/4	Chord	4/4	2	1	1/2	1/2	1	255	ge-									
22	22	87	87	1.0	3/4	3/4	Chord	4/4	2	1	1/4	1/4	1	256	ge-									
22	22	84	84	1.0	0	0	Chord	4/4	3	1	1/4	1/4	1	257	hin									
22	22	85	85	1.0	1/4	1/4	Chord	4/4	3	1	1/4	1/4	1	258	ge-									
22	22	86	86	2.0	1/2	1/2	Chord	4/4	3	1	1/2	1/2	1	259	ge-									
22	22	84	84	4.0	0	0	Chord	4/4	4	1	1	1	1	260										
22	22	84	84	1.0	0	0	Chord	4/4	5	1	1/4	1/4	1	261	3									
22	22	85	85	1.0	1/4	1/4	Chord	4/4	5	1	1/4	1/4	1	262	4									
22	22	86	86	1.0	1/2	1/2	Chord	4/4	5	1	1/4	1/4	1	263	4									
22	22	87	87	1.0	3/4	3/4	Chord	4/4	5	1	1/4	1/4	1	264										
23	23	88	88	2.0	0	0	Chord	4/4	1	1	1/2	1/2	1	265	ben,									
23	23	181/2	181/2	0.5	5/8	5/8	Chord	4/4	1	1	1/8	1/8	1	266	wie									
23	23	91	91	0.5	3/4	3/4	Chord	4/4	1	1	1/8	1/8	1	267	sollt									
23	23	183/2	183/2	0.5	7/8	7/8	Chord	4/4	1	1	1/8	1/8	1	268	er									
23	23	88	88	2.0	0	0	Chord	4/4	2	1	1/2	1/2	1	269	ben,									
23	23	181/2	181/2	0.5	5/8	5/8	Chord	4/4	2	1	1/8	1/8	1	270	wie									
23	23	91	91	0.5	3/4	3/4	Chord	4/4	2	1	1/8	1/8	1	271	sollt									
23	23	183/2	183/2	0.5	7/8	7/8	Chord	4/4	2	1	1/8	1/8	1	272	er									
23	23	88	88	2.0	0	0	Chord	4/4	3	1	1/2	1/2	1	273	ben,									
23	23	181/2	181/2	0.5	5/8	5/8	Chord	4/4	3	1	1/8	1/8	1	274	wie									
23	23	91	91	0.5	3/4	3/4	Chord	4/4	3	1	1/8	1/8	1	275	sollt									
23	23	183/2	183/2	0.5	7/8	7/8	Chord	4/4	3	1	1/8	1/8	1	276	er									
23	23	88	88	2.0	0	0	Chord	4/4	4	1	1/2	1/2	1	277	ben,									
23	23	181/2	181/2	0.5	5/8	5/8	Chord	4/4	4	1	1/8	1/8	1	278	wie									
23	23	91	91	0.5	3/4	3/4	Chord	4/4	4	1	1/8	1/8	1	279	sollt									
23	23	183/2	183/2	0.5	7/8	7/8	Chord	4/4	4	1	1/8	1/8	1	280	er									
23	23	88	88	2.0	0	0	Chord	4/4	5	1	1/2	1/2	1	281										
23	23	90	90	2.0	1/2	1/2	Chord	4/4	5	1	1/2	1/2	1	282										
24	24	92	92	1.0	0	0	Chord	4/4	1	1	1/4	1/4	1	283	uns									
24	24	93	93	1.0	1/4	1/4	Chord	4/4	1	1	1/4	1/4	1	284	mit									
24	24	94	94	2.0	1/2	1/2	Chord	4/4	1	1	1/2	1/2	1	285	ihm									
24	24	92	92	1.0	0	0	Chord	4/4	2	1	1/4	1/4	1	286	uns									
24	24	93	93	1.0	1/4	1/4	Chord	4/4	2	1	1/4	1/4	1	287	mit									
24	24	94	94	2.0	1/2	1/2	Chord	4/4	2	1	1/2	1/2	1	288	ihm									
24	24	92	92	1.0	0	0	Chord	4/4	3	1	1/4	1/4	1	289	uns									
24	24	93	93	1.0	1/4	1/4	Chord	4/4	3	1	1/4	1/4	1	290	mit									
24	24	94	94	2.0	1/2	1/2	Chord	4/4	3	1	1/2	1/2	1	291	ihm									
24	24	92	92	1.0	0	0	Chord	4/4	4	1	1/4	1/4	1	292	uns									
24	24	93	93	1.0	1/4	1/4	Chord	4/4	4	1	1/4	1/4	1	293	mit									
24	24	94	94	2.0	1/2	1/2	Chord	4/4	4	1	1/2	1/2	1	294	ihm									
24	24	92	92	2.0	0	0	Chord	4/4	5	1	1/2	1/2	1	295										
24	24	94	94	2.0	1/2	1/2	Chord	4/4	5	1	1/2	1/2	1	296										
25	25	96	96	1.0	0	0	Chord	4/4	1	1	1/4	1/4	1	297	denn									
25	25	97	97	2.0	1/4	1/4	Chord	4/4	1	1	1/2	1/2	1	298	nicht									
25	25	99	99	1.0	3/4	3/4	Chord	4/4	1	1	1/4	1/4	1	299	al-									
25	25	96	96	1.0	0	0	Chord	4/4	2	1	1/4	1/4	1	300	denn									
25	25	97	97	1.0	1/4	1/4	Chord	4/4	2	1	1/4	1/4	1	301	nicht									
25	25	98	98	2.0	1/2	1/2	Chord	4/4	2	1	1/2	1/2	1	302	al-									
25	25	96	96	1.0	0	0	Chord	4/4	3	1	1/4	1/4	1	303	denn									
25	25	97	97	1.0	1/4	1/4	Chord	4/4	3	1	1/4	1/4	1	304	nicht									
25	25	98	98	2.0	1/2	1/2	Chord	4/4	3	1	1/2	1/2	1	305	al-									
25	25	96	96	1.0	0	0	Chord	4/4	4	1	1/4	1/4	1	306	denn									
25	25	97	97	1.0	1/4	1/4	Chord	4/4	4	1	1/4	1/4	1	307	nicht									
25	25	98	98	1.0	1/2	1/2	Chord	4/4	4	1	1/4	1/4	1	308	al-									
25	25	99	99	1.0	3/4	3/4	Chord	4/4	4	1	1/4	1/4	1	309	les									
25	25	96	96	1.0	0	0	Chord	4/4	5	1	1/4	1/4	1	310										
25	25	97	97	1.0	1/4	1/4	Chord	4/4	5	1	1/4	1/4	1	311										
25	25	98	98	1.0	1/2	1/2	Chord	4/4	5	1	1/4	1/4	1	312										
25	25	99	99	1.0	3/4	3/4	Chord	4/4	5	1	1/4	1/4	1	313										
26	26	100	100	1.0	0	0	Chord	4/4	1	1	1/4	1/4	1	314	les									
26	26	101	101	2.0	1/4	1/4	Chord	4/4	1	1	1/2	1/2	1	315	schen-									6
26	26	103	103	1.0	3/4	3/4	Chord	4/4	1	1	1/4	1/4	1	316										
26	26	100	100	2.0	0	0	Chord	4/4	2	1	1/2	1/2	1	317	les									
26	26	102	102	2.0	1/2	1/2	Chord	4/4	2	1	1/2	1/2	1	318	schen-									
26	26	100	100	1.0	0	0	Chord	4/4	3	1	1/4	1/4	1	319										
26	26	101	101	1.0	1/4	1/4	Chord	4/4	3	1	1/4	1/4	1	320	les									
26	26	102	102	2.0	1/2	1/2	Chord	4/4	3	1	1/2	1/2	1	321	schen-									
26	26	100	100	4.0	0	0	Chord	4/4	4	1	1	1	1	322	schen-									
26	26	100	100	1.0	0	0	Chord	4/4	5	1	1/4	1/4	1	323	7	3								
26	26	101	101	1.0	1/4	1/4	Chord	4/4	5	1	1/4	1/4	1	324	6	4								
26	26	102	102	1.0	1/2	1/2	Chord	4/4	5	1	1/4	1/4	1	325		4								
26	26	103	103	1.0	3/4	3/4	Chord	4/4	5	1	1/4	1/4	1	326		3								
27	27	104	104	4.0	0	0	Chord	4/4	1	1	1	1	1	327	ken?									
27	27	104	104	4.0	0	0	Chord	4/4	2	1	1	1	1	328	ken?									
27	27	104	104	4.0	0	0	Chord	4/4	3	1	1	1	1	329	ken?									
27	27	104	104	4.0	0	0	Chord	4/4	4	1	1	1	1	330	ken?									
27	27	104	104	4.0	0	0	Chord	4/4	5	1	1	1	1	331										
28	28	110	110	2.0	1/2	1/2	Chord	4/4	1	1	1/2	1/2	1	332	Wer									
28	28	108	108	4.0	0	0	Chord	4/4	2	1	1	1	1	333										
29	29	112	112	3.0	0	0	Chord	4/4	1	1	3/4	1/2	3/2	334	will									
29	29	115	115	1.0	3/4	3/4	Chord	4/4	1	1	1/4	1/4	1	335	die									
29	29	112	112	3.0	0	0	Chord	4/4	2	1	3/4	1/2	3/2	336										
29	29	115	115	1.0	3/4	3/4	Chord	4/4	2	1	1/4	1/4	1	337										
30	30	116	116	1.0	0	0	Chord	4/4	1	1	1/4	1/4	1	338	Aus-									
30	30	117	117	1.0	1/4	1/4	Chord	4/4	1	1	1/4	1/4	1	339	er-									
30	30	118	118	1.0	1/2	1/2	Chord	4/4	1	1	1/4	1/4	1	340	w√§hl-									
30	30	119	119	1.0	3/4	3/4	Chord	4/4	1	1	1/4	1/4	1	341	ten									
30	30	116	116	2.0	0	0	Chord	4/4	2	1	1/2	1/2	1	342										
30	30	118	118	1.0	1/2	1/2	Chord	4/4	2	1	1/4	1/4	1	343										
30	30	119	119	1.0	3/4	3/4	Chord	4/4	2	1	1/4	1/4	1	344										
31	31	120	120	2.0	0	0	Chord	4/4	1	1	1/2	1/2	1	345	Got-									
31	31	122	122	1.0	1/2	1/2	Chord	4/4	1	1	1/4	1/4	1	346	tes									
31	31	123	123	1.0	3/4	3/4	Chord	4/4	1	1	1/4	1/4	1	347	be-									
31	31	120	120	2.0	0	0	Chord	4/4	2	1	1/2	1/2	1	348										
31	31	122	122	1.0	1/2	1/2	Chord	4/4	2	1	1/4	1/4	1	349										
31	31	123	123	1.0	3/4	3/4	Chord	4/4	2	1	1/4	1/4	1	350										
32	32	124	124	1.5	0	0	Chord	4/4	1	1	3/8	1/4	3/2	351	schul-									
32	32	251/2	251/2	0.5	3/8	3/8	Chord	4/4	1	1	1/8	1/8	1	352	di-									
32	32	126	126	2.0	1/2	1/2	Chord	4/4	1	1	1/2	1/2	1	353	gen?									
32	32	124	124	2.0	0	0	Chord	4/4	2	1	1/2	1/2	1	354										
32	32	126	126	2.0	1/2	1/2	Chord	4/4	2	1	1/2	1/2	1	355										
33	33	128	128	1.0	0	0	Chord	4/4	1	1	1/4	1/4	1	356	Gott									
33	33	129	129	1.0	1/4	1/4	Chord	4/4	1	1	1/4	1/4	1	357	ist									
33	33	130	130	1.0	1/2	1/2	Chord	4/4	1	1	1/4	1/4	1	358	hie,									
33	33	131	131	0.5	3/4	3/4	Chord	4/4	1	1	1/8	1/8	1	359	der									
33	33	263/2	263/2	0.5	7/8	7/8	Chord	4/4	1	1	1/8	1/8	1	360	ge-									
33	33	128	128	1.0	0	0	Chord	4/4	2	1	1/4	1/4	1	361	Gott									
33	33	129	129	1.0	1/4	1/4	Chord	4/4	2	1	1/4	1/4	1	362	ist									
33	33	130	130	1.0	1/2	1/2	Chord	4/4	2	1	1/4	1/4	1	363	hie,									
33	33	131	131	0.5	3/4	3/4	Chord	4/4	2	1	1/8	1/8	1	364	der									
33	33	263/2	263/2	0.5	7/8	7/8	Chord	4/4	2	1	1/8	1/8	1	365	ge-									
33	33	128	128	2.0	0	0	Chord	4/4	5	1	1/2	1/2	1	366										
33	33	130	130	2.0	1/2	1/2	Chord	4/4	5	1	1/2	1/2	1	367										
34	34	132	132	2.0	0	0	Chord	4/4	1	1	1/2	1/2	1	368	recht									
34	34	134	134	2.0	1/2	1/2	Chord	4/4	1	1	1/2	1/2	1	369	macht,									
34	34	132	132	2.0	0	0	Chord	4/4	2	1	1/2	1/2	1	370	recht									
34	34	134	134	2.0	1/2	1/2	Chord	4/4	2	1	1/2	1/2	1	371	macht,									
34	34	269/2	269/2	0.5	5/8	5/8	Chord	4/4	3	1	1/8	1/8	1	372	Wer									
34	34	135	135	0.75	3/4	3/4	Chord	4/4	3	1	3/16	1/8	3/2	373	will									
34	34	543/4	543/4	0.25	15/16	15/16	Chord	4/4	3	1	1/16	1/16	1	374	ver									
34	34	132	132	2.0	0	0	Chord	4/4	5	1	1/2	1/2	1	375										
34	34	134	134	2.0	1/2	1/2	Chord	4/4	5	1	1/2	1/2	1	376										
35	35	136	136	1.0	0	0	Chord	4/4	3	1	1/4	1/4	1	377	dam-									
35	35	137	137	1.0	1/4	1/4	Chord	4/4	3	1	1/4	1/4	1	378	men?									
35	35	138	138	1.0	1/2	1/2	Chord	4/4	4	1	1/4	1/4	1	379	Chri-									
35	35	139	139	0.5	3/4	3/4	Chord	4/4	4	1	1/8	1/8	1	380	stus									
35	35	279/2	279/2	0.5	7/8	7/8	Chord	4/4	4	1	1/8	1/8	1	381	ist									
35	35	136	136	2.0	0	0	Chord	4/4	5	1	1/2	1/2	1	382										
35	35	138	138	1.0	1/2	1/2	Chord	4/4	5	1	1/4	1/4	1	383										
35	35	139	139	0.5	3/4	3/4	Chord	4/4	5	1	1/8	1/8	1	384										
35	35	279/2	279/2	0.5	7/8	7/8	Chord	4/4	5	1	1/8	1/8	1	385										
36	36	140	140	1.0	0	0	Chord	4/4	2	1	1/4	1/4	1	386	Chri-									
36	36	141	141	0.5	1/4	1/4	Chord	4/4	2	1	1/8	1/8	1	387	stus									
36	36	283/2	283/2	0.5	3/8	3/8	Chord	4/4	2	1	1/8	1/8	1	388	ist									
36	36	142	142	2.0	1/2	1/2	Chord	4/4	2	1	1/2	1/2	1	389	hie,									
36	36	140	140	3.0	0	0	Chord	4/4	4	1	3/4	1/2	3/2	390	hie,									
36	36	143	143	0.5	3/4	3/4	Chord	4/4	4	1	1/8	1/8	1	391	der									
36	36	287/2	287/2	0.5	7/8	7/8	Chord	4/4	4	1	1/8	1/8	1	392	ge-									
36	36	140	140	3.0	0	0	Chord	4/4	5	1	3/4	1/2	3/2	393										
36	36	143	143	0.5	3/4	3/4	Chord	4/4	5	1	1/8	1/8	1	394										
36	36	287/2	287/2	0.5	7/8	7/8	Chord	4/4	5	1	1/8	1/8	1	395										
37	37	144	144	1.0	0	0	Chord	4/4	2	1	1/4	1/4	1	396										
37	37	145	145	0.5	1/4	1/4	Chord	4/4	2	1	1/8	1/8	1	397	der									
37	37	291/2	291/2	0.5	3/8	3/8	Chord	4/4	2	1	1/8	1/8	1	398	ge-									
37	37	146	146	1.5	1/2	1/2	Chord	4/4	2	1	3/8	1/4	3/2	399	stor-									
37	37	295/2	295/2	0.5	7/8	7/8	Chord	4/4	2	1	1/8	1/8	1	400	ben									
37	37	293/2	293/2	0.5	5/8	5/8	Chord	4/4	3	1	1/8	1/8	1	401	wer									
37	37	147	147	0.75	3/4	3/4	Chord	4/4	3	1	3/16	1/8	3/2	402	will									
37	37	591/4	591/4	0.25	15/16	15/16	Chord	4/4	3	1	1/16	1/16	1	403	ver									
37	37	144	144	1.0	0	0	Chord	4/4	4	1	1/4	1/4	1	404	stor-									7
37	37	145	145	2.0	1/4	1/4	Chord	4/4	4	1	1/2	1/2	1	405										
37	37	147	147	1.0	3/4	3/4	Chord	4/4	4	1	1/4	1/4	1	406	ben									
37	37	144	144	1.0	0	0	Chord	4/4	5	1	1/4	1/4	1	407										
37	37	145	145	1.0	1/4	1/4	Chord	4/4	5	1	1/4	1/4	1	408										
37	37	146	146	1.0	1/2	1/2	Chord	4/4	5	1	1/4	1/4	1	409	2									
37	37	147	147	1.0	3/4	3/4	Chord	4/4	5	1	1/4	1/4	1	410										
38	38	297/2	297/2	0.5	1/8	1/8	Chord	4/4	1	1	1/8	1/8	1	411	wer									
38	38	149	149	0.75	1/4	1/4	Chord	4/4	1	1	3/16	1/8	3/2	412	will									
38	38	599/4	599/4	0.25	7/16	7/16	Chord	4/4	1	1	1/16	1/16	1	413	ver-									
38	38	150	150	1.0	1/2	1/2	Chord	4/4	1	1	1/4	1/4	1	414	dam-									
38	38	151	151	1.0	3/4	3/4	Chord	4/4	1	1	1/4	1/4	1	415	men?									
38	38	148	148	2.0	0	0	Chord	4/4	2	1	1/2	1/2	1	416	ist,									
38	38	301/2	301/2	0.5	5/8	5/8	Chord	4/4	2	1	1/8	1/8	1	417	wer									
38	38	151	151	0.75	3/4	3/4	Chord	4/4	2	1	3/16	1/8	3/2	418	will									
38	38	607/4	607/4	0.25	15/16	15/16	Chord	4/4	2	1	1/16	1/16	1	419	ver-									
38	38	148	148	1.0	0	0	Chord	4/4	3	1	1/4	1/4	1	420	dam-									
38	38	149	149	1.0	1/4	1/4	Chord	4/4	3	1	1/4	1/4	1	421	men?									
38	38	148	148	2.0	0	0	Chord	4/4	4	1	1/2	1/2	1	422	ist,									
38	38	148	148	2.0	0	0	Chord	4/4	5	1	1/2	1/2	1	423										
38	38	150	150	2.0	1/2	1/2	Chord	4/4	5	1	1/2	1/2	1	424										
39	39	152	152	1.0	0	0	Chord	4/4	2	1	1/4	1/4	1	425	dam-									
39	39	153	153	1.0	1/4	1/4	Chord	4/4	2	1	1/4	1/4	1	426	men?									
39	39	305/2	305/2	0.5	1/8	1/8	Chord	4/4	4	1	1/8	1/8	1	427	wer									
39	39	153	153	0.75	1/4	1/4	Chord	4/4	4	1	3/16	1/8	3/2	428	will									
39	39	615/4	615/4	0.25	7/16	7/16	Chord	4/4	4	1	1/16	1/16	1	429	ver-									
39	39	154	154	1.0	1/2	1/2	Chord	4/4	4	1	1/4	1/4	1	430	dam-									
39	39	155	155	1.0	3/4	3/4	Chord	4/4	4	1	1/4	1/4	1	431	men?									
39	39	152	152	2.0	0	0	Chord	4/4	5	1	1/2	1/2	1	432										
39	39	154	154	2.0	1/2	1/2	Chord	4/4	5	1	1/2	1/2	1	433										
40	40	158	158	1.0	1/2	1/2	Chord	4/4	1	1	1/4	1/4	1	434	Chri-									
40	40	159	159	0.5	3/4	3/4	Chord	4/4	1	1	1/8	1/8	1	435	stus									
40	40	319/2	319/2	0.5	7/8	7/8	Chord	4/4	1	1	1/8	1/8	1	436	ist									
40	40	156	156	1.0	0	0	Chord	4/4	3	1	1/4	1/4	1	437	Chri-									
40	40	157	157	0.5	1/4	1/4	Chord	4/4	3	1	1/8	1/8	1	438	stus									
40	40	315/2	315/2	0.5	3/8	3/8	Chord	4/4	3	1	1/8	1/8	1	439	ist									
40	40	158	158	2.0	1/2	1/2	Chord	4/4	3	1	1/2	1/2	1	440	hie,									
40	40	156	156	1.0	0	0	Chord	4/4	4	1	1/4	1/4	1	441										
40	40	157	157	1.0	1/4	1/4	Chord	4/4	4	1	1/4	1/4	1	442										
40	40	158	158	2.0	1/2	1/2	Chord	4/4	4	1	1/2	1/2	1	443										
41	41	160	160	3.0	0	0	Chord	4/4	1	1	3/4	1/2	3/2	444	hie,									
41	41	163	163	0.5	3/4	3/4	Chord	4/4	1	1	1/8	1/8	1	445	der									
41	41	327/2	327/2	0.5	7/8	7/8	Chord	4/4	1	1	1/8	1/8	1	446	ge-									
41	41	160	160	1.0	0	0	Chord	4/4	3	1	1/4	1/4	1	447										
41	41	161	161	0.5	1/4	1/4	Chord	4/4	3	1	1/8	1/8	1	448	der									
41	41	323/2	323/2	0.5	3/8	3/8	Chord	4/4	3	1	1/8	1/8	1	449	ge-									
41	41	162	162	1.0	1/2	1/2	Chord	4/4	3	1	1/4	1/4	1	450	stor-									8
41	41	163	163	1.0	3/4	3/4	Chord	4/4	3	1	1/4	1/4	1	451										8
41	41	160	160	2.0	0	0	Chord	4/4	4	1	1/2	1/2	1	452										
41	41	162	162	0.0	1/2	1/2	StaffText	4/4	4	1	0							1						
41	41	162	162	1.0	1/2	1/2	Chord	4/4	4	1	1/4	1/4	1	453										9
41	41	163	163	1.0	3/4	3/4	Chord	4/4	4	1	1/4	1/4	1	454	4									9
42	42	164	164	1.5	0	0	Chord	4/4	1	1	3/8	1/4	3/2	455	stor-									
42	42	331/2	331/2	0.5	3/8	3/8	Chord	4/4	1	1	1/8	1/8	1	456	ben									
42	42	166	166	0.5	1/2	1/2	Chord	4/4	1	1	1/8	1/8	1	457	ist,									
42	42	333/2	333/2	0.5	5/8	5/8	Chord	4/4	1	1	1/8	1/8	1	458	wer									
42	42	167	167	0.75	3/4	3/4	Chord	4/4	1	1	3/16	1/8	3/2	459	will									
42	42	671/4	671/4	0.25	15/16	15/16	Chord	4/4	1	1	1/16	1/16	1	460	ver-									
42	42	164	164	1.0	0	0	Chord	4/4	3	1	1/4	1/4	1	461										
42	42	165	165	1.0	1/4	1/4	Chord	4/4	3	1	1/4	1/4	1	462	ben									
42	42	166	166	2.0	1/2	1/2	Chord	4/4	3	1	1/2	1/2	1	463	ist,									
42	42	164	164	1.0	0	0	Chord	4/4	4	1	1/4	1/4	1	464										
42	42	165	165	1.0	1/4	1/4	Chord	4/4	4	1	1/4	1/4	1	465										
42	42	166	166	2.0	1/2	1/2	Chord	4/4	4	1	1/2	1/2	1	466										
43	43	168	168	1.0	0	0	Chord	4/4	1	1	1/4	1/4	1	467	dam-									
43	43	169	169	1.0	1/4	1/4	Chord	4/4	1	1	1/4	1/4	1	468	men?									
43	43	337/2	337/2	0.5	1/8	1/8	Chord	4/4	2	1	1/8	1/8	1	469	wer									
43	43	169	169	0.75	1/4	1/4	Chord	4/4	2	1	3/16	1/8	3/2	470	wil									
43	43	679/4	679/4	0.25	7/16	7/16	Chord	4/4	2	1	1/16	1/16	1	471	ver-									
43	43	170	170	1.0	1/2	1/2	Chord	4/4	2	1	1/4	1/4	1	472	dam-									
43	43	171	171	1.0	3/4	3/4	Chord	4/4	2	1	1/4	1/4	1	473	men?									
43	43	341/2	341/2	0.5	5/8	5/8	Chord	4/4	3	1	1/8	1/8	1	474	wer									
43	43	171	171	0.75	3/4	3/4	Chord	4/4	3	1	3/16	1/8	3/2	475	will									
43	43	687/4	687/4	0.25	15/16	15/16	Chord	4/4	3	1	1/16	1/16	1	476	ver-									
43	43	168	168	2.0	0	0	Chord	4/4	4	1	1/2	1/2	1	477										
43	43	170	170	2.0	1/2	1/2	Chord	4/4	4	1	1/2	1/2	1	478										
44	44	172	172	1.0	0	0	Chord	4/4	2	1	1/4	1/4	1	479	dam-									
44	44	173	173	1.0	1/4	1/4	Chord	4/4	2	1	1/4	1/4	1	480	men?									
44	44	345/2	345/2	0.5	1/8	1/8	Chord	4/4	3	1	1/8	1/8	1	481	wer									
44	44	173	173	0.75	1/4	1/4	Chord	4/4	3	1	3/16	1/8	3/2	482	will									
44	44	695/4	695/4	0.25	7/16	7/16	Chord	4/4	3	1	1/16	1/16	1	483	ver-									
44	44	174	174	1.0	1/2	1/2	Chord	4/4	3	1	1/4	1/4	1	484	dam-									
44	44	175	175	1.0	3/4	3/4	Chord	4/4	3	1	1/4	1/4	1	485	men?									
44	44	172	172	2.0	0	0	Chord	4/4	4	1	1/2	1/2	1	486										
44	44	174	174	2.0	1/2	1/2	Chord	4/4	4	1	1/2	1/2	1	487										
45	45	178	178	1.0	1/2	1/2	Chord	4/4	1	1	1/4	1/4	1	488	Chri-									
45	45	179	179	0.5	3/4	3/4	Chord	4/4	1	1	1/8	1/8	1	489	stus									
45	45	359/2	359/2	0.5	7/8	7/8	Chord	4/4	1	1	1/8	1/8	1	490	ist									
45	45	176	176	1.0	0	0	Chord	4/4	2	1	1/4	1/4	1	491	Chri-									
45	45	177	177	0.5	1/4	1/4	Chord	4/4	2	1	1/8	1/8	1	492	stus									
45	45	355/2	355/2	0.5	3/8	3/8	Chord	4/4	2	1	1/8	1/8	1	493	is									
45	45	178	178	2.0	1/2	1/2	Chord	4/4	2	1	1/2	1/2	1	494	hie,									
45	45	176	176	1.0	0	0	Chord	4/4	3	1	1/4	1/4	1	495	Chn-									
45	45	177	177	0.5	1/4	1/4	Chord	4/4	3	1	1/8	1/8	1	496	stus									
45	45	355/2	355/2	0.5	3/8	3/8	Chord	4/4	3	1	1/8	1/8	1	497	is									
45	45	178	178	2.0	1/2	1/2	Chord	4/4	3	1	1/2	1/2	1	498	hie,									
45	45	176	176	1.0	0	0	Chord	4/4	4	1	1/4	1/4	1	499										
45	45	177	177	0.5	1/4	1/4	Chord	4/4	4	1	1/8	1/8	1	500										
45	45	355/2	355/2	0.5	3/8	3/8	Chord	4/4	4	1	1/8	1/8	1	501										
45	45	178	178	2.0	1/2	1/2	Chord	4/4	4	1	1/2	1/2	1	502										
46	46	180	180	3.0	0	0	Chord	4/4	1	1	3/4	1/2	3/2	503	hie,									
46	46	183	183	0.5	3/4	3/4	Chord	4/4	1	1	1/8	1/8	1	504	der									
46	46	367/2	367/2	0.5	7/8	7/8	Chord	4/4	1	1	1/8	1/8	1	505	ge-									
46	46	180	180	1.0	0	0	Chord	4/4	2	1	1/4	1/4	1	506										
46	46	181	181	0.5	1/4	1/4	Chord	4/4	2	1	1/8	1/8	1	507	der									
46	46	363/2	363/2	0.5	3/8	3/8	Chord	4/4	2	1	1/8	1/8	1	508	ge-									
46	46	182	182	1.0	1/2	1/2	Chord	4/4	2	1	1/4	1/4	1	509	st√∂r-									10
46	46	183	183	1.0	3/4	3/4	Chord	4/4	2	1	1/4	1/4	1	510										10
46	46	180	180	1.0	0	0	Chord	4/4	3	1	1/4	1/4	1	511										
46	46	181	181	0.5	1/4	1/4	Chord	4/4	3	1	1/8	1/8	1	512	der									
46	46	363/2	363/2	0.5	3/8	3/8	Chord	4/4	3	1	1/8	1/8	1	513	ge-									
46	46	182	182	2.0	1/2	1/2	Chord	4/4	3	1	1/2	1/2	1	514	st√∂r-									
46	46	180	180	1.0	0	0	Chord	4/4	4	1	1/4	1/4	1	515										
46	46	181	181	0.5	1/4	1/4	Chord	4/4	4	1	1/8	1/8	1	516										
46	46	363/2	363/2	0.5	3/8	3/8	Chord	4/4	4	1	1/8	1/8	1	517										
46	46	182	182	1.0	1/2	1/2	Chord	4/4	4	1	1/4	1/4	1	518	3									11
46	46	183	183	1.0	3/4	3/4	Chord	4/4	4	1	1/4	1/4	1	519	4									11
47	47	184	184	1.0	0	0	Chord	4/4	1	1	1/4	1/4	1	520	stor-									
47	47	185	185	1.0	1/4	1/4	Chord	4/4	1	1	1/4	1/4	1	521	ben									
47	47	186	186	2.0	1/2	1/2	Chord	4/4	1	1	1/2	1/2	1	522	ist,									
47	47	184	184	1.0	0	0	Chord	4/4	2	1	1/4	1/4	1	523										
47	47	185	185	1.0	1/4	1/4	Chord	4/4	2	1	1/4	1/4	1	524	ben									
47	47	186	186	2.0	1/2	1/2	Chord	4/4	2	1	1/2	1/2	1	525	ist,									
47	47	184	184	1.0	0	0	Chord	4/4	3	1	1/4	1/4	1	526										
47	47	185	185	1.0	1/4	1/4	Chord	4/4	3	1	1/4	1/4	1	527	ben									
47	47	186	186	2.0	1/2	1/2	Chord	4/4	3	1	1/2	1/2	1	528	ist,									
47	47	184	184	1.0	0	0	Chord	4/4	4	1	1/4	1/4	1	529										
47	47	185	185	1.0	1/4	1/4	Chord	4/4	4	1	1/4	1/4	1	530	3									
47	47	186	186	2.0	1/2	1/2	Chord	4/4	4	1	1/2	1/2	1	531										
48	48	188	188	0.5	0	0	Chord	4/4	1	1	1/8	1/8	1	532	ja									
48	48	377/2	377/2	0.5	1/8	1/8	Chord	4/4	1	1	1/8	1/8	1	533	viel-									
48	48	189	189	1.0	1/4	1/4	Chord	4/4	1	1	1/4	1/4	1	534	mehr,									
48	48	190	190	0.5	1/2	1/2	Chord	4/4	1	1	1/8	1/8	1	535	der									
48	48	381/2	381/2	0.5	5/8	5/8	Chord	4/4	1	1	1/8	1/8	1	536	auch									
48	48	191	191	0.5	3/4	3/4	Chord	4/4	1	1	1/8	1/8	1	537	auf-									
48	48	383/2	383/2	0.5	7/8	7/8	Chord	4/4	1	1	1/8	1/8	1	538	er-									
48	48	188	188	2.0	0	0	Chord	4/4	4	1	1/2	1/2	1	539										
48	48	190	190	2.0	1/2	1/2	Chord	4/4	4	1	1/2	1/2	1	540										
49	49	192	192	0.5	0	0	Chord	4/4	1	1	1/8	1/8	1	541	we-									
49	49	385/2	385/2	0.5	1/8	1/8	Chord	4/4	1	1	1/8	1/8	1	542	cket									
49	49	193	193	1.0	1/4	1/4	Chord	4/4	1	1	1/4	1/4	1	543	ist,									
49	49	389/2	389/2	0.5	5/8	5/8	Chord	4/4	1	1	1/8	1/8	1	544	sitzt									
49	49	195	195	0.5	3/4	3/4	Chord	4/4	1	1	1/8	1/8	1	545	zu									
49	49	391/2	391/2	0.5	7/8	7/8	Chord	4/4	1	1	1/8	1/8	1	546	der									
49	49	192	192	0.5	0	0	Chord	4/4	2	1	1/8	1/8	1	547	ja									
49	49	385/2	385/2	0.5	1/8	1/8	Chord	4/4	2	1	1/8	1/8	1	548	viel-									
49	49	193	193	1.0	1/4	1/4	Chord	4/4	2	1	1/4	1/4	1	549	mehr,									
49	49	194	194	0.5	1/2	1/2	Chord	4/4	2	1	1/8	1/8	1	550	der									
49	49	389/2	389/2	0.5	5/8	5/8	Chord	4/4	2	1	1/8	1/8	1	551	auch									
49	49	195	195	0.5	3/4	3/4	Chord	4/4	2	1	1/8	1/8	1	552	auf-									
49	49	391/2	391/2	0.5	7/8	7/8	Chord	4/4	2	1	1/8	1/8	1	553	er-									
49	49	192	192	4.0	0	0	Chord	4/4	4	1	1	1	1	554										
50	50	196	196	1.5	0	0	Chord	4/4	1	1	3/8	1/4	3/2	555	Rech-									
50	50	395/2	395/2	0.5	3/8	3/8	Chord	4/4	1	1	1/8	1/8	1	556	ten									
50	50	198	198	1.0	1/2	1/2	Chord	4/4	1	1	1/4	1/4	1	557	Got-									
50	50	199	199	1.0	3/4	3/4	Chord	4/4	1	1	1/4	1/4	1	558	tes,									
50	50	196	196	0.5	0	0	Chord	4/4	2	1	1/8	1/8	1	559	we-									
50	50	393/2	393/2	0.5	1/8	1/8	Chord	4/4	2	1	1/8	1/8	1	560	cket									
50	50	197	197	1.0	1/4	1/4	Chord	4/4	2	1	1/4	1/4	1	561	ist,									
50	50	397/2	397/2	0.5	5/8	5/8	Chord	4/4	2	1	1/8	1/8	1	562	sitzt									
50	50	199	199	0.5	3/4	3/4	Chord	4/4	2	1	1/8	1/8	1	563	zu									
50	50	399/2	399/2	0.5	7/8	7/8	Chord	4/4	2	1	1/8	1/8	1	564	der									
50	50	196	196	0.5	0	0	Chord	4/4	3	1	1/8	1/8	1	565	ja									
50	50	393/2	393/2	0.5	1/8	1/8	Chord	4/4	3	1	1/8	1/8	1	566	viel-									
50	50	197	197	1.0	1/4	1/4	Chord	4/4	3	1	1/4	1/4	1	567	mehr,									
50	50	198	198	0.5	1/2	1/2	Chord	4/4	3	1	1/8	1/8	1	568	der									
50	50	397/2	397/2	0.5	5/8	5/8	Chord	4/4	3	1	1/8	1/8	1	569	auch									
50	50	199	199	0.5	3/4	3/4	Chord	4/4	3	1	1/8	1/8	1	570	auf-									
50	50	399/2	399/2	0.5	7/8	7/8	Chord	4/4	3	1	1/8	1/8	1	571	er-									
50	50	196	196	4.0	0	0	Chord	4/4	4	1	1	1	1	572										
51	51	200	200	1.5	0	0	Chord	4/4	2	1	3/8	1/4	3/2	573	Rech-									
51	51	403/2	403/2	0.5	3/8	3/8	Chord	4/4	2	1	1/8	1/8	1	574	ten									
51	51	202	202	1.0	1/2	1/2	Chord	4/4	2	1	1/4	1/4	1	575	Got-									
51	51	203	203	1.0	3/4	3/4	Chord	4/4	2	1	1/4	1/4	1	576	tes									
51	51	200	200	0.5	0	0	Chord	4/4	3	1	1/8	1/8	1	577	we-									
51	51	401/2	401/2	0.5	1/8	1/8	Chord	4/4	3	1	1/8	1/8	1	578	cket									
51	51	201	201	1.0	1/4	1/4	Chord	4/4	3	1	1/4	1/4	1	579	ist,									
51	51	405/2	405/2	0.5	5/8	5/8	Chord	4/4	3	1	1/8	1/8	1	580	sitzt									
51	51	203	203	0.5	3/4	3/4	Chord	4/4	3	1	1/8	1/8	1	581	zu									
51	51	407/2	407/2	0.5	7/8	7/8	Chord	4/4	3	1	1/8	1/8	1	582	der									
51	51	200	200	0.5	0	0	Chord	4/4	4	1	1/8	1/8	1	583	ja									
51	51	401/2	401/2	0.5	1/8	1/8	Chord	4/4	4	1	1/8	1/8	1	584	viel-									
51	51	201	201	1.0	1/4	1/4	Chord	4/4	4	1	1/4	1/4	1	585	mehr,									
51	51	202	202	0.5	1/2	1/2	Chord	4/4	4	1	1/8	1/8	1	586	der									
51	51	405/2	405/2	0.5	5/8	5/8	Chord	4/4	4	1	1/8	1/8	1	587	auch									
51	51	203	203	0.5	3/4	3/4	Chord	4/4	4	1	1/8	1/8	1	588	auf-									
51	51	407/2	407/2	0.5	7/8	7/8	Chord	4/4	4	1	1/8	1/8	1	589	er-									
51	51	200	200	4.0	0	0	Chord	4/4	5	1	1	1	1	590										
52	52	204	204	0.5	0	0	Chord	4/4	1	1	1/8	1/8	1	591	ja									
52	52	409/2	409/2	0.5	1/8	1/8	Chord	4/4	1	1	1/8	1/8	1	592	viel-									
52	52	205	205	1.0	1/4	1/4	Chord	4/4	1	1	1/4	1/4	1	593	mehr,									
52	52	206	206	0.5	1/2	1/2	Chord	4/4	1	1	1/8	1/8	1	594	der									
52	52	413/2	413/2	0.5	5/8	5/8	Chord	4/4	1	1	1/8	1/8	1	595	auch									
52	52	207	207	0.5	3/4	3/4	Chord	4/4	1	1	1/8	1/8	1	596	auf-									
52	52	415/2	415/2	0.5	7/8	7/8	Chord	4/4	1	1	1/8	1/8	1	597	er-									
52	52	204	204	1.5	0	0	Chord	4/4	3	1	3/8	1/4	3/2	598	Rech-									
52	52	411/2	411/2	0.5	3/8	3/8	Chord	4/4	3	1	1/8	1/8	1	599	ten									
52	52	206	206	1.0	1/2	1/2	Chord	4/4	3	1	1/4	1/4	1	600	Got-									
52	52	207	207	1.0	3/4	3/4	Chord	4/4	3	1	1/4	1/4	1	601	tes,									
52	52	204	204	0.5	0	0	Chord	4/4	4	1	1/8	1/8	1	602	we-									
52	52	409/2	409/2	0.5	1/8	1/8	Chord	4/4	4	1	1/8	1/8	1	603	cket									
52	52	205	205	1.0	1/4	1/4	Chord	4/4	4	1	1/4	1/4	1	604	ist,									
52	52	204	204	2.0	0	0	Chord	4/4	5	1	1/2	1/2	1	605										
52	52	206	206	2.0	1/2	1/2	Chord	4/4	5	1	1/2	1/2	1	606										
53	53	208	208	0.5	0	0	Chord	4/4	1	1	1/8	1/8	1	607	we-									
53	53	417/2	417/2	0.5	1/8	1/8	Chord	4/4	1	1	1/8	1/8	1	608	cket									
53	53	209	209	1.0	1/4	1/4	Chord	4/4	1	1	1/4	1/4	1	609	ist,									
53	53	421/2	421/2	0.5	5/8	5/8	Chord	4/4	1	1	1/8	1/8	1	610	sitzt									
53	53	211	211	0.5	3/4	3/4	Chord	4/4	1	1	1/8	1/8	1	611	zu									
53	53	423/2	423/2	0.5	7/8	7/8	Chord	4/4	1	1	1/8	1/8	1	612	der									
53	53	421/2	421/2	0.5	5/8	5/8	Chord	4/4	2	1	1/8	1/8	1	613	sitzt									
53	53	211	211	0.5	3/4	3/4	Chord	4/4	2	1	1/8	1/8	1	614	zu									
53	53	423/2	423/2	0.5	7/8	7/8	Chord	4/4	2	1	1/8	1/8	1	615	der									
53	53	421/2	421/2	0.5	5/8	5/8	Chord	4/4	3	1	1/8	1/8	1	616	sitzt									
53	53	211	211	0.5	3/4	3/4	Chord	4/4	3	1	1/8	1/8	1	617	zu									
53	53	423/2	423/2	0.5	7/8	7/8	Chord	4/4	3	1	1/8	1/8	1	618	der									
53	53	421/2	421/2	0.5	5/8	5/8	Chord	4/4	4	1	1/8	1/8	1	619	sitzt									
53	53	211	211	0.5	3/4	3/4	Chord	4/4	4	1	1/8	1/8	1	620	zu									
53	53	423/2	423/2	0.5	7/8	7/8	Chord	4/4	4	1	1/8	1/8	1	621	der									
53	53	208	208	2.0	0	0	Chord	4/4	5	1	1/2	1/2	1	622										
53	53	210	210	1.0	1/2	1/2	Chord	4/4	5	1	1/4	1/4	1	623										
53	53	211	211	0.5	3/4	3/4	Chord	4/4	5	1	1/8	1/8	1	624										
53	53	423/2	423/2	0.5	7/8	7/8	Chord	4/4	5	1	1/8	1/8	1	625										
54	54	212	212	1.0	0	0	Chord	4/4	1	1	1/4	1/4	1	626	Rech-									
54	54	213	213	1.0	1/4	1/4	Chord	4/4	1	1	1/4	1/4	1	627	ten									
54	54	214	214	1.0	1/2	1/2	Chord	4/4	1	1	1/4	1/4	1	628	Got-									
54	54	215	215	1.0	3/4	3/4	Chord	4/4	1	1	1/4	1/4	1	629	tes									
54	54	212	212	1.0	0	0	Chord	4/4	2	1	1/4	1/4	1	630	Rech-									
54	54	213	213	1.0	1/4	1/4	Chord	4/4	2	1	1/4	1/4	1	631	ten									
54	54	214	214	1.0	1/2	1/2	Chord	4/4	2	1	1/4	1/4	1	632	Got-									
54	54	215	215	1.0	3/4	3/4	Chord	4/4	2	1	1/4	1/4	1	633	tes									
54	54	212	212	1.0	0	0	Chord	4/4	3	1	1/4	1/4	1	634	Rech-									
54	54	213	213	1.0	1/4	1/4	Chord	4/4	3	1	1/4	1/4	1	635	ten									
54	54	214	214	1.0	1/2	1/2	Chord	4/4	3	1	1/4	1/4	1	636	Got-									
54	54	215	215	1.0	3/4	3/4	Chord	4/4	3	1	1/4	1/4	1	637	tes									
54	54	212	212	1.0	0	0	Chord	4/4	4	1	1/4	1/4	1	638	Rech-									
54	54	213	213	1.0	1/4	1/4	Chord	4/4	4	1	1/4	1/4	1	639	ten									
54	54	214	214	1.0	1/2	1/2	Chord	4/4	4	1	1/4	1/4	1	640	Got-									
54	54	215	215	1.0	3/4	3/4	Chord	4/4	4	1	1/4	1/4	1	641	tes									
54	54	212	212	1.0	0	0	Chord	4/4	5	1	1/4	1/4	1	642										
54	54	213	213	1.0	1/4	1/4	Chord	4/4	5	1	1/4	1/4	1	643										
54	54	214	214	1.0	1/2	1/2	Chord	4/4	5	1	1/4	1/4	1	644										
54	54	215	215	1.0	3/4	3/4	Chord	4/4	5	1	1/4	1/4	1	645										
55	55	217	217	2.0	1/4	1/4	Chord	4/4	1	1	1/2	1/2	1	646	und									
55	55	219	219	1.0	3/4	3/4	Chord	4/4	1	1	1/4	1/4	1	647	ver-									
55	55	219	219	1.0	3/4	3/4	Chord	4/4	2	1	1/4	1/4	1	648	und									
55	55	217	217	2.0	1/4	1/4	Chord	4/4	3	1	1/2	1/2	1	649	und									
55	55	219	219	1.0	3/4	3/4	Chord	4/4	3	1	1/4	1/4	1	650	ver-									
55	55	217	217	2.0	1/4	1/4	Chord	4/4	4	1	1/2	1/2	1	651	und									
55	55	219	219	1.0	3/4	3/4	Chord	4/4	4	1	1/4	1/4	1	652	ver-									
55	55	217	217	2.0	1/4	1/4	Chord	4/4	5	1	1/2	1/2	1	653										
55	55	219	219	1.0	3/4	3/4	Chord	4/4	5	1	1/4	1/4	1	654										
56	56	220	220	4.0	0	0	Chord	4/4	1	1	1	1	1	655	tritt									
56	56	220	220	1.0	0	0	Chord	4/4	2	1	1/4	1/4	1	656										
56	56	221	221	1.0	1/4	1/4	Chord	4/4	2	1	1/4	1/4	1	657	ver-									
56	56	222	222	2.0	1/2	1/2	Chord	4/4	2	1	1/2	1/2	1	658	tritt									
56	56	220	220	1.0	0	0	Chord	4/4	3	1	1/4	1/4	1	659	tritt									12
56	56	221	221	2.0	1/4	1/4	Chord	4/4	3	1	1/2	1/2	1	660										12
56	56	223	223	1.0	3/4	3/4	Chord	4/4	3	1	1/4	1/4	1	661										
56	56	220	220	4.0	0	0	Chord	4/4	4	1	1	1	1	662	tritt									
56	56	220	220	1.0	0	0	Chord	4/4	5	1	1/4	1/4	1	663	7									
56	56	221	221	1.0	1/4	1/4	Chord	4/4	5	1	1/4	1/4	1	664	6	4								
56	56	222	222	1.0	1/2	1/2	Chord	4/4	5	1	1/4	1/4	1	665		4								
56	56	223	223	1.0	3/4	3/4	Chord	4/4	5	1	1/4	1/4	1	666										
57	57	224	224	2.0	0	0	Chord	4/4	1	1	1/2	1/2	1	667	uns,									
57	57	227	227	1.0	3/4	3/4	Chord	4/4	1	1	1/4	1/4	1	668	und									
57	57	224	224	2.0	0	0	Chord	4/4	2	1	1/2	1/2	1	669	uns,									
57	57	227	227	1.0	3/4	3/4	Chord	4/4	2	1	1/4	1/4	1	670	und									
57	57	224	224	2.0	0	0	Chord	4/4	3	1	1/2	1/2	1	671	uns,									
57	57	224	224	2.0	0	0	Chord	4/4	4	1	1/2	1/2	1	672	uns,									
57	57	227	227	1.0	3/4	3/4	Chord	4/4	4	1	1/4	1/4	1	673	und									
57	57	224	224	2.0	0	0	Chord	4/4	5	1	1/2	1/2	1	674										
57	57	227	227	1.0	3/4	3/4	Chord	4/4	5	1	1/4	1/4	1	675										
58	58	228	228	1.0	0	0	Chord	4/4	1	1	1/4	1/4	1	676										
58	58	229	229	1.0	1/4	1/4	Chord	4/4	1	1	1/4	1/4	1	677	ver-									
58	58	230	230	1.0	1/2	1/2	Chord	4/4	1	1	1/4	1/4	1	678	tritt									13
58	58	231	231	1.0	3/4	3/4	Chord	4/4	1	1	1/4	1/4	1	679										13
58	58	228	228	1.0	0	0	Chord	4/4	2	1	1/4	1/4	1	680										
58	58	229	229	1.0	1/4	1/4	Chord	4/4	2	1	1/4	1/4	1	681	ver-									
58	58	230	230	2.0	1/2	1/2	Chord	4/4	2	1	1/2	1/2	1	682	tritt									
58	58	229	229	2.0	1/4	1/4	Chord	4/4	3	1	1/2	1/2	1	683	und									
58	58	231	231	1.0	3/4	3/4	Chord	4/4	3	1	1/4	1/4	1	684	ver-									
58	58	228	228	1.0	0	0	Chord	4/4	4	1	1/4	1/4	1	685										
58	58	229	229	1.0	1/4	1/4	Chord	4/4	4	1	1/4	1/4	1	686	ver-									
58	58	230	230	0.25	1/2	1/2	Chord	4/4	4	1	1/16	1/16	1	687	tritt									14
58	58	921/4	921/4	0.75	9/16	9/16	Chord	4/4	4	1	3/16	1/8	3/2	688										14
58	58	231	231	0.25	3/4	3/4	Chord	4/4	4	1	1/16	1/16	1	689										14
58	58	925/4	925/4	0.75	13/16	13/16	Chord	4/4	4	1	3/16	1/8	3/2	690										14
58	58	228	228	1.0	0	0	Chord	4/4	5	1	1/4	1/4	1	691										
58	58	229	229	1.0	1/4	1/4	Chord	4/4	5	1	1/4	1/4	1	692										
58	58	230	230	1.0	1/2	1/2	Chord	4/4	5	1	1/4	1/4	1	693	7									15
58	58	231	231	1.0	3/4	3/4	Chord	4/4	5	1	1/4	1/4	1	694	6	4								15
59	59	232	232	1.0	0	0	Chord	4/4	1	1	1/4	1/4	1	695										13
59	59	233	233	0.5	1/4	1/4	Chord	4/4	1	1	1/8	1/8	1	696										13
59	59	467/2	467/2	0.5	3/8	3/8	Chord	4/4	1	1	1/8	1/8	1	697										13
59	59	234	234	2.0	1/2	1/2	Chord	4/4	1	1	1/2	1/2	1	698										
59	59	232	232	4.0	0	0	Chord	4/4	2	1	1	1	1	699										
59	59	232	232	4.0	0	0	Chord	4/4	3	1	1	1	1	700	tritt									
59	59	232	232	4.0	0	0	Chord	4/4	4	1	1	1	1	701										
59	59	232	232	2.0	0	0	Chord	4/4	5	1	1/2	1/2	1	702	4									
59	59	234	234	2.0	1/2	1/2	Chord	4/4	5	1	1/2	1/2	1	703										
60	60	236	236	2.0	0	0	Chord	4/4	1	1	1/2	1/2	1	704	uns.									
60	60	236	236	2.0	0	0	Chord	4/4	2	1	1/2	1/2	1	705	uns.									
60	60	477/2	477/2	0.5	5/8	5/8	Chord	4/4	2	1	1/8	1/8	1	706	Al-									
60	60	239	239	0.5	3/4	3/4	Chord	4/4	2	1	1/8	1/8	1	707	le-									
60	60	479/2	479/2	0.5	7/8	7/8	Chord	4/4	2	1	1/8	1/8	1	708	lu-									
60	60	236	236	2.0	0	0	Chord	4/4	3	1	1/2	1/2	1	709	uns.									
60	60	236	236	2.0	0	0	Chord	4/4	4	1	1/2	1/2	1	710	uns.									
60	60	236	236	2.0	0	0	Chord	4/4	5	1	1/2	1/2	1	711										
60	60	238	238	1.0	1/2	1/2	Chord	4/4	5	1	1/4	1/4	1	712										
60	60	239	239	1.0	3/4	3/4	Chord	4/4	5	1	1/4	1/4	1	713										
61	61	240	240	0.5	0	0	Chord	4/4	2	1	1/8	1/8	1	714	ja,									16
61	61	481/2	481/2	0.25	1/8	1/8	Chord	4/4	2	1	1/16	1/16	1	715										16
61	61	963/4	963/4	0.25	3/16	3/16	Chord	4/4	2	1	1/16	1/16	1	716										16
61	61	241	241	0.5	1/4	1/4	Chord	4/4	2	1	1/8	1/8	1	717										16
61	61	483/2	483/2	0.25	3/8	3/8	Chord	4/4	2	1	1/16	1/16	1	718										16
61	61	967/4	967/4	0.25	7/16	7/16	Chord	4/4	2	1	1/16	1/16	1	719										16
61	61	242	242	0.5	1/2	1/2	Chord	4/4	2	1	1/8	1/8	1	720										16
61	61	485/2	485/2	0.25	5/8	5/8	Chord	4/4	2	1	1/16	1/16	1	721										16
61	61	971/4	971/4	0.25	11/16	11/16	Chord	4/4	2	1	1/16	1/16	1	722										16
61	61	243	243	0.5	3/4	3/4	Chord	4/4	2	1	1/8	1/8	1	723										16
61	61	487/2	487/2	0.25	7/8	7/8	Chord	4/4	2	1	1/16	1/16	1	724										16
61	61	975/4	975/4	0.25	15/16	15/16	Chord	4/4	2	1	1/16	1/16	1	725										16
61	61	485/2	485/2	0.5	5/8	5/8	Chord	4/4	3	1	1/8	1/8	1	726	Al-									
61	61	243	243	0.5	3/4	3/4	Chord	4/4	3	1	1/8	1/8	1	727	le-									
61	61	487/2	487/2	0.5	7/8	7/8	Chord	4/4	3	1	1/8	1/8	1	728	lu-									
61	61	240	240	1.0	0	0	Chord	4/4	5	1	1/4	1/4	1	729										
61	61	241	241	1.0	1/4	1/4	Chord	4/4	5	1	1/4	1/4	1	730										
61	61	242	242	1.0	1/2	1/2	Chord	4/4	5	1	1/4	1/4	1	731										
61	61	243	243	1.0	3/4	3/4	Chord	4/4	5	1	1/4	1/4	1	732										
62	62	489/2	489/2	0.5	1/8	1/8	Chord	4/4	1	1	1/8	1/8	1	733	Al-									
62	62	245	245	0.5	1/4	1/4	Chord	4/4	1	1	1/8	1/8	1	734	le-									
62	62	491/2	491/2	0.5	3/8	3/8	Chord	4/4	1	1	1/8	1/8	1	735	lu-									
62	62	246	246	0.5	1/2	1/2	Chord	4/4	1	1	1/8	1/8	1	736	ja,									17
62	62	493/2	493/2	0.25	5/8	5/8	Chord	4/4	1	1	1/16	1/16	1	737										17
62	62	987/4	987/4	0.25	11/16	11/16	Chord	4/4	1	1	1/16	1/16	1	738										17
62	62	247	247	0.5	3/4	3/4	Chord	4/4	1	1	1/8	1/8	1	739										17
62	62	495/2	495/2	0.25	7/8	7/8	Chord	4/4	1	1	1/16	1/16	1	740										17
62	62	991/4	991/4	0.25	15/16	15/16	Chord	4/4	1	1	1/16	1/16	1	741										17
62	62	244	244	1.0	0	0	Chord	4/4	2	1	1/4	1/4	1	742										
62	62	491/2	491/2	0.5	3/8	3/8	Chord	4/4	2	1	1/8	1/8	1	743	Al-									
62	62	246	246	1.0	1/2	1/2	Chord	4/4	2	1	1/4	1/4	1	744	le-									
62	62	247	247	1.0	3/4	3/4	Chord	4/4	2	1	1/4	1/4	1	745	lu-									
62	62	244	244	0.5	0	0	Chord	4/4	3	1	1/8	1/8	1	746	ja,									18
62	62	489/2	489/2	0.25	1/8	1/8	Chord	4/4	3	1	1/16	1/16	1	747										18
62	62	979/4	979/4	0.25	3/16	3/16	Chord	4/4	3	1	1/16	1/16	1	748										18
62	62	245	245	0.5	1/4	1/4	Chord	4/4	3	1	1/8	1/8	1	749										18
62	62	491/2	491/2	0.25	3/8	3/8	Chord	4/4	3	1	1/16	1/16	1	750										18
62	62	983/4	983/4	0.25	7/16	7/16	Chord	4/4	3	1	1/16	1/16	1	751										18
62	62	246	246	0.5	1/2	1/2	Chord	4/4	3	1	1/8	1/8	1	752										18
62	62	493/2	493/2	0.25	5/8	5/8	Chord	4/4	3	1	1/16	1/16	1	753										18
62	62	987/4	987/4	0.25	11/16	11/16	Chord	4/4	3	1	1/16	1/16	1	754										18
62	62	247	247	0.5	3/4	3/4	Chord	4/4	3	1	1/8	1/8	1	755										18
62	62	495/2	495/2	0.25	7/8	7/8	Chord	4/4	3	1	1/16	1/16	1	756										18
62	62	991/4	991/4	0.25	15/16	15/16	Chord	4/4	3	1	1/16	1/16	1	757										18
62	62	245	245	1.0	1/4	1/4	Chord	4/4	4	1	1/4	1/4	1	758	Al-									
62	62	246	246	1.0	1/2	1/2	Chord	4/4	4	1	1/4	1/4	1	759	le-									
62	62	247	247	1.0	3/4	3/4	Chord	4/4	4	1	1/4	1/4	1	760	lu-									
62	62	244	244	1.0	0	0	Chord	4/4	5	1	1/4	1/4	1	761										
62	62	245	245	1.0	1/4	1/4	Chord	4/4	5	1	1/4	1/4	1	762										
62	62	246	246	1.0	1/2	1/2	Chord	4/4	5	1	1/4	1/4	1	763	6									
62	62	247	247	1.0	3/4	3/4	Chord	4/4	5	1	1/4	1/4	1	764										
63	63	248	248	0.5	0	0	Chord	4/4	1	1	1/8	1/8	1	765										17
63	63	497/2	497/2	0.25	1/8	1/8	Chord	4/4	1	1	1/16	1/16	1	766										17
63	63	995/4	995/4	0.25	3/16	3/16	Chord	4/4	1	1	1/16	1/16	1	767										17
63	63	249	249	0.5	1/4	1/4	Chord	4/4	1	1	1/8	1/8	1	768										17
63	63	499/2	499/2	0.25	3/8	3/8	Chord	4/4	1	1	1/16	1/16	1	769										17
63	63	999/4	999/4	0.25	7/16	7/16	Chord	4/4	1	1	1/16	1/16	1	770										17
63	63	250	250	0.5	1/2	1/2	Chord	4/4	1	1	1/8	1/8	1	771										
63	63	501/2	501/2	0.5	5/8	5/8	Chord	4/4	1	1	1/8	1/8	1	772	Al-									
63	63	251	251	0.5	3/4	3/4	Chord	4/4	1	1	1/8	1/8	1	773	le-									
63	63	503/2	503/2	0.5	7/8	7/8	Chord	4/4	1	1	1/8	1/8	1	774	lu-									
63	63	248	248	1.0	0	0	Chord	4/4	2	1	1/4	1/4	1	775	ja,									
63	63	248	248	1.0	0	0	Chord	4/4	3	1	1/4	1/4	1	776										
63	63	251	251	1.0	3/4	3/4	Chord	4/4	3	1	1/4	1/4	1	777	Al									
63	63	248	248	0.5	0	0	Chord	4/4	4	1	1/8	1/8	1	778	ja,									
63	63	497/2	497/2	0.5	1/8	1/8	Chord	4/4	4	1	1/8	1/8	1	779	Al-									
63	63	249	249	0.5	1/4	1/4	Chord	4/4	4	1	1/8	1/8	1	780	le-									
63	63	499/2	499/2	0.5	3/8	3/8	Chord	4/4	4	1	1/8	1/8	1	781	lu-									
63	63	250	250	0.5	1/2	1/2	Chord	4/4	4	1	1/8	1/8	1	782	ja,									19
63	63	501/2	501/2	0.25	5/8	5/8	Chord	4/4	4	1	1/16	1/16	1	783										19
63	63	1003/4	1003/4	0.25	11/16	11/16	Chord	4/4	4	1	1/16	1/16	1	784										19
63	63	251	251	0.5	3/4	3/4	Chord	4/4	4	1	1/8	1/8	1	785										19
63	63	503/2	503/2	0.25	7/8	7/8	Chord	4/4	4	1	1/16	1/16	1	786										19
63	63	1007/4	1007/4	0.25	15/16	15/16	Chord	4/4	4	1	1/16	1/16	1	787										19
63	63	248	248	1.0	0	0	Chord	4/4	5	1	1/4	1/4	1	788										
63	63	249	249	1.0	1/4	1/4	Chord	4/4	5	1	1/4	1/4	1	789										
63	63	250	250	1.0	1/2	1/2	Chord	4/4	5	1	1/4	1/4	1	790										
63	63	251	251	1.0	3/4	3/4	Chord	4/4	5	1	1/4	1/4	1	791										
64	64	252	252	0.5	0	0	Chord	4/4	1	1	1/8	1/8	1	792	ja,									20
64	64	505/2	505/2	0.25	1/8	1/8	Chord	4/4	1	1	1/16	1/16	1	793										20
64	64	1011/4	1011/4	0.25	3/16	3/16	Chord	4/4	1	1	1/16	1/16	1	794										20
64	64	253	253	0.5	1/4	1/4	Chord	4/4	1	1	1/8	1/8	1	795										20
64	64	507/2	507/2	0.25	3/8	3/8	Chord	4/4	1	1	1/16	1/16	1	796										20
64	64	1015/4	1015/4	0.25	7/16	7/16	Chord	4/4	1	1	1/16	1/16	1	797										20
64	64	254	254	0.5	1/2	1/2	Chord	4/4	1	1	1/8	1/8	1	798										
64	64	511/2	511/2	0.5	7/8	7/8	Chord	4/4	1	1	1/8	1/8	1	799	Al-									
64	64	509/2	509/2	0.5	5/8	5/8	Chord	4/4	2	1	1/8	1/8	1	800	Al-									
64	64	255	255	0.5	3/4	3/4	Chord	4/4	2	1	1/8	1/8	1	801	le-									
64	64	511/2	511/2	0.5	7/8	7/8	Chord	4/4	2	1	1/8	1/8	1	802	lu-									
64	64	252	252	1.0	0	0	Chord	4/4	3	1	1/4	1/4	1	803	le-									
64	64	253	253	1.0	1/4	1/4	Chord	4/4	3	1	1/4	1/4	1	804	lu-									
64	64	254	254	0.5	1/2	1/2	Chord	4/4	3	1	1/8	1/8	1	805	ja,									
64	64	509/2	509/2	0.5	5/8	5/8	Chord	4/4	3	1	1/8	1/8	1	806	Al-									
64	64	255	255	0.5	3/4	3/4	Chord	4/4	3	1	1/8	1/8	1	807	le-									
64	64	511/2	511/2	0.5	7/8	7/8	Chord	4/4	3	1	1/8	1/8	1	808	lu-									
64	64	252	252	0.5	0	0	Chord	4/4	4	1	1/8	1/8	1	809										19
64	64	505/2	505/2	0.25	1/8	1/8	Chord	4/4	4	1	1/16	1/16	1	810										19
64	64	1011/4	1011/4	0.25	3/16	3/16	Chord	4/4	4	1	1/16	1/16	1	811										19
64	64	253	253	0.5	1/4	1/4	Chord	4/4	4	1	1/8	1/8	1	812										19
64	64	507/2	507/2	0.25	3/8	3/8	Chord	4/4	4	1	1/16	1/16	1	813										19
64	64	1015/4	1015/4	0.25	7/16	7/16	Chord	4/4	4	1	1/16	1/16	1	814										19
64	64	254	254	1.0	1/2	1/2	Chord	4/4	4	1	1/4	1/4	1	815										
64	64	255	255	1.0	3/4	3/4	Chord	4/4	4	1	1/4	1/4	1	816	Al-									
64	64	252	252	1.0	0	0	Chord	4/4	5	1	1/4	1/4	1	817										
64	64	253	253	0.5	1/4	1/4	Chord	4/4	5	1	1/8	1/8	1	818										
64	64	507/2	507/2	0.5	3/8	3/8	Chord	4/4	5	1	1/8	1/8	1	819	6									
64	64	254	254	1.0	1/2	1/2	Chord	4/4	5	1	1/4	1/4	1	820	6									
64	64	255	255	1.0	3/4	3/4	Chord	4/4	5	1	1/4	1/4	1	821										
65	65	256	256	1.0	0	0	Chord	4/4	1	1	1/4	1/4	1	822	le-									
65	65	257	257	1.0	1/4	1/4	Chord	4/4	1	1	1/4	1/4	1	823	lu-									
65	65	258	258	2.0	1/2	1/2	Chord	4/4	1	1	1/2	1/2	1	824	ja.									
65	65	256	256	0.5	0	0	Chord	4/4	2	1	1/8	1/8	1	825	ja,									21
65	65	513/2	513/2	0.25	1/8	1/8	Chord	4/4	2	1	1/16	1/16	1	826										21
65	65	1027/4	1027/4	0.25	3/16	3/16	Chord	4/4	2	1	1/16	1/16	1	827										21
65	65	257	257	0.5	1/4	1/4	Chord	4/4	2	1	1/8	1/8	1	828										21
65	65	515/2	515/2	0.25	3/8	3/8	Chord	4/4	2	1	1/16	1/16	1	829										21
65	65	1031/4	1031/4	0.25	7/16	7/16	Chord	4/4	2	1	1/16	1/16	1	830										21
65	65	258	258	0.5	1/2	1/2	Chord	4/4	2	1	1/8	1/8	1	831										21
65	65	517/2	517/2	0.25	5/8	5/8	Chord	4/4	2	1	1/16	1/16	1	832										21
65	65	1035/4	1035/4	0.25	11/16	11/16	Chord	4/4	2	1	1/16	1/16	1	833										21
65	65	259	259	0.5	3/4	3/4	Chord	4/4	2	1	1/8	1/8	1	834										21
65	65	519/2	519/2	0.25	7/8	7/8	Chord	4/4	2	1	1/16	1/16	1	835										21
65	65	1039/4	1039/4	0.25	15/16	15/16	Chord	4/4	2	1	1/16	1/16	1	836										21
65	65	256	256	0.5	0	0	Chord	4/4	3	1	1/8	1/8	1	837	ja,									22
65	65	513/2	513/2	0.25	1/8	1/8	Chord	4/4	3	1	1/16	1/16	1	838										22
65	65	1027/4	1027/4	0.25	3/16	3/16	Chord	4/4	3	1	1/16	1/16	1	839										22
65	65	257	257	0.5	1/4	1/4	Chord	4/4	3	1	1/8	1/8	1	840										22
65	65	515/2	515/2	0.25	3/8	3/8	Chord	4/4	3	1	1/16	1/16	1	841										22
65	65	1031/4	1031/4	0.25	7/16	7/16	Chord	4/4	3	1	1/16	1/16	1	842										22
65	65	258	258	0.5	1/2	1/2	Chord	4/4	3	1	1/8	1/8	1	843										
65	65	517/2	517/2	0.5	5/8	5/8	Chord	4/4	3	1	1/8	1/8	1	844	Al-									
65	65	259	259	0.5	3/4	3/4	Chord	4/4	3	1	1/8	1/8	1	845	le-									
65	65	519/2	519/2	0.5	7/8	7/8	Chord	4/4	3	1	1/8	1/8	1	846	lu-									
65	65	256	256	1.0	0	0	Chord	4/4	4	1	1/4	1/4	1	847	le-									
65	65	257	257	1.0	1/4	1/4	Chord	4/4	4	1	1/4	1/4	1	848	lu-									
65	65	258	258	2.0	1/2	1/2	Chord	4/4	4	1	1/2	1/2	1	849	ja.									
65	65	256	256	1.0	0	0	Chord	4/4	5	1	1/4	1/4	1	850	6									
65	65	257	257	1.0	1/4	1/4	Chord	4/4	5	1	1/4	1/4	1	851										
65	65	258	258	1.0	1/2	1/2	Chord	4/4	5	1	1/4	1/4	1	852										
65	65	259	259	1.0	3/4	3/4	Chord	4/4	5	1	1/4	1/4	1	853										
66	66	521/2	521/2	0.5	1/8	1/8	Chord	4/4	1	1	1/8	1/8	1	854	Al-									
66	66	261	261	0.5	1/4	1/4	Chord	4/4	1	1	1/8	1/8	1	855	le-									
66	66	523/2	523/2	0.5	3/8	3/8	Chord	4/4	1	1	1/8	1/8	1	856	lu									
66	66	262	262	0.5	1/2	1/2	Chord	4/4	1	1	1/8	1/8	1	857	ja,									
66	66	525/2	525/2	0.25	5/8	5/8	Chord	4/4	1	1	1/16	1/16	1	858										
66	66	1051/4	1051/4	0.25	11/16	11/16	Chord	4/4	1	1	1/16	1/16	1	859										
66	66	263	263	0.5	3/4	3/4	Chord	4/4	1	1	1/8	1/8	1	860										
66	66	527/2	527/2	0.25	7/8	7/8	Chord	4/4	1	1	1/16	1/16	1	861										
66	66	1055/4	1055/4	0.25	15/16	15/16	Chord	4/4	1	1	1/16	1/16	1	862										
66	66	260	260	1.0	0	0	Chord	4/4	2	1	1/4	1/4	1	863										
66	66	523/2	523/2	0.5	3/8	3/8	Chord	4/4	2	1	1/8	1/8	1	864	Al-									
66	66	262	262	1.0	1/2	1/2	Chord	4/4	2	1	1/4	1/4	1	865	le-									
66	66	263	263	1.0	3/4	3/4	Chord	4/4	2	1	1/4	1/4	1	866	lu-									
66	66	260	260	0.5	0	0	Chord	4/4	3	1	1/8	1/8	1	867	ja,									23
66	66	521/2	521/2	0.25	1/8	1/8	Chord	4/4	3	1	1/16	1/16	1	868										23
66	66	1043/4	1043/4	0.25	3/16	3/16	Chord	4/4	3	1	1/16	1/16	1	869										23
66	66	261	261	0.5	1/4	1/4	Chord	4/4	3	1	1/8	1/8	1	870										23
66	66	523/2	523/2	0.25	3/8	3/8	Chord	4/4	3	1	1/16	1/16	1	871										23
66	66	1047/4	1047/4	0.25	7/16	7/16	Chord	4/4	3	1	1/16	1/16	1	872										23
66	66	262	262	0.5	1/2	1/2	Chord	4/4	3	1	1/8	1/8	1	873										23
66	66	525/2	525/2	0.25	5/8	5/8	Chord	4/4	3	1	1/16	1/16	1	874										23
66	66	1051/4	1051/4	0.25	11/16	11/16	Chord	4/4	3	1	1/16	1/16	1	875										23
66	66	263	263	0.5	3/4	3/4	Chord	4/4	3	1	1/8	1/8	1	876										23
66	66	527/2	527/2	0.25	7/8	7/8	Chord	4/4	3	1	1/16	1/16	1	877										23
66	66	1055/4	1055/4	0.25	15/16	15/16	Chord	4/4	3	1	1/16	1/16	1	878										23
66	66	261	261	1.0	1/4	1/4	Chord	4/4	4	1	1/4	1/4	1	879	Al-									
66	66	262	262	1.0	1/2	1/2	Chord	4/4	4	1	1/4	1/4	1	880	le-									
66	66	263	263	1.0	3/4	3/4	Chord	4/4	4	1	1/4	1/4	1	881	lu-									
66	66	260	260	1.0	0	0	Chord	4/4	5	1	1/4	1/4	1	882										
66	66	261	261	1.0	1/4	1/4	Chord	4/4	5	1	1/4	1/4	1	883										
66	66	262	262	1.0	1/2	1/2	Chord	4/4	5	1	1/4	1/4	1	884	6									
66	66	263	263	1.0	3/4	3/4	Chord	4/4	5	1	1/4	1/4	1	885										
67	67	264	264	0.5	0	0	Chord	4/4	1	1	1/8	1/8	1	886										
67	67	529/2	529/2	0.25	1/8	1/8	Chord	4/4	1	1	1/16	1/16	1	887										
67	67	1059/4	1059/4	0.25	3/16	3/16	Chord	4/4	1	1	1/16	1/16	1	888										
67	67	265	265	0.5	1/4	1/4	Chord	4/4	1	1	1/8	1/8	1	889										
67	67	531/2	531/2	0.25	3/8	3/8	Chord	4/4	1	1	1/16	1/16	1	890										
67	67	1063/4	1063/4	0.25	7/16	7/16	Chord	4/4	1	1	1/16	1/16	1	891										
67	67	266	266	0.5	1/2	1/2	Chord	4/4	1	1	1/8	1/8	1	892										
67	67	533/2	533/2	0.25	5/8	5/8	Chord	4/4	1	1	1/16	1/16	1	893										
67	67	1067/4	1067/4	0.25	11/16	11/16	Chord	4/4	1	1	1/16	1/16	1	894										
67	67	267	267	0.5	3/4	3/4	Chord	4/4	1	1	1/8	1/8	1	895										
67	67	535/2	535/2	0.25	7/8	7/8	Chord	4/4	1	1	1/16	1/16	1	896										
67	67	1071/4	1071/4	0.25	15/16	15/16	Chord	4/4	1	1	1/16	1/16	1	897										
67	67	264	264	1.0	0	0	Chord	4/4	2	1	1/4	1/4	1	898	ja,									
67	67	531/2	531/2	0.5	3/8	3/8	Chord	4/4	2	1	1/8	1/8	1	899	Al-									
67	67	266	266	1.0	1/2	1/2	Chord	4/4	2	1	1/4	1/4	1	900	le-									
67	67	267	267	1.0	3/4	3/4	Chord	4/4	2	1	1/4	1/4	1	901	lu-									
67	67	264	264	2.0	0	0	Chord	4/4	3	1	1/2	1/2	1	902										
67	67	535/2	535/2	0.5	7/8	7/8	Chord	4/4	3	1	1/8	1/8	1	903	Al-									
67	67	264	264	0.5	0	0	Chord	4/4	4	1	1/8	1/8	1	904	ja,									
67	67	529/2	529/2	0.5	1/8	1/8	Chord	4/4	4	1	1/8	1/8	1	905	Al-									
67	67	265	265	0.5	1/4	1/4	Chord	4/4	4	1	1/8	1/8	1	906	le-									
67	67	531/2	531/2	0.5	3/8	3/8	Chord	4/4	4	1	1/8	1/8	1	907	lu-									
67	67	266	266	0.5	1/2	1/2	Chord	4/4	4	1	1/8	1/8	1	908	ja,									
67	67	533/2	533/2	0.25	5/8	5/8	Chord	4/4	4	1	1/16	1/16	1	909										
67	67	1067/4	1067/4	0.25	11/16	11/16	Chord	4/4	4	1	1/16	1/16	1	910										
67	67	267	267	0.5	3/4	3/4	Chord	4/4	4	1	1/8	1/8	1	911										
67	67	535/2	535/2	0.25	7/8	7/8	Chord	4/4	4	1	1/16	1/16	1	912										
67	67	1071/4	1071/4	0.25	15/16	15/16	Chord	4/4	4	1	1/16	1/16	1	913										
67	67	264	264	1.0	0	0	Chord	4/4	5	1	1/4	1/4	1	914										
67	67	265	265	1.0	1/4	1/4	Chord	4/4	5	1	1/4	1/4	1	915										
67	67	266	266	1.0	1/2	1/2	Chord	4/4	5	1	1/4	1/4	1	916										
67	67	267	267	0.5	3/4	3/4	Chord	4/4	5	1	1/8	1/8	1	917										
67	67	535/2	535/2	0.5	7/8	7/8	Chord	4/4	5	1	1/8	1/8	1	918	6									
68	68	268	268	0.5	0	0	Chord	4/4	1	1	1/8	1/8	1	919										24
68	68	537/2	537/2	0.25	1/8	1/8	Chord	4/4	1	1	1/16	1/16	1	920										24
68	68	1075/4	1075/4	0.25	3/16	3/16	Chord	4/4	1	1	1/16	1/16	1	921										24
68	68	269	269	0.5	1/4	1/4	Chord	4/4	1	1	1/8	1/8	1	922										24
68	68	539/2	539/2	0.25	3/8	3/8	Chord	4/4	1	1	1/16	1/16	1	923										24
68	68	1079/4	1079/4	0.25	7/16	7/16	Chord	4/4	1	1	1/16	1/16	1	924										24
68	68	270	270	1.0	1/2	1/2	Chord	4/4	1	1	1/4	1/4	1	925										
68	68	543/2	543/2	0.5	7/8	7/8	Chord	4/4	1	1	1/8	1/8	1	926	Al-									
68	68	268	268	1.0	0	0	Chord	4/4	2	1	1/4	1/4	1	927	ja,									
68	68	541/2	541/2	0.5	5/8	5/8	Chord	4/4	2	1	1/8	1/8	1	928	Al-									
68	68	271	271	0.5	3/4	3/4	Chord	4/4	2	1	1/8	1/8	1	929	le-									
68	68	543/2	543/2	0.5	7/8	7/8	Chord	4/4	2	1	1/8	1/8	1	930	lu-									
68	68	268	268	1.0	0	0	Chord	4/4	3	1	1/4	1/4	1	931	le-									
68	68	269	269	1.0	1/4	1/4	Chord	4/4	3	1	1/4	1/4	1	932	lu-									
68	68	270	270	1.0	1/2	1/2	Chord	4/4	3	1	1/4	1/4	1	933	ja,									
68	68	268	268	0.5	0	0	Chord	4/4	4	1	1/8	1/8	1	934										25
68	68	537/2	537/2	0.25	1/8	1/8	Chord	4/4	4	1	1/16	1/16	1	935										25
68	68	1075/4	1075/4	0.25	3/16	3/16	Chord	4/4	4	1	1/16	1/16	1	936										25
68	68	269	269	0.5	1/4	1/4	Chord	4/4	4	1	1/8	1/8	1	937										25
68	68	539/2	539/2	0.25	3/8	3/8	Chord	4/4	4	1	1/16	1/16	1	938										25
68	68	1079/4	1079/4	0.25	7/16	7/16	Chord	4/4	4	1	1/16	1/16	1	939										25
68	68	270	270	0.5	1/2	1/2	Chord	4/4	4	1	1/8	1/8	1	940										25
68	68	541/2	541/2	0.25	5/8	5/8	Chord	4/4	4	1	1/16	1/16	1	941										25
68	68	1083/4	1083/4	0.25	11/16	11/16	Chord	4/4	4	1	1/16	1/16	1	942										25
68	68	271	271	0.5	3/4	3/4	Chord	4/4	4	1	1/8	1/8	1	943										25
68	68	543/2	543/2	0.25	7/8	7/8	Chord	4/4	4	1	1/16	1/16	1	944										25
68	68	1087/4	1087/4	0.25	15/16	15/16	Chord	4/4	4	1	1/16	1/16	1	945										25
68	68	268	268	1.0	0	0	Chord	4/4	5	1	1/4	1/4	1	946										
68	68	269	269	0.5	1/4	1/4	Chord	4/4	5	1	1/8	1/8	1	947										
68	68	539/2	539/2	0.5	3/8	3/8	Chord	4/4	5	1	1/8	1/8	1	948	6									
68	68	270	270	1.0	1/2	1/2	Chord	4/4	5	1	1/4	1/4	1	949	6									
68	68	271	271	0.5	3/4	3/4	Chord	4/4	5	1	1/8	1/8	1	950										
68	68	543/2	543/2	0.5	7/8	7/8	Chord	4/4	5	1	1/8	1/8	1	951	6									
69	69	272	272	1.0	0	0	Chord	4/4	1	1	1/4	1/4	1	952	le-									
69	69	273	273	1.0	1/4	1/4	Chord	4/4	1	1	1/4	1/4	1	953	lu-									
69	69	274	274	0.5	1/2	1/2	Chord	4/4	1	1	1/8	1/8	1	954	ja,									
69	69	549/2	549/2	0.5	5/8	5/8	Chord	4/4	1	1	1/8	1/8	1	955	Al-									
69	69	275	275	0.5	3/4	3/4	Chord	4/4	1	1	1/8	1/8	1	956	le-									
69	69	551/2	551/2	0.5	7/8	7/8	Chord	4/4	1	1	1/8	1/8	1	957	lu-									
69	69	272	272	0.5	0	0	Chord	4/4	2	1	1/8	1/8	1	958	ja,									26
69	69	545/2	545/2	0.25	1/8	1/8	Chord	4/4	2	1	1/16	1/16	1	959										26
69	69	1091/4	1091/4	0.25	3/16	3/16	Chord	4/4	2	1	1/16	1/16	1	960										26
69	69	273	273	0.5	1/4	1/4	Chord	4/4	2	1	1/8	1/8	1	961										26
69	69	547/2	547/2	0.25	3/8	3/8	Chord	4/4	2	1	1/16	1/16	1	962										26
69	69	1095/4	1095/4	0.25	7/16	7/16	Chord	4/4	2	1	1/16	1/16	1	963										26
69	69	274	274	0.5	1/2	1/2	Chord	4/4	2	1	1/8	1/8	1	964										
69	69	549/2	549/2	0.5	5/8	5/8	Chord	4/4	2	1	1/8	1/8	1	965	Al-									
69	69	275	275	0.5	3/4	3/4	Chord	4/4	2	1	1/8	1/8	1	966	le-									
69	69	551/2	551/2	0.5	7/8	7/8	Chord	4/4	2	1	1/8	1/8	1	967	lu-									
69	69	551/2	551/2	0.5	7/8	7/8	Chord	4/4	3	1	1/8	1/8	1	968	Al									
69	69	272	272	0.5	0	0	Chord	4/4	4	1	1/8	1/8	1	969										25
69	69	545/2	545/2	0.25	1/8	1/8	Chord	4/4	4	1	1/16	1/16	1	970										25
69	69	1091/4	1091/4	0.25	3/16	3/16	Chord	4/4	4	1	1/16	1/16	1	971										25
69	69	273	273	0.5	1/4	1/4	Chord	4/4	4	1	1/8	1/8	1	972										25
69	69	547/2	547/2	0.25	3/8	3/8	Chord	4/4	4	1	1/16	1/16	1	973										25
69	69	1095/4	1095/4	0.25	7/16	7/16	Chord	4/4	4	1	1/16	1/16	1	974										25
69	69	274	274	1.0	1/2	1/2	Chord	4/4	4	1	1/4	1/4	1	975										
69	69	275	275	1.0	3/4	3/4	Chord	4/4	4	1	1/4	1/4	1	976	Al-									
69	69	272	272	1.0	0	0	Chord	4/4	5	1	1/4	1/4	1	977										
69	69	273	273	0.5	1/4	1/4	Chord	4/4	5	1	1/8	1/8	1	978										
69	69	547/2	547/2	0.5	3/8	3/8	Chord	4/4	5	1	1/8	1/8	1	979	6									
69	69	274	274	1.0	1/2	1/2	Chord	4/4	5	1	1/4	1/4	1	980										
69	69	275	275	1.0	3/4	3/4	Chord	4/4	5	1	1/4	1/4	1	981										
70	70	276	276	0.5	0	0	Chord	4/4	1	1	1/8	1/8	1	982	ia,									27
70	70	553/2	553/2	0.25	1/8	1/8	Chord	4/4	1	1	1/16	1/16	1	983										27
70	70	1107/4	1107/4	0.25	3/16	3/16	Chord	4/4	1	1	1/16	1/16	1	984										27
70	70	277	277	0.5	1/4	1/4	Chord	4/4	1	1	1/8	1/8	1	985										27
70	70	555/2	555/2	0.25	3/8	3/8	Chord	4/4	1	1	1/16	1/16	1	986										27
70	70	1111/4	1111/4	0.25	7/16	7/16	Chord	4/4	1	1	1/16	1/16	1	987										27
70	70	278	278	1.0	1/2	1/2	Chord	4/4	1	1	1/4	1/4	1	988										
70	70	559/2	559/2	0.0	7/8	7/8	Dynamic	4/4	1	1	0						p							
70	70	559/2	559/2	0.5	7/8	7/8	Chord	4/4	1	1	1/8	1/8	1	989	Al-									
70	70	276	276	0.5	0	0	Chord	4/4	2	1	1/8	1/8	1	990	ja,									28
70	70	553/2	553/2	0.25	1/8	1/8	Chord	4/4	2	1	1/16	1/16	1	991										28
70	70	1107/4	1107/4	0.25	3/16	3/16	Chord	4/4	2	1	1/16	1/16	1	992										28
70	70	277	277	0.5	1/4	1/4	Chord	4/4	2	1	1/8	1/8	1	993										28
70	70	555/2	555/2	0.25	3/8	3/8	Chord	4/4	2	1	1/16	1/16	1	994										28
70	70	1111/4	1111/4	0.25	7/16	7/16	Chord	4/4	2	1	1/16	1/16	1	995										28
70	70	278	278	0.5	1/2	1/2	Chord	4/4	2	1	1/8	1/8	1	996										
70	70	557/2	557/2	0.0	5/8	5/8	Dynamic	4/4	2	1	0						p							
70	70	557/2	557/2	0.5	5/8	5/8	Chord	4/4	2	1	1/8	1/8	1	997	Al-									
70	70	279	279	0.5	3/4	3/4	Chord	4/4	2	1	1/8	1/8	1	998	le-									
70	70	559/2	559/2	0.5	7/8	7/8	Chord	4/4	2	1	1/8	1/8	1	999	lu-									
70	70	276	276	1.0	0	0	Chord	4/4	3	1	1/4	1/4	1	1000	le-									
70	70	277	277	1.0	1/4	1/4	Chord	4/4	3	1	1/4	1/4	1	1001	lu-									
70	70	278	278	0.5	1/2	1/2	Chord	4/4	3	1	1/8	1/8	1	1002	ja,									
70	70	557/2	557/2	0.0	5/8	5/8	Dynamic	4/4	3	1	0						p							
70	70	557/2	557/2	0.5	5/8	5/8	Chord	4/4	3	1	1/8	1/8	1	1003	Al-									
70	70	279	279	0.5	3/4	3/4	Chord	4/4	3	1	1/8	1/8	1	1004	le-									
70	70	559/2	559/2	0.5	7/8	7/8	Chord	4/4	3	1	1/8	1/8	1	1005	lu-									
70	70	276	276	1.0	0	0	Chord	4/4	4	1	1/4	1/4	1	1006	le-									
70	70	277	277	1.0	1/4	1/4	Chord	4/4	4	1	1/4	1/4	1	1007	lu-									
70	70	278	278	1.0	1/2	1/2	Chord	4/4	4	1	1/4	1/4	1	1008	ja,									
70	70	279	279	0.0	3/4	3/4	Dynamic	4/4	4	1	0						p							
70	70	279	279	1.0	3/4	3/4	Chord	4/4	4	1	1/4	1/4	1	1009	Al-									
70	70	276	276	1.0	0	0	Chord	4/4	5	1	1/4	1/4	1	1010	6									
70	70	277	277	1.0	1/4	1/4	Chord	4/4	5	1	1/4	1/4	1	1011										
70	70	278	278	1.0	1/2	1/2	Chord	4/4	5	1	1/4	1/4	1	1012										
70	70	279	279	1.0	3/4	3/4	Chord	4/4	5	1	1/4	1/4	1	1013										
71	71	280	280	1.0	0	0	Chord	4/4	1	1	1/4	1/4	1	1014	le-									
71	71	281	281	1.0	1/4	1/4	Chord	4/4	1	1	1/4	1/4	1	1015	lu-									
71	71	282	282	0.5	1/2	1/2	Chord	4/4	1	1	1/8	1/8	1	1016	ja,									
71	71	565/2	565/2	0.0	5/8	5/8	Dynamic	4/4	1	1	0						f							
71	71	565/2	565/2	0.5	5/8	5/8	Chord	4/4	1	1	1/8	1/8	1	1017	Al-									
71	71	283	283	0.5	3/4	3/4	Chord	4/4	1	1	1/8	1/8	1	1018	le-									
71	71	567/2	567/2	0.5	7/8	7/8	Chord	4/4	1	1	1/8	1/8	1	1019	lu-									
71	71	280	280	0.5	0	0	Chord	4/4	2	1	1/8	1/8	1	1020	ja,									29
71	71	561/2	561/2	0.25	1/8	1/8	Chord	4/4	2	1	1/16	1/16	1	1021										29
71	71	1123/4	1123/4	0.25	3/16	3/16	Chord	4/4	2	1	1/16	1/16	1	1022										29
71	71	281	281	0.5	1/4	1/4	Chord	4/4	2	1	1/8	1/8	1	1023										29
71	71	563/2	563/2	0.25	3/8	3/8	Chord	4/4	2	1	1/16	1/16	1	1024										29
71	71	1127/4	1127/4	0.25	7/16	7/16	Chord	4/4	2	1	1/16	1/16	1	1025										29
71	71	282	282	1.0	1/2	1/2	Chord	4/4	2	1	1/4	1/4	1	1026										
71	71	567/2	567/2	0.0	7/8	7/8	Dynamic	4/4	2	1	0						f							
71	71	567/2	567/2	0.5	7/8	7/8	Chord	4/4	2	1	1/8	1/8	1	1027	Al-									
71	71	280	280	0.5	0	0	Chord	4/4	3	1	1/8	1/8	1	1028	ja,									30
71	71	561/2	561/2	0.25	1/8	1/8	Chord	4/4	3	1	1/16	1/16	1	1029										30
71	71	1123/4	1123/4	0.25	3/16	3/16	Chord	4/4	3	1	1/16	1/16	1	1030										30
71	71	281	281	0.5	1/4	1/4	Chord	4/4	3	1	1/8	1/8	1	1031										30
71	71	563/2	563/2	0.25	3/8	3/8	Chord	4/4	3	1	1/16	1/16	1	1032										30
71	71	1127/4	1127/4	0.25	7/16	7/16	Chord	4/4	3	1	1/16	1/16	1	1033										30
71	71	282	282	0.5	1/2	1/2	Chord	4/4	3	1	1/8	1/8	1	1034										
71	71	565/2	565/2	0.0	5/8	5/8	Dynamic	4/4	3	1	0						f							
71	71	565/2	565/2	0.5	5/8	5/8	Chord	4/4	3	1	1/8	1/8	1	1035	Al-									
71	71	283	283	0.5	3/4	3/4	Chord	4/4	3	1	1/8	1/8	1	1036	le-									
71	71	567/2	567/2	0.5	7/8	7/8	Chord	4/4	3	1	1/8	1/8	1	1037	lu-									
71	71	280	280	1.0	0	0	Chord	4/4	4	1	1/4	1/4	1	1038	le-									
71	71	281	281	1.0	1/4	1/4	Chord	4/4	4	1	1/4	1/4	1	1039	lu-									
71	71	282	282	1.0	1/2	1/2	Chord	4/4	4	1	1/4	1/4	1	1040	ja,									
71	71	283	283	0.0	3/4	3/4	Dynamic	4/4	4	1	0						f							
71	71	283	283	1.0	3/4	3/4	Chord	4/4	4	1	1/4	1/4	1	1041	Al-									
71	71	280	280	1.0	0	0	Chord	4/4	5	1	1/4	1/4	1	1042										
71	71	281	281	1.0	1/4	1/4	Chord	4/4	5	1	1/4	1/4	1	1043										
71	71	282	282	1.0	1/2	1/2	Chord	4/4	5	1	1/4	1/4	1	1044										
71	71	283	283	1.0	3/4	3/4	Chord	4/4	5	1	1/4	1/4	1	1045										
72	72	284	284	0.5	0	0	Chord	4/4	1	1	1/8	1/8	1	1046	ja,									31
72	72	569/2	569/2	0.25	1/8	1/8	Chord	4/4	1	1	1/16	1/16	1	1047										31
72	72	1139/4	1139/4	0.25	3/16	3/16	Chord	4/4	1	1	1/16	1/16	1	1048										31
72	72	285	285	0.5	1/4	1/4	Chord	4/4	1	1	1/8	1/8	1	1049										31
72	72	571/2	571/2	0.25	3/8	3/8	Chord	4/4	1	1	1/16	1/16	1	1050										31
72	72	1143/4	1143/4	0.25	7/16	7/16	Chord	4/4	1	1	1/16	1/16	1	1051										31
72	72	286	286	0.5	1/2	1/2	Chord	4/4	1	1	1/8	1/8	1	1052										
72	72	573/2	573/2	0.0	5/8	5/8	Dynamic	4/4	1	1	0						p							
72	72	573/2	573/2	0.5	5/8	5/8	Chord	4/4	1	1	1/8	1/8	1	1053	Al-									
72	72	287	287	0.5	3/4	3/4	Chord	4/4	1	1	1/8	1/8	1	1054	le-									
72	72	575/2	575/2	0.5	7/8	7/8	Chord	4/4	1	1	1/8	1/8	1	1055	lu-									
72	72	284	284	1.0	0	0	Chord	4/4	2	1	1/4	1/4	1	1056	le-									
72	72	285	285	1.0	1/4	1/4	Chord	4/4	2	1	1/4	1/4	1	1057	lu-									
72	72	286	286	1.0	1/2	1/2	Chord	4/4	2	1	1/4	1/4	1	1058	ja,									
72	72	287	287	0.0	3/4	3/4	Dynamic	4/4	2	1	0						p							
72	72	287	287	1.0	3/4	3/4	Chord	4/4	2	1	1/4	1/4	1	1059	Al-									
72	72	284	284	0.5	0	0	Chord	4/4	3	1	1/8	1/8	1	1060	ja,									32
72	72	569/2	569/2	0.25	1/8	1/8	Chord	4/4	3	1	1/16	1/16	1	1061										32
72	72	1139/4	1139/4	0.25	3/16	3/16	Chord	4/4	3	1	1/16	1/16	1	1062										32
72	72	285	285	0.5	1/4	1/4	Chord	4/4	3	1	1/8	1/8	1	1063										32
72	72	571/2	571/2	0.25	3/8	3/8	Chord	4/4	3	1	1/16	1/16	1	1064										32
72	72	1143/4	1143/4	0.25	7/16	7/16	Chord	4/4	3	1	1/16	1/16	1	1065										32
72	72	286	286	0.5	1/2	1/2	Chord	4/4	3	1	1/8	1/8	1	1066										
72	72	573/2	573/2	0.0	5/8	5/8	Dynamic	4/4	3	1	0						p							
72	72	573/2	573/2	0.5	5/8	5/8	Chord	4/4	3	1	1/8	1/8	1	1067	Al-									
72	72	287	287	0.5	3/4	3/4	Chord	4/4	3	1	1/8	1/8	1	1068	le-									
72	72	575/2	575/2	0.5	7/8	7/8	Chord	4/4	3	1	1/8	1/8	1	1069	lu-									
72	72	284	284	1.0	0	0	Chord	4/4	4	1	1/4	1/4	1	1070	le-									
72	72	285	285	1.0	1/4	1/4	Chord	4/4	4	1	1/4	1/4	1	1071	lu-									
72	72	286	286	1.0	1/2	1/2	Chord	4/4	4	1	1/4	1/4	1	1072	ja,									
72	72	287	287	0.0	3/4	3/4	Dynamic	4/4	4	1	0						p							
72	72	287	287	1.0	3/4	3/4	Chord	4/4	4	1	1/4	1/4	1	1073	Al-									
72	72	284	284	1.0	0	0	Chord	4/4	5	1	1/4	1/4	1	1074	6									
72	72	285	285	1.0	1/4	1/4	Chord	4/4	5	1	1/4	1/4	1	1075										
72	72	286	286	1.0	1/2	1/2	Chord	4/4	5	1	1/4	1/4	1	1076										
72	72	287	287	1.0	3/4	3/4	Chord	4/4	5	1	1/4	1/4	1	1077										
73	73	288	288	0.5	0	0	Chord	4/4	1	1	1/8	1/8	1	1078	ja,									33
73	73	577/2	577/2	0.25	1/8	1/8	Chord	4/4	1	1	1/16	1/16	1	1079										33
73	73	1155/4	1155/4	0.25	3/16	3/16	Chord	4/4	1	1	1/16	1/16	1	1080										33
73	73	289	289	0.5	1/4	1/4	Chord	4/4	1	1	1/8	1/8	1	1081										33
73	73	579/2	579/2	0.25	3/8	3/8	Chord	4/4	1	1	1/16	1/16	1	1082										33
73	73	1159/4	1159/4	0.25	7/16	7/16	Chord	4/4	1	1	1/16	1/16	1	1083										33
73	73	290	290	2.0	1/2	1/2	Chord	4/4	1	1	1/2	1/2	1	1084										
73	73	288	288	1.0	0	0	Chord	4/4	2	1	1/4	1/4	1	1085	le-									
73	73	289	289	1.0	1/4	1/4	Chord	4/4	2	1	1/4	1/4	1	1086	lu-									
73	73	290	290	2.0	1/2	1/2	Chord	4/4	2	1	1/2	1/2	1	1087	ja,									
73	73	288	288	0.5	0	0	Chord	4/4	3	1	1/8	1/8	1	1088	ja,									34
73	73	577/2	577/2	0.25	1/8	1/8	Chord	4/4	3	1	1/16	1/16	1	1089										34
73	73	1155/4	1155/4	0.25	3/16	3/16	Chord	4/4	3	1	1/16	1/16	1	1090										34
73	73	289	289	0.5	1/4	1/4	Chord	4/4	3	1	1/8	1/8	1	1091										34
73	73	579/2	579/2	0.25	3/8	3/8	Chord	4/4	3	1	1/16	1/16	1	1092										34
73	73	1159/4	1159/4	0.25	7/16	7/16	Chord	4/4	3	1	1/16	1/16	1	1093										34
73	73	290	290	2.0	1/2	1/2	Chord	4/4	3	1	1/2	1/2	1	1094										
73	73	288	288	1.0	0	0	Chord	4/4	4	1	1/4	1/4	1	1095	le-									
73	73	289	289	1.0	1/4	1/4	Chord	4/4	4	1	1/4	1/4	1	1096	lu-									
73	73	290	290	2.0	1/2	1/2	Chord	4/4	4	1	1/2	1/2	1	1097	ja,									
73	73	288	288	1.0	0	0	Chord	4/4	5	1	1/4	1/4	1	1098										
73	73	289	289	1.0	1/4	1/4	Chord	4/4	5	1	1/4	1/4	1	1099										
73	73	290	290	2.0	1/2	1/2	Chord	4/4	5	1	1/2	1/2	1	1100										
74	74	293	293	0.0	1/4	1/4	Dynamic	4/4	1	1	0						f							
74	74	293	293	2.0	1/4	1/4	Chord	4/4	1	1	1/2	1/2	1	1101	Al-									
74	74	295	295	1.0	3/4	3/4	Chord	4/4	1	1	1/4	1/4	1	1102	le-									
74	74	293	293	0.0	1/4	1/4	Dynamic	4/4	2	1	0						f							
74	74	293	293	2.0	1/4	1/4	Chord	4/4	2	1	1/2	1/2	1	1103	Al-									
74	74	295	295	1.0	3/4	3/4	Chord	4/4	2	1	1/4	1/4	1	1104	le-									
74	74	293	293	0.0	1/4	1/4	Dynamic	4/4	3	1	0						f							
74	74	293	293	2.0	1/4	1/4	Chord	4/4	3	1	1/2	1/2	1	1105	Al-									
74	74	295	295	1.0	3/4	3/4	Chord	4/4	3	1	1/4	1/4	1	1106	le-									
74	74	293	293	0.0	1/4	1/4	Dynamic	4/4	4	1	0						f							
74	74	293	293	2.0	1/4	1/4	Chord	4/4	4	1	1/2	1/2	1	1107	Al-									
74	74	295	295	1.0	3/4	3/4	Chord	4/4	4	1	1/4	1/4	1	1108	le-									
74	74	293	293	2.0	1/4	1/4	Chord	4/4	5	1	1/2	1/2	1	1109										
74	74	295	295	1.0	3/4	3/4	Chord	4/4	5	1	1/4	1/4	1	1110										
75	75	296	296	1.0	0	0	Chord	4/4	1	1	1/4	1/4	1	1111	lu-									35
75	75	297	297	0.5	1/4	1/4	Chord	4/4	1	1	1/8	1/8	1	1112										35
75	75	595/2	595/2	0.5	3/8	3/8	Chord	4/4	1	1	1/8	1/8	1	1113										35
75	75	298	298	2.0	1/2	1/2	Chord	4/4	1	1	1/2	1/2	1	1114										
75	75	296	296	4.0	0	0	Chord	4/4	2	1	1	1	1	1115	lu-									
75	75	296	296	4.0	0	0	Chord	4/4	3	1	1	1	1	1116	lu-									
75	75	296	296	4.0	0	0	Chord	4/4	4	1	1	1	1	1117	lu-									
75	75	296	296	2.0	0	0	Chord	4/4	5	1	1/2	1/2	1	1118	4									
75	75	298	298	2.0	1/2	1/2	Chord	4/4	5	1	1/2	1/2	1	1119										
76	76	300	300	4.0	0	0	Chord	4/4	1	1	1	1	1	1120	ja.									
76	76	300	300	4.0	0	0	Chord	4/4	2	1	1	1	1	1121	ja.									
76	76	300	300	4.0	0	0	Chord	4/4	3	1	1	1	1	1122	ja.									
76	76	300	300	4.0	0	0	Chord	4/4	4	1	1	1	1	1123	ja.									
76	76	300	300	4.0	0	0	Chord	4/4	5	1	1	1	1	1124										
