mc	mn	quarterbeats	quarterbeats_all_endings	duration_qb	mc_onset	mn_onset	timesig	staff	voice	label	alt_label	globalkey	localkey	pedal	chord	numeral	form	figbass	changes	relativeroot	cadence	phraseend	chord_type	globalkey_is_minor	localkey_is_minor	chord_tones	added_tones	root	bass_note
1	1	0	0	3.0	0	0	2/2	6	1	a.i		a	i		i	i							m	1	1	0, -3, 1		0	0
1	1	3	3	1.0	3/4	3/4	2/2	6	1	V6/iv		a	i		V6/iv	V		6		iv			M	1	1	4, 1, 0		0	4
2	2	4	4	4.0	0	0	2/2	6	1	iv		a	i		iv	iv							m	1	1	-1, -4, 0		-1	-1
3	3	8	8	3.0	0	0	2/2	6	1	i\\	V/iv\\	a	i		i	i						\\	m	1	1	0, -3, 1		0	0
3	3	11	11	4.0	3/4	3/4	2/2	6	1	i		a	i		i	i							m	1	1	0, -3, 1		0	0
4	4	15	15	1.0	3/4	3/4	2/2	6	1	v6	VII	a	i		v6	v		6					m	1	1	-2, 2, 1		1	-2
5	5	16	16	1.0	0	0	2/2	6	1	iv6		a	i		iv6	iv		6					m	1	1	-4, 0, -1		-1	-4
5	5	17	17	1.0	1/4	1/4	2/2	6	1	V		a	i		V	V							M	1	1	1, 5, 2		1	1
5	5	18	18	2.0	1/2	1/2	2/2	6	1	iv6		a	i		iv6	iv		6					m	1	1	-4, 0, -1		-1	-4
6	6	20	20	4.0	0	0	2/2	6	1	V\\		a	i		V	V						\\	M	1	1	1, 5, 2		1	1
7	7	24	24	1.0	0	0	2/2	6	1	V/VII		a	i		V/VII	V				VII			M	1	1	-1, 3, 0		-1	-1
7	7	25	25	1.0	1/4	1/4	2/2	6	1	V(64)/VII		a	i		V(64)/VII	V			64	VII			M	1	1	-1, -2, 2		-1	-1
7	7	26	26	1.0	1/2	1/2	2/2	6	1	V(4)/VII		a	i		V(4)/VII	V			4	VII			M	1	1	-1, -2, 0		-1	-1
7	7	27	27	2.0	3/4	3/4	2/2	6	1	V/VII		a	i		V/VII	V				VII			M	1	1	-1, 3, 0		-1	-1
8	8	29	29	1.0	1/4	1/4	2/2	6	1	V7/VII		a	i		V7/VII	V		7		VII			Mm7	1	1	-1, 3, 0, -3		-1	-1
8	8	30	30	3.0	1/2	1/2	2/2	6	1	VII\\		a	i		VII	VII						\\	M	1	1	-2, 2, -1		-2	-2
9	9	33	33	1.0	1/4	1/4	2/2	6	1	V7/III		a	i		V7/III	V		7		III			Mm7	1	1	-2, 2, -1, -4		-2	-2
9	9	34	34	1.0	1/2	1/2	2/2	6	1	V(6)/III		a	i		V(6)/III	V			6	III			M	1	1	-2, 2, 1		-2	-2
9	9	35	35	1.0	3/4	3/4	2/2	6	1	V(64)/III		a	i		V(64)/III	V			64	III			M	1	1	-2, -3, 1		-2	-2
10	10	36	36	1.0	0	0	2/2	6	1	V(4)/III		a	i		V(4)/III	V			4	III			M	1	1	-2, -3, -1		-2	-2
10	10	37	37	1.0	1/4	1/4	2/2	6	1	V/III		a	i		V/III	V				III			M	1	1	-2, 2, -1		-2	-2
10	10	38	38	2.0	1/2	1/2	2/2	6	1	III\\		a	i		III	III						\\	M	1	1	-3, 1, -2		-3	-3
11	11	40	40	2.0	0	0	2/2	6	1	iv		a	i		iv	iv							m	1	1	-1, -4, 0		-1	-1
11	11	42	42	1.0	1/2	1/2	2/2	6	1	V		a	i		V	V							M	1	1	1, 5, 2		1	1
11	11	43	43	1.0	3/4	3/4	2/2	6	1	V(64)		a	i		V(64)	V			64				M	1	1	1, 0, -3		1	1
12	12	44	44	1.0	0	0	2/2	6	1	V(4)		a	i		V(4)	V			4				M	1	1	1, 0, 2		1	1
12	12	45	45	2.0	1/4	1/4	2/2	6	1	V		a	i		V	V							M	1	1	1, 5, 2		1	1
12	12	47	47	1.0	3/4	3/4	2/2	6	1	V7		a	i		V7	V		7					Mm7	1	1	1, 5, 2, -1		1	1
13	13	48	48	3.0	0	0	2/2	6	1	I\\		a	i		I	I						\\	M	1	1	0, 4, 1		0	0
13	13	51	51	1.0	3/4	3/4	2/2	6	1	V7/iv		a	i		V7/iv	V		7		iv			Mm7	1	1	0, 4, 1, -2		0	0
14	14	52	52	1.0	0	0	2/2	6	1	V(6)/iv		a	i		V(6)/iv	V			6	iv			M	1	1	0, 4, -4		0	0
14	14	53	53	1.0	1/4	1/4	2/2	6	1	V(64)/iv		a	i		V(64)/iv	V			64	iv			M	1	1	0, -1, -4		0	0
14	14	54	54	1.0	1/2	1/2	2/2	6	1	V(4)/iv		a	i		V(4)/iv	V			4	iv			M	1	1	0, -1, 1		0	0
14	14	55	55	1.0	3/4	3/4	2/2	6	1	V/iv		a	i		V/iv	V				iv			M	1	1	0, 4, 1		0	0
15	15	56	56	2.0	0	0	2/2	6	1	iv\\	IV\\	a	i		iv	iv						\\	m	1	1	-1, -4, 0		-1	-1
15	15	58	58	2.0	1/2	1/2	2/2	6	1	V/VII		a	i		V/VII	V				VII			M	1	1	-1, 3, 0		-1	-1
16	16	60	60	2.0	0	0	2/2	6	1	ii/VII	viio6/VII	a	i		ii/VII	ii				VII			m	1	1	0, -3, 1		0	0
16	16	62	62	1.0	1/2	1/2	2/2	6	1	VII		a	i		VII	VII							M	1	1	-2, 2, -1		-2	-2
16	16	63	63	1.0	3/4	3/4	2/2	6	1	vi6/VII		a	i		vi6/VII	vi		6		VII			m	1	1	-2, 2, 1		1	-2
17	17	64	64	2.0	0	0	2/2	6	1	v/VII		a	i		v/VII	v				VII			m	1	1	-1, -4, 0		-1	-1
17	17	66	66	2.0	1/2	1/2	2/2	6	1	IV/VII		a	i		IV/VII	IV				VII			M	1	1	-3, 1, -2		-3	-3
18	18	68	68	2.0	0	0	2/2	6	1	VII6		a	i		VII6	VII		6					M	1	1	2, -1, -2		-2	2
18	18	70	70	1.0	1/2	1/2	2/2	6	1	IV(9)/VII		a	i		IV(9)/VII	IV			9	VII			M	1	1	-3, 1, -2	-1	-3	-3
18	18	71	71	1.0	3/4	3/4	2/2	6	1	IV/VII		a	i		IV/VII	IV				VII			M	1	1	-3, 1, -2		-3	-3
19	19	72	72	1.0	0	0	2/2	6	1	V(4)/VII		a	i		V(4)/VII	V			4	VII			M	1	1	-1, -2, 0		-1	-1
19	19	73	73	3.0	1/4	1/4	2/2	6	1	V/VII		a	i		V/VII	V				VII			M	1	1	-1, 3, 0		-1	-1
20	20	76	76	1.0	0	0	2/2	6	1	VII\\		a	i		VII	VII						\\	M	1	1	-2, 2, -1		-2	-2
20	20	77	77	2.0	1/4	1/4	2/2	6	1	III	i6	a	i		III	III							M	1	1	-3, 1, -2		-3	-3
20	20	79	79	1.0	3/4	3/4	2/2	6	1	i		a	i		i	i							m	1	1	0, -3, 1		0	0
21	21	80	80	1.0	0	0	2/2	6	1	V		a	i		V	V							M	1	1	1, 5, 2		1	1
21	21	81	81	1.0	1/4	1/4	2/2	6	1	V(64)		a	i		V(64)	V			64				M	1	1	1, 0, -3		1	1
21	21	82	82	1.0	1/2	1/2	2/2	6	1	V(4)		a	i		V(4)	V			4				M	1	1	1, 0, 2		1	1
21	21	83	83	1.0	3/4	3/4	2/2	6	1	V		a	i		V	V							M	1	1	1, 5, 2		1	1
22	22	84	84	4.0	0	0	2/2	6	1	i\\	I\\	a	i		i	i						\\	m	1	1	0, -3, 1		0	0
23	23	88	88	2.0	0	0	2/2	6	1	i		a	i		i	i							m	1	1	0, -3, 1		0	0
23	23	90	90	1.0	1/2	1/2	2/2	6	1	VI6		a	i		VI6	VI		6					M	1	1	0, -3, -4		-4	0
23	23	91	91	1.0	3/4	3/4	2/2	6	1	i		a	i		i	i							m	1	1	0, -3, 1		0	0
24	24	92	92	2.0	0	0	2/2	6	1	VI6		a	i		VI6	VI		6					M	1	1	0, -3, -4		-4	0
24	24	94	94	1.0	1/2	1/2	2/2	6	1	i		a	i		i	i							m	1	1	0, -3, 1		0	0
24	24	95	95	1.0	3/4	3/4	2/2	6	1	VI6		a	i		VI6	VI		6					M	1	1	0, -3, -4		-4	0
25	25	96	96	1.0	0	0	2/2	6	1	V7/III		a	i		V7/III	V		7		III			Mm7	1	1	-2, 2, -1, -4		-2	-2
25	25	97	97	1.0	1/4	1/4	2/2	6	1	V(64)/III		a	i		V(64)/III	V			64	III			M	1	1	-2, -3, 1		-2	-2
25	25	98	98	1.0	1/2	1/2	2/2	6	1	V(4)/III		a	i		V(4)/III	V			4	III			M	1	1	-2, -3, -1		-2	-2
25	25	99	99	1.0	3/4	3/4	2/2	6	1	V/III		a	i		V/III	V				III			M	1	1	-2, 2, -1		-2	-2
26	26	100	100	1.0	0	0	2/2	6	1	#viio6(2)/iv		a	i		#viio6(2)/iv	#vii	o	6	2	iv			o	1	1	1, -2, -1		4	1
26	26	101	101	1.0	1/4	1/4	2/2	6	1	#viio6/iv		a	i		#viio6/iv	#vii	o	6		iv			o	1	1	1, -2, 4		4	1
26	26	102	102	2.0	1/2	1/2	2/2	6	1	iv\\	IV\\	a	i		iv	iv						\\	m	1	1	-1, -4, 0		-1	-1
27	27	104	104	2.0	0	0	2/2	6	1	V/VII		a	i		V/VII	V				VII			M	1	1	-1, 3, 0		-1	-1
27	27	106	106	1.0	1/2	1/2	2/2	6	1	VII		a	i		VII	VII							M	1	1	-2, 2, -1		-2	-2
27	27	107	107	1.0	3/4	3/4	2/2	6	1	IV6/VII		a	i		IV6/VII	IV		6		VII			M	1	1	1, -2, -3		-3	1
28	28	108	108	1.0	0	0	2/2	6	1	viio/VII		a	i		viio/VII	vii	o			VII			o	1	1	3, 0, -3		3	3
28	28	109	109	1.0	1/4	1/4	2/2	6	1	VII		a	i		VII	VII							M	1	1	-2, 2, -1		-2	-2
28	28	110	110	1.0	1/2	1/2	2/2	6	1	viio(2)/VII		a	i		viio(2)/VII	vii	o		2	VII			o	1	1	-2, 0, -3		3	-2
28	28	111	111	1.0	3/4	3/4	2/2	6	1	viio/VII		a	i		viio/VII	vii	o			VII			o	1	1	3, 0, -3		3	3
29	29	112	112	2.0	0	0	2/2	6	1	VII\\		a	i		VII	VII						\\	M	1	1	-2, 2, -1		-2	-2
29	29	114	114	1.0	1/2	1/2	2/2	6	1	IV/VII		a	i		IV/VII	IV				VII			M	1	1	-3, 1, -2		-3	-3
29	29	115	115	1.0	3/4	3/4	2/2	6	1	VII6		a	i		VII6	VII		6					M	1	1	2, -1, -2		-2	2
30	30	116	116	2.0	0	0	2/2	6	1	IV/VII		a	i		IV/VII	IV				VII			M	1	1	-3, 1, -2		-3	-3
30	30	118	118	2.0	1/2	1/2	2/2	6	1	VII6		a	i		VII6	VII		6					M	1	1	2, -1, -2		-2	2
31	31	120	120	1.0	0	0	2/2	6	1	ii/VII		a	i		ii/VII	ii				VII			m	1	1	0, -3, 1		0	0
31	31	121	121	0.5	1/4	1/4	2/2	6	1	viio6/VII		a	i		viio6/VII	vii	o	6		VII			o	1	1	0, -3, 3		3	0
31	31	243/2	243/2	0.5	3/8	3/8	2/2	6	1	V43/VII		a	i		V43/VII	V		43		VII			Mm7	1	1	0, -3, -1, 3		-1	0
31	31	122	122	1.0	1/2	1/2	2/2	6	1	VII\\		a	i		VII	VII						\\	M	1	1	-2, 2, -1		-2	-2
31	31	123	123	1.0	3/4	3/4	2/2	6	1	V/VI		a	i		V/VI	V				VI			M	1	1	-3, 1, -2		-3	-3
32	32	124	124	1.0	0	0	2/2	6	1	VI		a	i		VI	VI							M	1	1	-4, 0, -3		-4	-4
32	32	125	125	1.0	1/4	1/4	2/2	6	1	V/VII		a	i		V/VII	V				VII			M	1	1	-1, 3, 0		-1	-1
32	32	126	126	1.0	1/2	1/2	2/2	6	1	V/III		a	i		V/III	V				III			M	1	1	-2, 2, -1		-2	-2
32	32	127	127	1.0	3/4	3/4	2/2	6	1	III		a	i		III	III							M	1	1	-3, 1, -2		-3	-3
33	33	128	128	1.0	0	0	2/2	6	1	vi/IV		a	i		vi/IV	vi				IV			m	1	1	2, -1, 3		2	2
33	33	129	129	1.0	1/4	1/4	2/2	6	1	ii6/IV		a	i		ii6/IV	ii		6		IV			m	1	1	-2, 2, 1		1	-2
33	33	130	130	1.0	1/2	1/2	2/2	6	1	V/IV		a	i		V/IV	V				IV			M	1	1	0, 4, 1		0	0
33	33	131	131	0.5	3/4	3/4	2/2	6	1	V6/VII		a	i		V6/VII	V		6		VII			M	1	1	3, 0, -1		-1	3
33	33	263/2	263/2	0.5	7/8	7/8	2/2	6	1	viio/VII		a	i		viio/VII	vii	o			VII			o	1	1	3, 0, -3		3	3
34	34	132	132	0.5	0	0	2/2	6	1	IV/IV		a	i		IV/IV	IV				IV			M	1	1	-2, 2, -1		-2	-2
34	34	265/2	265/2	0.5	1/8	1/8	2/2	6	1	V7/IV		a	i		V7/IV	V		7		IV			Mm7	1	1	0, 4, 1, -2		0	0
34	34	133	133	0.5	1/4	1/4	2/2	6	1	IV6/IV		a	i		IV6/IV	IV		6		IV			M	1	1	2, -1, -2		-2	2
34	34	267/2	267/2	0.5	3/8	3/8	2/2	6	1	IV6		a	i		IV6	IV		6					M	1	1	3, 0, -1		-1	3
34	34	134	134	1.0	1/2	1/2	2/2	6	1	V(4)/IV		a	i		V(4)/IV	V			4	IV			M	1	1	0, -1, 1		0	0
34	34	135	135	1.0	3/4	3/4	2/2	6	1	V/IV		a	i		V/IV	V				IV			M	1	1	0, 4, 1		0	0
35	35	136	136	2.0	0	0	2/2	6	1	IV\\		a	i		IV	IV						\\	M	1	1	-1, 3, 0		-1	-1
35	35	138	138	2.0	1/2	1/2	2/2	6	1	VII		a	i		VII	VII							M	1	1	-2, 2, -1		-2	-2
36	36	140	140	1.0	0	0	2/2	6	1	V		a	i		V	V							M	1	1	1, 5, 2		1	1
36	36	141	141	1.0	1/4	1/4	2/2	6	1	V2		a	i		V2	V		2					Mm7	1	1	-1, 1, 5, 2		1	-1
36	36	142	142	1.0	1/2	1/2	2/2	6	1	V6/IV		a	i		V6/IV	V		6		IV			M	1	1	4, 1, 0		0	4
36	36	143	143	2.0	3/4	3/4	2/2	6	1	V/IV		a	i		V/IV	V				IV			M	1	1	0, 4, 1		0	0
37	37	145	145	1.0	1/4	1/4	2/2	6	1	V7/IV		a	i		V7/IV	V		7		IV			Mm7	1	1	0, 4, 1, -2		0	0
37	37	146	146	1.0	1/2	1/2	2/2	6	1	IV		a	i		IV	IV							M	1	1	-1, 3, 0		-1	-1
37	37	147	147	1.0	3/4	3/4	2/2	6	1	viio64/VII		a	i		viio64/VII	vii	o	64		VII			o	1	1	-3, 3, 0		3	-3
38	38	148	148	2.0	0	0	2/2	6	1	ii		a	i		ii	ii							m	1	1	2, -1, 3		2	2
38	38	150	150	3.0	1/2	1/2	2/2	6	1	V		a	i		V	V							M	1	1	1, 5, 2		1	1
39	39	153	153	1.0	1/4	1/4	2/2	6	1	i		a	i		i	i							m	1	1	0, -3, 1		0	0
39	39	154	154	1.0	1/2	1/2	2/2	6	1	III		a	i		III	III							M	1	1	-3, 1, -2		-3	-3
39	39	155	155	1.0	3/4	3/4	2/2	6	1	III6		a	i		III6	III		6					M	1	1	1, -2, -3		-3	1
40	40	156	156	2.0	0	0	2/2	6	1	VII		a	i		VII	VII							M	1	1	-2, 2, -1		-2	-2
40	40	158	158	1.0	1/2	1/2	2/2	6	1	iv		a	i		iv	iv							m	1	1	-1, -4, 0		-1	-1
40	40	159	159	1.0	3/4	3/4	2/2	6	1	iv6		a	i		iv6	iv		6					m	1	1	-4, 0, -1		-1	-4
41	41	160	160	1.0	0	0	2/2	6	1	i		a	i		i	i							m	1	1	0, -3, 1		0	0
41	41	161	161	2.0	1/4	1/4	2/2	6	1	III		a	i		III	III							M	1	1	-3, 1, -2		-3	-3
41	41	163	163	1.0	3/4	3/4	2/2	6	1	V6/III		a	i		V6/III	V		6		III			M	1	1	2, -1, -2		-2	2
42	42	164	164	1.0	0	0	2/2	6	1	V/III		a	i		V/III	V				III			M	1	1	-2, 2, -1		-2	-2
42	42	165	165	1.0	1/4	1/4	2/2	6	1	V(64)/III		a	i		V(64)/III	V			64	III			M	1	1	-2, -3, 1		-2	-2
42	42	166	166	1.0	1/2	1/2	2/2	6	1	V(4)/III		a	i		V(4)/III	V			4	III			M	1	1	-2, -3, -1		-2	-2
42	42	167	167	1.0	3/4	3/4	2/2	6	1	V/III		a	i		V/III	V				III			M	1	1	-2, 2, -1		-2	-2
43	43	168	168	4.0	0	0	2/2	6	1	III\\		a	i		III	III						\\	M	1	1	-3, 1, -2		-3	-3
44	44	172	172	17.0	0	0	2/2	6	1	i		a	i		i	i							m	1	1	0, -3, 1		0	0
48	48	189	189	1.0	1/4	1/4	2/2	6	1	V6		a	i		V6	V		6					M	1	1	5, 2, 1		1	5
48	48	190	190	1.0	1/2	1/2	2/2	6	1	i		a	i		i	i							m	1	1	0, -3, 1		0	0
48	48	191	191	1.0	3/4	3/4	2/2	6	1	IV6/IV		a	i		IV6/IV	IV		6		IV			M	1	1	2, -1, -2		-2	2
49	49	192	192	1.0	0	0	2/2	6	1	V7/iv		a	i		V7/iv	V		7		iv			Mm7	1	1	0, 4, 1, -2		0	0
49	49	193	193	1.0	1/4	1/4	2/2	6	1	V(64)/iv		a	i		V(64)/iv	V			64	iv			M	1	1	0, -1, -4		0	0
49	49	194	194	1.0	1/2	1/2	2/2	6	1	V(4)/IV		a	i		V(4)/IV	V			4	IV			M	1	1	0, -1, 1		0	0
49	49	195	195	1.0	3/4	3/4	2/2	6	1	V/IV		a	i		V/IV	V				IV			M	1	1	0, 4, 1		0	0
50	50	196	196	4.0	0	0	2/2	6	1	IV\\		a	i		IV	IV						\\	M	1	1	-1, 3, 0		-1	-1
51	51	200	200	1.0	0	0	2/2	6	1	ii6		a	i		ii6	ii		6					m	1	1	-1, 3, 2		2	-1
51	51	201	201	1.0	1/4	1/4	2/2	6	1	I6		a	i		I6	I		6					M	1	1	4, 1, 0		0	4
51	51	202	202	3.0	1/2	1/2	2/2	6	1	V/V\\		a	i		V/V	V				V		\\	M	1	1	2, 6, 3		2	2
52	52	205	205	2.0	1/4	1/4	2/2	6	1	ii		a	i		ii	ii							m	1	1	2, -1, 3		2	2
52	52	207	207	1.0	3/4	3/4	2/2	6	1	V6/VII		a	i		V6/VII	V		6		VII			M	1	1	3, 0, -1		-1	3
53	53	208	208	1.0	0	0	2/2	6	1	V(6)/III		a	i		V(6)/III	V			6	III			M	1	1	-2, 2, 1		-2	-2
53	53	209	209	1.0	1/4	1/4	2/2	6	1	V(64)/III		a	i		V(64)/III	V			64	III			M	1	1	-2, -3, 1		-2	-2
53	53	210	210	1.0	1/2	1/2	2/2	6	1	V(4)/III		a	i		V(4)/III	V			4	III			M	1	1	-2, -3, -1		-2	-2
53	53	211	211	1.0	3/4	3/4	2/2	6	1	V/III		a	i		V/III	V				III			M	1	1	-2, 2, -1		-2	-2
54	54	212	212	2.0	0	0	2/2	6	1	III\\		a	i		III	III						\\	M	1	1	-3, 1, -2		-3	-3
54	54	214	214	1.0	1/2	1/2	2/2	6	1	i		a	i		i	i							m	1	1	0, -3, 1		0	0
54	54	215	215	1.0	3/4	3/4	2/2	6	1	VII6		a	i		VII6	VII		6					M	1	1	2, -1, -2		-2	2
55	55	216	216	1.0	0	0	2/2	6	1	V/VII		a	i		V/VII	V				VII			M	1	1	-1, 3, 0		-1	-1
55	55	217	217	1.0	1/4	1/4	2/2	6	1	viio64/VII		a	i		viio64/VII	vii	o	64		VII			o	1	1	-3, 3, 0		3	-3
55	55	218	218	1.0	1/2	1/2	2/2	6	1	VII6		a	i		VII6	VII		6					M	1	1	2, -1, -2		-2	2
55	55	219	219	1.0	3/4	3/4	2/2	6	1	III		a	i		III	III							M	1	1	-3, 1, -2		-3	-3
56	56	220	220	1.0	0	0	2/2	6	1	iii/III		a	i		iii/III	iii				III			m	1	1	1, -2, 2		1	1
56	56	221	221	1.0	1/4	1/4	2/2	6	1	viio6/III		a	i		viio6/III	vii	o	6		III			o	1	1	-1, -4, 2		2	-1
56	56	222	222	1.0	1/2	1/2	2/2	6	1	III		a	i		III	III							M	1	1	-3, 1, -2		-3	-3
56	56	223	223	1.0	3/4	3/4	2/2	6	1	iii/III		a	i		iii/III	iii				III			m	1	1	1, -2, 2		1	1
57	57	224	224	1.0	0	0	2/2	6	1	IV/III		a	i		IV/III	IV				III			M	1	1	-4, 0, -3		-4	-4
57	57	225	225	1.0	1/4	1/4	2/2	6	1	vi64/III		a	i		vi64/III	vi		64		III			m	1	1	1, 0, -3		0	1
57	57	226	226	3.0	1/2	1/2	2/2	6	1	ii/III		a	i		ii/III	ii				III			m	1	1	-1, -4, 0		-1	-1
58	58	229	229	2.0	1/4	1/4	2/2	6	1	V/VII		a	i		V/VII	V				VII			M	1	1	-1, 3, 0		-1	-1
58	58	231	231	1.0	3/4	3/4	2/2	6	1	ii6/VII		a	i		ii6/VII	ii		6		VII			m	1	1	-3, 1, 0		0	-3
59	59	232	232	1.0	0	0	2/2	6	1	V7/VII		a	i		V7/VII	V		7		VII			Mm7	1	1	-1, 3, 0, -3		-1	-1
59	59	233	233	1.0	1/4	1/4	2/2	6	1	V(64)/VII		a	i		V(64)/VII	V			64	VII			M	1	1	-1, -2, 2		-1	-1
59	59	234	234	1.0	1/2	1/2	2/2	6	1	V(4)/VII		a	i		V(4)/VII	V			4	VII			M	1	1	-1, -2, 0		-1	-1
59	59	235	235	1.0	3/4	3/4	2/2	6	1	V/VII		a	i		V/VII	V				VII			M	1	1	-1, 3, 0		-1	-1
60	60	236	236	5.0	0	0	2/2	6	1	VII\\		a	i		VII	VII						\\	M	1	1	-2, 2, -1		-2	-2
61	61	241	241	1.0	1/4	1/4	2/2	6	1	V7/III		a	i		V7/III	V		7		III			Mm7	1	1	-2, 2, -1, -4		-2	-2
61	61	242	242	1.0	1/2	1/2	2/2	6	1	III		a	i		III	III							M	1	1	-3, 1, -2		-3	-3
61	61	243	243	1.0	3/4	3/4	2/2	6	1	iii/III		a	i		iii/III	iii				III			m	1	1	1, -2, 2		1	1
62	62	244	244	1.0	0	0	2/2	6	1	IV/III		a	i		IV/III	IV				III			M	1	1	-4, 0, -3		-4	-4
62	62	245	245	1.0	1/4	1/4	2/2	6	1	vi64/III		a	i		vi64/III	vi		64		III			m	1	1	1, 0, -3		0	1
62	62	246	246	1.0	1/2	1/2	2/2	6	1	ii/III		a	i		ii/III	ii				III			m	1	1	-1, -4, 0		-1	-1
62	62	247	247	1.0	3/4	3/4	2/2	6	1	III6		a	i		III6	III		6					M	1	1	1, -2, -3		-3	1
63	63	248	248	1.0	0	0	2/2	6	1	V/III		a	i		V/III	V				III			M	1	1	-2, 2, -1		-2	-2
63	63	249	249	1.0	1/4	1/4	2/2	6	1	ii6/III		a	i		ii6/III	ii		6		III			m	1	1	-4, 0, -1		-1	-4
63	63	250	250	3.0	1/2	1/2	2/2	6	1	v		a	i		v	v							m	1	1	1, -2, 2		1	1
64	64	253	253	2.0	1/4	1/4	2/2	6	1	V		a	i		V	V							M	1	1	1, 5, 2		1	1
64	64	255	255	1.0	3/4	3/4	2/2	6	1	ii6		a	i		ii6	ii		6					m	1	1	-1, 3, 2		2	-1
65	65	256	256	1.0	0	0	2/2	6	1	V7		a	i		V7	V		7					Mm7	1	1	1, 5, 2, -1		1	1
65	65	257	257	1.0	1/4	1/4	2/2	6	1	V(64)		a	i		V(64)	V			64				M	1	1	1, 0, -3		1	1
65	65	258	258	1.0	1/2	1/2	2/2	6	1	V(4)		a	i		V(4)	V			4				M	1	1	1, 0, 2		1	1
65	65	259	259	1.0	3/4	3/4	2/2	6	1	V		a	i		V	V							M	1	1	1, 5, 2		1	1
66	66	260	260	4.0	0	0	2/2	6	1	I\\		a	i		I	I						\\	M	1	1	0, 4, 1		0	0
67	67	264	264	4.0	0	0	2/2	6	1	i		a	i		i	i							m	1	1	0, -3, 1		0	0
68	68	268	268	2.0	0	0	2/2	6	1	V		a	i		V	V							M	1	1	1, 5, 2		1	1
68	68	270	270	2.0	1/2	1/2	2/2	6	1	VII6		a	i		VII6	VII		6					M	1	1	2, -1, -2		-2	2
69	69	272	272	1.0	0	0	2/2	6	1	V/VII		a	i		V/VII	V				VII			M	1	1	-1, 3, 0		-1	-1
69	69	273	273	1.0	1/4	1/4	2/2	6	1	VII\\		a	i		VII	VII						\\	M	1	1	-2, 2, -1		-2	-2
69	69	274	274	2.0	1/2	1/2	2/2	6	1	i		a	i		i	i							m	1	1	0, -3, 1		0	0
70	70	276	276	2.0	0	0	2/2	6	1	VI6		a	i		VI6	VI		6					M	1	1	0, -3, -4		-4	0
70	70	278	278	2.0	1/2	1/2	2/2	6	1	V\\		a	i		V	V						\\	M	1	1	1, 5, 2		1	1
71	71	280	280	1.0	0	0	2/2	6	1	iv6(2)		a	i		iv6(2)	iv		6	2				m	1	1	-4, 0, 1		-1	-4
71	71	281	281	1.0	1/4	1/4	2/2	6	1	iv6		a	i		iv6	iv		6					m	1	1	-4, 0, -1		-1	-4
71	71	282	282	1.0	1/2	1/2	2/2	6	1	iv		a	i		iv	iv							m	1	1	-1, -4, 0		-1	-1
71	71	283	283	1.0	3/4	3/4	2/2	6	1	III6		a	i		III6	III		6					M	1	1	1, -2, -3		-3	1
72	72	284	284	1.0	0	0	2/2	6	1	V(4)/III		a	i		V(4)/III	V			4	III			M	1	1	-2, -3, -1		-2	-2
72	72	285	285	1.0	1/4	1/4	2/2	6	1	V/III		a	i		V/III	V				III			M	1	1	-2, 2, -1		-2	-2
72	72	286	286	2.0	1/2	1/2	2/2	6	1	III\\		a	i		III	III						\\	M	1	1	-3, 1, -2		-3	-3
73	73	288	288	2.0	0	0	2/2	6	1	VII		a	i		VII	VII							M	1	1	-2, 2, -1		-2	-2
73	73	290	290	2.0	1/2	1/2	2/2	6	1	vi/VII		a	i		vi/VII	vi				VII			m	1	1	1, -2, 2		1	1
74	74	292	292	1.0	0	0	2/2	6	1	V/VII		a	i		V/VII	V				VII			M	1	1	-1, 3, 0		-1	-1
74	74	293	293	1.0	1/4	1/4	2/2	6	1	bVII/VII		a	i		bVII/VII	bVII				VII			M	1	1	-4, 0, -3		-4	-4
74	74	294	294	2.0	1/2	1/2	2/2	6	1	vi/VII		a	i		vi/VII	vi				VII			m	1	1	1, -2, 2		1	1
75	75	296	296	1.0	0	0	2/2	6	1	V/VII		a	i		V/VII	V				VII			M	1	1	-1, 3, 0		-1	-1
75	75	297	297	1.0	1/4	1/4	2/2	6	1	bVII/VII		a	i		bVII/VII	bVII				VII			M	1	1	-4, 0, -3		-4	-4
75	75	298	298	1.0	1/2	1/2	2/2	6	1	IV6/VII		a	i		IV6/VII	IV		6		VII			M	1	1	1, -2, -3		-3	1
75	75	299	299	1.0	3/4	3/4	2/2	6	1	IV/VII		a	i		IV/VII	IV				VII			M	1	1	-3, 1, -2		-3	-3
76	76	300	300	1.0	0	0	2/2	6	1	V7/VII		a	i		V7/VII	V		7		VII			Mm7	1	1	-1, 3, 0, -3		-1	-1
76	76	301	301	1.0	1/4	1/4	2/2	6	1	V(64)/VII		a	i		V(64)/VII	V			64	VII			M	1	1	-1, -2, 2		-1	-1
76	76	302	302	1.0	1/2	1/2	2/2	6	1	V(4)/VII		a	i		V(4)/VII	V			4	VII			M	1	1	-1, -2, 0		-1	-1
76	76	303	303	1.0	3/4	3/4	2/2	6	1	V/VII		a	i		V/VII	V				VII			M	1	1	-1, 3, 0		-1	-1
77	77	304	304	2.0	0	0	2/2	6	1	VII\\		a	i		VII	VII						\\	M	1	1	-2, 2, -1		-2	-2
77	77	306	306	2.0	1/2	1/2	2/2	6	1	VI	iv6	a	i		VI	VI							M	1	1	-4, 0, -3		-4	-4
78	78	308	308	1.0	0	0	2/2	6	1	V		a	i		V	V							M	1	1	1, 5, 2		1	1
78	78	309	309	1.0	1/4	1/4	2/2	6	1	VII	v6	a	i		VII	VII							M	1	1	-2, 2, -1		-2	-2
78	78	310	310	2.0	1/2	1/2	2/2	6	1	VI	iv6	a	i		VI	VI							M	1	1	-4, 0, -3		-4	-4
79	79	312	312	1.0	0	0	2/2	6	1	V		a	i		V	V							M	1	1	1, 5, 2		1	1
79	79	313	313	1.0	1/4	1/4	2/2	6	1	VII	v6	a	i		VII	VII							M	1	1	-2, 2, -1		-2	-2
79	79	314	314	1.0	1/2	1/2	2/2	6	1	VI	iv6	a	i		VI	VI							M	1	1	-4, 0, -3		-4	-4
79	79	315	315	1.0	3/4	3/4	2/2	6	1	iv		a	i		iv	iv							m	1	1	-1, -4, 0		-1	-1
80	80	316	316	1.0	0	0	2/2	6	1	V7		a	i		V7	V		7					Mm7	1	1	1, 5, 2, -1		1	1
80	80	317	317	1.0	1/4	1/4	2/2	6	1	V(64)		a	i		V(64)	V			64				M	1	1	1, 0, -3		1	1
80	80	318	318	1.0	1/2	1/2	2/2	6	1	V(4)		a	i		V(4)	V			4				M	1	1	1, 0, 2		1	1
80	80	319	319	1.0	3/4	3/4	2/2	6	1	V		a	i		V	V							M	1	1	1, 5, 2		1	1
81	81	320	320	4.0	0	0	2/2	6	1	i\\	I\\	a	i		i	i						\\	m	1	1	0, -3, 1		0	0
82	82	324	324	8.0	0	0	2/2	6	1	i		a	i		i	i							m	1	1	0, -3, 1		0	0
84	84	332	332	6.0	0	0	2/2	6	1	V/VII		a	i		V/VII	V				VII			M	1	1	-1, 3, 0		-1	-1
85	85	338	338	4.0	1/2	1/2	2/2	6	1	VII		a	i		VII	VII							M	1	1	-2, 2, -1		-2	-2
86	86	342	342	2.0	1/2	1/2	2/2	6	1	iv		a	i		iv	iv							m	1	1	-1, -4, 0		-1	-1
87	87	344	344	2.0	0	0	2/2	6	1	i		a	i		i	i							m	1	1	0, -3, 1		0	0
87	87	346	346	2.0	1/2	1/2	2/2	6	1	v		a	i		v	v							m	1	1	1, -2, 2		1	1
88	88	348	348	1.0	0	0	2/2	6	1	VII6		a	i		VII6	VII		6					M	1	1	2, -1, -2		-2	2
88	88	349	349	1.0	1/4	1/4	2/2	6	1	III		a	i		III	III							M	1	1	-3, 1, -2		-3	-3
88	88	350	350	2.0	1/2	1/2	2/2	6	1	iv		a	i		iv	iv							m	1	1	-1, -4, 0		-1	-1
89	89	352	352	2.0	0	0	2/2	6	1	V\\		a	i		V	V						\\	M	1	1	1, 5, 2		1	1
89	89	354	354	10.0	1/2	1/2	2/2	6	1	V6		a	i		V6	V		6					M	1	1	5, 2, 1		1	5
92	92	364	364	2.0	0	0	2/2	6	1	I		a	i		I	I							M	1	1	0, 4, 1		0	0
92	92	366	366	2.0	1/2	1/2	2/2	6	1	V6/VII		a	i		V6/VII	V		6		VII			M	1	1	3, 0, -1		-1	3
93	93	368	368	1.0	0	0	2/2	6	1	viio/VII		a	i		viio/VII	vii	o			VII			o	1	1	3, 0, -3		3	3
93	93	369	369	1.0	1/4	1/4	2/2	6	1	V6/VII		a	i		V6/VII	V		6		VII			M	1	1	3, 0, -1		-1	3
93	93	370	370	1.0	1/2	1/2	2/2	6	1	V/III		a	i		V/III	V				III			M	1	1	-2, 2, -1		-2	-2
93	93	371	371	1.0	3/4	3/4	2/2	6	1	III		a	i		III	III							M	1	1	-3, 1, -2		-3	-3
94	94	372	372	2.0	0	0	2/2	6	1	V(4)/III		a	i		V(4)/III	V			4	III			M	1	1	-2, -3, -1		-2	-2
94	94	374	374	2.0	1/2	1/2	2/2	6	1	V/III		a	i		V/III	V				III			M	1	1	-2, 2, -1		-2	-2
95	95	376	376	6.0	0	0	2/2	6	1	III\\		a	i		III	III						\\	M	1	1	-3, 1, -2		-3	-3
96	96	382	382	2.0	1/2	1/2	2/2	6	1	V6/III		a	i		V6/III	V		6		III			M	1	1	2, -1, -2		-2	2
97	97	384	384	1.0	0	0	2/2	6	1	III		a	i		III	III							M	1	1	-3, 1, -2		-3	-3
97	97	385	385	1.0	1/4	1/4	2/2	6	1	V6/III		a	i		V6/III	V		6		III			M	1	1	2, -1, -2		-2	2
97	97	386	386	1.0	1/2	1/2	2/2	6	1	i		a	i		i	i							m	1	1	0, -3, 1		0	0
97	97	387	387	1.0	3/4	3/4	2/2	6	1	v6		a	i		v6	v		6					m	1	1	-2, 2, 1		1	-2
98	98	388	388	1.0	0	0	2/2	6	1	VI		a	i		VI	VI							M	1	1	-4, 0, -3		-4	-4
98	98	389	389	1.0	1/4	1/4	2/2	6	1	v		a	i		v	v							m	1	1	1, -2, 2		1	1
98	98	390	390	2.0	1/2	1/2	2/2	6	1	iv		a	i		iv	iv							m	1	1	-1, -4, 0		-1	-1
99	99	392	392	1.0	0	0	2/2	6	1	V/IV		a	i		V/IV	V				IV			M	1	1	0, 4, 1		0	0
99	99	393	393	1.0	1/4	1/4	2/2	6	1	V7/IV		a	i		V7/IV	V		7		IV			Mm7	1	1	0, 4, 1, -2		0	0
99	99	394	394	1.0	1/2	1/2	2/2	6	1	IV		a	i		IV	IV							M	1	1	-1, 3, 0		-1	-1
99	99	395	395	0.5	3/4	3/4	2/2	6	1	vi/IV		a	i		vi/IV	vi				IV			m	1	1	2, -1, 3		2	2
99	99	791/2	791/2	1.5	7/8	7/8	2/2	6	1	IV		a	i		IV	IV							M	1	1	-1, 3, 0		-1	-1
100	100	397	397	1.0	1/4	1/4	2/2	6	1	VII6		a	i		VII6	VII		6					M	1	1	2, -1, -2		-2	2
100	100	398	398	1.5	1/2	1/2	2/2	6	1	viio6(2)/VII		a	i		viio6(2)/VII	vii	o	6	2	VII			o	1	1	0, -3, -2		3	0
100	100	799/2	799/2	0.5	7/8	7/8	2/2	6	1	viio6/VII		a	i		viio6/VII	vii	o	6		VII			o	1	1	0, -3, 3		3	0
101	101	400	400	2.0	0	0	2/2	6	1	VII\\		a	i		VII	VII						\\	M	1	1	-2, 2, -1		-2	-2
101	101	402	402	1.0	1/2	1/2	2/2	6	1	i		a	i		i	i							m	1	1	0, -3, 1		0	0
101	101	403	403	1.0	3/4	3/4	2/2	6	1	v		a	i		v	v							m	1	1	1, -2, 2		1	1
102	102	404	404	1.0	0	0	2/2	6	1	VI		a	i		VI	VI							M	1	1	-4, 0, -3		-4	-4
102	102	405	405	1.0	1/4	1/4	2/2	6	1	III		a	i		III	III							M	1	1	-3, 1, -2		-3	-3
102	102	406	406	1.0	1/2	1/2	2/2	6	1	V		a	i		V	V							M	1	1	1, 5, 2		1	1
102	102	407	407	1.0	3/4	3/4	2/2	6	1	#viio6		a	i		#viio6	#vii	o	6					o	1	1	2, -1, 5		5	2
103	103	408	408	2.0	0	0	2/2	6	1	V6/IV		a	i		V6/IV	V		6		IV			M	1	1	4, 1, 0		0	4
103	103	410	410	3.0	1/2	1/2	2/2	6	1	V/VII		a	i		V/VII	V				VII			M	1	1	-1, 3, 0		-1	-1
104	104	413	413	1.0	1/4	1/4	2/2	6	1	VII6		a	i		VII6	VII		6					M	1	1	2, -1, -2		-2	2
104	104	414	414	1.5	1/2	1/2	2/2	6	1	viio6(2)/VII		a	i		viio6(2)/VII	vii	o	6	2	VII			o	1	1	0, -3, -2		3	0
104	104	831/2	831/2	0.5	7/8	7/8	2/2	6	1	viio6/VII		a	i		viio6/VII	vii	o	6		VII			o	1	1	0, -3, 3		3	0
105	105	416	416	1.0	0	0	2/2	6	1	VII\\		a	i		VII	VII						\\	M	1	1	-2, 2, -1		-2	-2
105	105	417	417	1.0	1/4	1/4	2/2	6	1	IV		a	i		IV	IV							M	1	1	-1, 3, 0		-1	-1
105	105	418	418	1.0	1/2	1/2	2/2	6	1	V2		a	i		V2	V		2					Mm7	1	1	-1, 1, 5, 2		1	-1
105	105	419	419	1.0	3/4	3/4	2/2	6	1	I6		a	i		I6	I		6					M	1	1	4, 1, 0		0	4
106	106	420	420	1.0	0	0	2/2	6	1	#viio6(2)		a	i		#viio6(2)	#vii	o	6	2				o	1	1	2, -1, 0		5	2
106	106	421	421	1.0	1/4	1/4	2/2	6	1	#viio6		a	i		#viio6	#vii	o	6					o	1	1	2, -1, 5		5	2
106	106	422	422	2.0	1/2	1/2	2/2	6	1	I\\		a	i		I	I						\\	M	1	1	0, 4, 1		0	0
107	107	424	424	1.0	0	0	2/2	6	1	V6/III		a	i		V6/III	V		6		III			M	1	1	2, -1, -2		-2	2
107	107	425	425	1.0	1/4	1/4	2/2	6	1	III		a	i		III	III							M	1	1	-3, 1, -2		-3	-3
107	107	426	426	1.0	1/2	1/2	2/2	6	1	IV		a	i		IV	IV							M	1	1	-1, 3, 0		-1	-1
107	107	427	427	1.0	3/4	3/4	2/2	6	1	v		a	i		v	v							m	1	1	1, -2, 2		1	1
108	108	428	428	2.0	0	0	2/2	6	1	V/V		a	i		V/V	V				V			M	1	1	2, 6, 3		2	2
108	108	430	430	2.0	1/2	1/2	2/2	6	1	V		a	i		V	V							M	1	1	1, 5, 2		1	1
109	109	432	432	1.0	0	0	2/2	6	1	i		a	i		i	i							m	1	1	0, -3, 1		0	0
109	109	433	433	1.0	1/4	1/4	2/2	6	1	VI		a	i		VI	VI							M	1	1	-4, 0, -3		-4	-4
109	109	434	434	1.0	1/2	1/2	2/2	6	1	iio6		a	i		iio6	ii	o	6					o	1	1	-1, -4, 2		2	-1
109	109	435	435	1.0	3/4	3/4	2/2	6	1	iv7		a	i		iv7	iv		7					mm7	1	1	-1, -4, 0, -3		-1	-1
110	110	436	436	1.0	0	0	2/2	6	1	V(4)		a	i		V(4)	V			4				M	1	1	1, 0, 2		1	1
110	110	437	437	1.0	1/4	1/4	2/2	6	1	V		a	i		V	V							M	1	1	1, 5, 2		1	1
110	110	438	438	2.0	1/2	1/2	2/2	6	1	i\\		a	i		i	i						\\	m	1	1	0, -3, 1		0	0
111	111	440	440	1.0	0	0	2/2	6	1	VI6		a	i		VI6	VI		6					M	1	1	0, -3, -4		-4	0
111	111	441	441	1.0	1/4	1/4	2/2	6	1	v6		a	i		v6	v		6					m	1	1	-2, 2, 1		1	-2
111	111	442	442	1.0	1/2	1/2	2/2	6	1	iv65(2)		a	i		iv65(2)	iv		65	2				mm7	1	1	-4, 0, -3, 1		-1	-4
111	111	443	443	1.0	3/4	3/4	2/2	6	1	iv6		a	i		iv6	iv		6					m	1	1	-4, 0, -1		-1	-4
112	112	444	444	4.0	0	0	2/2	6	1	V\\		a	i		V	V						\\	M	1	1	1, 5, 2		1	1
113	113	448	448	4.0	0	0	2/2	6	1	I		a	i		I	I							M	1	1	0, 4, 1		0	0
114	114	452	452	2.0	0	0	2/2	6	1	VI6		a	i		VI6	VI		6					M	1	1	0, -3, -4		-4	0
114	114	454	454	8.0	1/2	1/2	2/2	6	1	i		a	i		i	i							m	1	1	0, -3, 1		0	0
116	116	462	462	4.0	1/2	1/2	2/2	6	1	V\\		a	i		V	V						\\	M	1	1	1, 5, 2		1	1
117	117	466	466	2.0	1/2	1/2	2/2	6	1	v		a	i		v	v							m	1	1	1, -2, 2		1	1
118	118	468	468	1.0	0	0	2/2	6	1	ii/VII		a	i		ii/VII	ii				VII			m	1	1	0, -3, 1		0	0
118	118	469	469	1.0	1/4	1/4	2/2	6	1	viio6/VII		a	i		viio6/VII	vii	o	6		VII			o	1	1	0, -3, 3		3	0
118	118	470	470	2.0	1/2	1/2	2/2	6	1	VII		a	i		VII	VII							M	1	1	-2, 2, -1		-2	-2
119	119	472	472	2.0	0	0	2/2	6	1	ii/VII		a	i		ii/VII	ii				VII			m	1	1	0, -3, 1		0	0
119	119	474	474	2.0	1/2	1/2	2/2	6	1	V/III		a	i		V/III	V				III			M	1	1	-2, 2, -1		-2	-2
120	120	476	476	0.5	0	0	2/2	6	1	IV/III		a	i		IV/III	IV				III			M	1	1	-4, 0, -3		-4	-4
120	120	953/2	953/2	0.5	1/8	1/8	2/2	6	1	ii6/III		a	i		ii6/III	ii		6		III			m	1	1	-4, 0, -1		-1	-4
120	120	477	477	1.0	1/4	1/4	2/2	6	1	III6		a	i		III6	III		6					M	1	1	1, -2, -3		-3	1
120	120	478	478	1.0	1/2	1/2	2/2	6	1	V(4)/III		a	i		V(4)/III	V			4	III			M	1	1	-2, -3, -1		-2	-2
120	120	479	479	1.0	3/4	3/4	2/2	6	1	V/III		a	i		V/III	V				III			M	1	1	-2, 2, -1		-2	-2
121	121	480	480	8.0	0	0	2/2	6	1	III\\		a	i		III	III						\\	M	1	1	-3, 1, -2		-3	-3
123	123	488	488	4.0	0	0	2/2	6	1	VII		a	i		VII	VII							M	1	1	-2, 2, -1		-2	-2
124	124	492	492	1.0	0	0	2/2	6	1	iv(4)		a	i		iv(4)	iv			4				m	1	1	-1, -2, 0		-1	-1
124	124	493	493	5.0	1/4	1/4	2/2	6	1	iv		a	i		iv	iv							m	1	1	-1, -4, 0		-1	-1
125	125	498	498	4.0	1/2	1/2	2/2	6	1	i		a	i		i	i							m	1	1	0, -3, 1		0	0
126	126	502	502	2.0	1/2	1/2	2/2	6	1	v		a	i		v	v							m	1	1	1, -2, 2		1	1
127	127	504	504	2.0	0	0	2/2	6	1	i6		a	i		i6	i		6					m	1	1	-3, 1, 0		0	-3
127	127	506	506	2.0	1/2	1/2	2/2	6	1	i64		a	i		i64	i		64					m	1	1	1, 0, -3		0	1
128	128	508	508	4.0	0	0	2/2	6	1	V/VII		a	i		V/VII	V				VII			M	1	1	-1, 3, 0		-1	-1
129	129	512	512	3.0	0	0	2/2	6	1	VII\\		a	i		VII	VII						\\	M	1	1	-2, 2, -1		-2	-2
129	129	515	515	1.0	3/4	3/4	2/2	6	1	V7/III		a	i		V7/III	V		7		III			Mm7	1	1	-2, 2, -1, -4		-2	-2
130	130	516	516	2.0	0	0	2/2	6	1	III		a	i		III	III							M	1	1	-3, 1, -2		-3	-3
130	130	518	518	2.0	1/2	1/2	2/2	6	1	VI		a	i		VI	VI							M	1	1	-4, 0, -3		-4	-4
131	131	520	520	2.0	0	0	2/2	6	1	ii6		a	i		ii6	ii		6					m	1	1	-1, 3, 2		2	-1
131	131	522	522	1.0	1/2	1/2	2/2	6	1	ii%43		a	i		ii%43	ii	%	43					%7	1	1	-4, 0, 2, -1		2	-4
131	131	523	523	1.0	3/4	3/4	2/2	6	1	VI		a	i		VI	VI							M	1	1	-4, 0, -3		-4	-4
132	132	524	524	2.0	0	0	2/2	6	1	V(4)		a	i		V(4)	V			4				M	1	1	1, 0, 2		1	1
132	132	526	526	2.0	1/2	1/2	2/2	6	1	V		a	i		V	V							M	1	1	1, 5, 2		1	1
133	133	528	528	4.0	0	0	2/2	6	1	i\\	I\\	a	i		i	i						\\	m	1	1	0, -3, 1		0	0
134	134	532	532	1.0	0	0	2/2	6	1	i		a	i		i	i							m	1	1	0, -3, 1		0	0
134	134	533	533	2.0	1/4	1/4	2/2	6	1	IV/III		a	i		IV/III	IV				III			M	1	1	-4, 0, -3		-4	-4
134	134	535	535	1.0	3/4	3/4	2/2	6	1	III		a	i		III	III							M	1	1	-3, 1, -2		-3	-3
135	135	536	536	4.0	0	0	2/2	6	1	V/III\\		a	i		V/III	V				III		\\	M	1	1	-2, 2, -1		-2	-2
136	136	540	540	1.0	0	0	2/2	6	1	i		a	i		i	i							m	1	1	0, -3, 1		0	0
136	136	541	541	1.0	1/4	1/4	2/2	6	1	v	V	a	i		v	v							m	1	1	1, -2, 2		1	1
136	136	542	542	1.0	1/2	1/2	2/2	6	1	iv65(2)		a	i		iv65(2)	iv		65	2				mm7	1	1	-4, 0, -3, 1		-1	-4
136	136	543	543	1.0	3/4	3/4	2/2	6	1	iv6		a	i		iv6	iv		6					m	1	1	-4, 0, -1		-1	-4
137	137	544	544	2.0	0	0	2/2	6	1	V		a	i		V	V							M	1	1	1, 5, 2		1	1
137	137	546	546	2.0	1/2	1/2	2/2	6	1	i		a	i		i	i							m	1	1	0, -3, 1		0	0
138	138	548	548	1.0	0	0	2/2	6	1	ii65(2)/III		a	i		ii65(2)/III	ii		65	2	III			mm7	1	1	-4, 0, -3, 1		-1	-4
138	138	549	549	1.0	1/4	1/4	2/2	6	1	ii65/III		a	i		ii65/III	ii		65		III			mm7	1	1	-4, 0, -3, -1		-1	-4
138	138	550	550	1.0	1/2	1/2	2/2	6	1	V(4)/III		a	i		V(4)/III	V			4	III			M	1	1	-2, -3, -1		-2	-2
138	138	551	551	1.0	3/4	3/4	2/2	6	1	V/III		a	i		V/III	V				III			M	1	1	-2, 2, -1		-2	-2
139	139	552	552	2.0	0	0	2/2	6	1	III\\		a	i		III	III						\\	M	1	1	-3, 1, -2		-3	-3
139	139	554	554	2.0	1/2	1/2	2/2	6	1	VII		a	i		VII	VII							M	1	1	-2, 2, -1		-2	-2
140	140	556	556	3.0	0	0	2/2	6	1	V/VII		a	i		V/VII	V				VII			M	1	1	-1, 3, 0		-1	-1
140	140	559	559	1.0	3/4	3/4	2/2	6	1	VII6		a	i		VII6	VII		6					M	1	1	2, -1, -2		-2	2
141	141	560	560	1.0	0	0	2/2	6	1	V7		a	i		V7	V		7					Mm7	1	1	1, 5, 2, -1		1	1
141	141	561	561	1.0	1/4	1/4	2/2	6	1	V(64)		a	i		V(64)	V			64				M	1	1	1, 0, -3		1	1
141	141	562	562	1.0	1/2	1/2	2/2	6	1	V(4)		a	i		V(4)	V			4				M	1	1	1, 0, 2		1	1
141	141	563	563	1.0	3/4	3/4	2/2	6	1	V		a	i		V	V							M	1	1	1, 5, 2		1	1
142	142	564	564	4.0	0	0	2/2	6	1	I\\		a	i		I	I						\\	M	1	1	0, 4, 1		0	0
143	143	568	568	0.5	0	0	2/2	6	1	IV/VII		a	i		IV/VII	IV				VII			M	1	1	-3, 1, -2		-3	-3
143	143	1137/2	1137/2	0.5	1/8	1/8	2/2	6	1	viio64/VII		a	i		viio64/VII	vii	o	64		VII			o	1	1	-3, 3, 0		3	-3
143	143	569	569	1.0	1/4	1/4	2/2	6	1	VII6		a	i		VII6	VII		6					M	1	1	2, -1, -2		-2	2
143	143	570	570	1.0	1/2	1/2	2/2	6	1	viio6(2)/VII		a	i		viio6(2)/VII	vii	o	6	2	VII			o	1	1	0, -3, -2		3	0
143	143	571	571	1.0	3/4	3/4	2/2	6	1	viio6/VII		a	i		viio6/VII	vii	o	6		VII			o	1	1	0, -3, 3		3	0
144	144	572	572	1.0	0	0	2/2	6	1	V(4)/III		a	i		V(4)/III	V			4	III			M	1	1	-2, -3, -1		-2	-2
144	144	573	573	1.0	1/4	1/4	2/2	6	1	V/III		a	i		V/III	V				III			M	1	1	-2, 2, -1		-2	-2
144	144	574	574	1.0	1/2	1/2	2/2	6	1	III6		a	i		III6	III		6					M	1	1	1, -2, -3		-3	1
144	144	575	575	1.0	3/4	3/4	2/2	6	1	III		a	i		III	III							M	1	1	-3, 1, -2		-3	-3
145	145	576	576	0.5	0	0	2/2	6	1	IV/III		a	i		IV/III	IV				III			M	1	1	-4, 0, -3		-4	-4
145	145	1153/2	1153/2	0.5	1/8	1/8	2/2	6	1	vii%43/III		a	i		vii%43/III	vii	%	43		III			%7	1	1	-4, 0, 2, -1		2	-4
145	145	577	577	0.5	1/4	1/4	2/2	6	1	III6		a	i		III6	III		6					M	1	1	1, -2, -3		-3	1
145	145	1155/2	1155/2	0.5	3/8	3/8	2/2	6	1	ii65(+4)/III		a	i		ii65(+4)/III	ii		65	+4	III			mm7	1	1	-4, 0, -3, -1	-2	-1	-4
145	145	578	578	1.0	1/2	1/2	2/2	6	1	V(+4)/III		a	i		V(+4)/III	V			+4	III			M	1	1	-2, 2, -1	-3	-2	-2
145	145	579	579	1.0	3/4	3/4	2/2	6	1	V/III		a	i		V/III	V				III			M	1	1	-2, 2, -1		-2	-2
146	146	580	580	0.5	0	0	2/2	6	1	III		a	i		III	III							M	1	1	-3, 1, -2		-3	-3
146	146	1161/2	1161/2	0.5	1/8	1/8	2/2	6	1	viio64/VII		a	i		viio64/VII	vii	o	64		VII			o	1	1	-3, 3, 0		3	-3
146	146	581	581	0.5	1/4	1/4	2/2	6	1	VII6		a	i		VII6	VII		6					M	1	1	2, -1, -2		-2	2
146	146	1163/2	1163/2	0.5	3/8	3/8	2/2	6	1	ii65/VII		a	i		ii65/VII	ii		65		VII			mm7	1	1	-3, 1, -2, 0		0	-3
146	146	582	582	1.0	1/2	1/2	2/2	6	1	V(4)/VII		a	i		V(4)/VII	V			4	VII			M	1	1	-1, -2, 0		-1	-1
146	146	583	583	1.0	3/4	3/4	2/2	6	1	V/VII		a	i		V/VII	V				VII			M	1	1	-1, 3, 0		-1	-1
147	147	584	584	2.0	0	0	2/2	6	1	VII\\		a	i		VII	VII						\\	M	1	1	-2, 2, -1		-2	-2
147	147	586	586	0.5	1/2	1/2	2/2	6	1	IV6/VII		a	i		IV6/VII	IV		6		VII			M	1	1	1, -2, -3		-3	1
147	147	1173/2	1173/2	0.5	5/8	5/8	2/2	6	1	vii%7/VII		a	i		vii%7/VII	vii	%	7		VII			%7	1	1	3, 0, -3, 1		3	3
147	147	587	587	1.0	3/4	3/4	2/2	6	1	VII		a	i		VII	VII							M	1	1	-2, 2, -1		-2	-2
148	148	588	588	1.0	0	0	2/2	6	1	V6(4)/VII		a	i		V6(4)/VII	V		6	4	VII			M	1	1	-2, 0, -1		-1	-2
148	148	589	589	1.0	1/4	1/4	2/2	6	1	V6/VII		a	i		V6/VII	V		6		VII			M	1	1	3, 0, -1		-1	3
148	148	590	590	2.0	1/2	1/2	2/2	6	1	VII\\		a	i		VII	VII						\\	M	1	1	-2, 2, -1		-2	-2
149	149	592	592	1.0	0	0	2/2	6	1	i		a	i		i	i							m	1	1	0, -3, 1		0	0
149	149	593	593	1.0	1/4	1/4	2/2	6	1	III		a	i		III	III							M	1	1	-3, 1, -2		-3	-3
149	149	594	594	1.0	1/2	1/2	2/2	6	1	V(4)/III		a	i		V(4)/III	V			4	III			M	1	1	-2, -3, -1		-2	-2
149	149	595	595	0.5	3/4	3/4	2/2	6	1	V/III		a	i		V/III	V				III			M	1	1	-2, 2, -1		-2	-2
149	149	1191/2	1191/2	0.5	7/8	7/8	2/2	6	1	viio64/III		a	i		viio64/III	vii	o	64		III			o	1	1	-4, 2, -1		2	-4
150	150	596	596	1.0	0	0	2/2	6	1	III6		a	i		III6	III		6					M	1	1	1, -2, -3		-3	1
150	150	597	597	1.0	1/4	1/4	2/2	6	1	III		a	i		III	III							M	1	1	-3, 1, -2		-3	-3
150	150	598	598	2.0	1/2	1/2	2/2	6	1	IV/III		a	i		IV/III	IV				III			M	1	1	-4, 0, -3		-4	-4
151	151	600	600	1.0	0	0	2/2	6	1	V(11)/III		a	i		V(11)/III	V			11	III			M	1	1	-2, 2, -1	-3	-2	-2
151	151	601	601	1.0	1/4	1/4	2/2	6	1	V/III		a	i		V/III	V				III			M	1	1	-2, 2, -1		-2	-2
151	151	602	602	2.0	1/2	1/2	2/2	6	1	III		a	i		III	III							M	1	1	-3, 1, -2		-3	-3
152	152	604	604	3.0	0	0	2/2	6	1	V\\		a	i		V	V						\\	M	1	1	1, 5, 2		1	1
152	152	607	607	1.0	3/4	3/4	2/2	6	1	IV/VII		a	i		IV/VII	IV				VII			M	1	1	-3, 1, -2		-3	-3
153	153	608	608	1.0	0	0	2/2	6	1	V/VII		a	i		V/VII	V				VII			M	1	1	-1, 3, 0		-1	-1
153	153	609	609	1.0	1/4	1/4	2/2	6	1	V7/VII		a	i		V7/VII	V		7		VII			Mm7	1	1	-1, 3, 0, -3		-1	-1
153	153	610	610	2.0	1/2	1/2	2/2	6	1	VII\\		a	i		VII	VII						\\	M	1	1	-2, 2, -1		-2	-2
154	154	612	612	2.0	0	0	2/2	6	1	i		a	i		i	i							m	1	1	0, -3, 1		0	0
154	154	614	614	2.0	1/2	1/2	2/2	6	1	IV/III		a	i		IV/III	IV				III			M	1	1	-4, 0, -3		-4	-4
155	155	616	616	1.0	0	0	2/2	6	1	V(4)/III		a	i		V(4)/III	V			4	III			M	1	1	-2, -3, -1		-2	-2
155	155	617	617	1.0	1/4	1/4	2/2	6	1	V/III		a	i		V/III	V				III			M	1	1	-2, 2, -1		-2	-2
155	155	618	618	2.0	1/2	1/2	2/2	6	1	III\\		a	i		III	III						\\	M	1	1	-3, 1, -2		-3	-3
156	156	620	620	2.0	0	0	2/2	6	1	V		a	i		V	V							M	1	1	1, 5, 2		1	1
156	156	622	622	1.0	1/2	1/2	2/2	6	1	V/IV		a	i		V/IV	V				IV			M	1	1	0, 4, 1		0	0
156	156	623	623	1.0	3/4	3/4	2/2	6	1	V7/IV		a	i		V7/IV	V		7		IV			Mm7	1	1	0, 4, 1, -2		0	0
157	157	624	624	1.0	0	0	2/2	6	1	V6/VII		a	i		V6/VII	V		6		VII			M	1	1	3, 0, -1		-1	3
157	157	625	625	1.0	1/4	1/4	2/2	6	1	V65/VII		a	i		V65/VII	V		65		VII			Mm7	1	1	3, 0, -3, -1		-1	3
157	157	626	626	1.0	1/2	1/2	2/2	6	1	V/IV		a	i		V/IV	V				IV			M	1	1	0, 4, 1		0	0
157	157	627	627	1.0	3/4	3/4	2/2	6	1	V7/IV		a	i		V7/IV	V		7		IV			Mm7	1	1	0, 4, 1, -2		0	0
158	158	628	628	1.0	0	0	2/2	6	1	V/VII		a	i		V/VII	V				VII			M	1	1	-1, 3, 0		-1	-1
158	158	629	629	1.0	1/4	1/4	2/2	6	1	V7/VII		a	i		V7/VII	V		7		VII			Mm7	1	1	-1, 3, 0, -3		-1	-1
158	158	630	630	1.0	1/2	1/2	2/2	6	1	V/III		a	i		V/III	V				III			M	1	1	-2, 2, -1		-2	-2
158	158	631	631	1.0	3/4	3/4	2/2	6	1	V7/III		a	i		V7/III	V		7		III			Mm7	1	1	-2, 2, -1, -4		-2	-2
159	159	632	632	1.0	0	0	2/2	6	1	V/VI		a	i		V/VI	V				VI			M	1	1	-3, 1, -2		-3	-3
159	159	633	633	1.0	1/4	1/4	2/2	6	1	V7/VI		a	i		V7/VI	V		7		VI			Mm7	1	1	-3, 1, -2, -5		-3	-3
159	159	634	634	4.0	1/2	1/2	2/2	6	1	VI\\		a	i		VI	VI						\\	M	1	1	-4, 0, -3		-4	-4
160	160	638	638	2.0	1/2	1/2	2/2	6	1	IV		a	i		IV	IV							M	1	1	-1, 3, 0		-1	-1
161	161	640	640	1.0	0	0	2/2	6	1	V		a	i		V	V							M	1	1	1, 5, 2		1	1
161	161	641	641	1.0	1/4	1/4	2/2	6	1	V7		a	i		V7	V		7					Mm7	1	1	1, 5, 2, -1		1	1
161	161	642	642	2.0	1/2	1/2	2/2	6	1	i		a	i		i	i							m	1	1	0, -3, 1		0	0
162	162	644	644	3.0	0	0	2/2	6	1	V		a	i		V	V							M	1	1	1, 5, 2		1	1
162	162	647	647	1.0	3/4	3/4	2/2	6	1	i		a	i		i	i							m	1	1	0, -3, 1		0	0
163	163	648	648	1.0	0	0	2/2	6	1	V(4)		a	i		V(4)	V			4				M	1	1	1, 0, 2		1	1
163	163	649	649	1.0	1/4	1/4	2/2	6	1	V		a	i		V	V							M	1	1	1, 5, 2		1	1
163	163	650	650	2.0	1/2	1/2	2/2	6	1	I\\		a	i		I	I						\\	M	1	1	0, 4, 1		0	0
164	164	652	652	2.0	0	0	2/2	6	1	iv		a	i		iv	iv							m	1	1	-1, -4, 0		-1	-1
164	164	654	654	1.0	1/2	1/2	2/2	6	1	ivM7		a	i		ivM7	iv	M	7					mM7	1	1	-1, -4, 0, 4		-1	-1
164	164	655	655	1.0	3/4	3/4	2/2	6	1	ii%65		a	i		ii%65	ii	%	65					%7	1	1	-1, -4, 0, 2		2	-1
165	165	656	656	4.0	0	0	2/2	6	1	I\\		a	i		I	I						\\	M	1	1	0, 4, 1		0	0
